period_start,period_end,report_month,country,fnid,unit_name,country,county,sub_county,livelihood_zone_code,livelihood_zone_name,ipc_phase,humanitarian_assistance,unit_type,fewsnet_region,ipc_phase_label
2026-03-01,2026-05-01,2026-03-01,KE,KE2016C312010019,"Central Highlands, High Potential Zone, Buuri, Meru, Kenya",Kenya,Meru,Buuri,KE19,"Central Highlands, High Potential Zone",3,False,fsc_admin_lhz,East Africa,Crisis
2026-03-01,2026-05-01,2026-03-01,KE,KE2016C312020019,"Central Highlands, High Potential Zone, Central Imenti, Meru, Kenya",Kenya,Meru,Central Imenti,KE19,"Central Highlands, High Potential Zone",1,False,fsc_admin_lhz,East Africa,Minimal
2026-03-01,2026-05-01,2026-03-01,KE,KE2016C313010019,"Central Highlands, High Potential Zone, Chuka/Igambang'Ombe, Tharaka Nithi, Kenya",Kenya,Tharaka Nithi,Chuka/Igambang'Ombe,KE19,"Central Highlands, High Potential Zone",1,False,fsc_admin_lhz,East Africa,Minimal
2026-03-01,2026-05-01,2026-03-01,KE,KE2016C347010019,"Central Highlands, High Potential Zone, Dagoretti North, Nairobi, Kenya",Kenya,Nairobi,Dagoretti North,KE19,"Central Highlands, High Potential Zone",1,False,fsc_admin_lhz,East Africa,Minimal
2026-03-01,2026-05-01,2026-03-01,KE,KE2016C347020019,"Central Highlands, High Potential Zone, Dagoretti South, Nairobi, Kenya",Kenya,Nairobi,Dagoretti South,KE19,"Central Highlands, High Potential Zone",1,False,fsc_admin_lhz,East Africa,Minimal
2026-03-01,2026-05-01,2026-03-01,KE,KE2016C347030019,"Central Highlands, High Potential Zone, Embakasi Central, Nairobi, Kenya",Kenya,Nairobi,Embakasi Central,KE19,"Central Highlands, High Potential Zone",1,False,fsc_admin_lhz,East Africa,Minimal
2026-03-01,2026-05-01,2026-03-01,KE,KE2016C347040019,"Central Highlands, High Potential Zone, Embakasi East, Nairobi, Kenya",Kenya,Nairobi,Embakasi East,KE19,"Central Highlands, High Potential Zone",1,False,fsc_admin_lhz,East Africa,Minimal
2026-03-01,2026-05-01,2026-03-01,KE,KE2016C347050019,"Central Highlands, High Potential Zone, Embakasi North, Nairobi, Kenya",Kenya,Nairobi,Embakasi North,KE19,"Central Highlands, High Potential Zone",1,False,fsc_admin_lhz,East Africa,Minimal
2026-03-01,2026-05-01,2026-03-01,KE,KE2016C347060019,"Central Highlands, High Potential Zone, Embakasi South, Nairobi, Kenya",Kenya,Nairobi,Embakasi South,KE19,"Central Highlands, High Potential Zone",1,False,fsc_admin_lhz,East Africa,Minimal
2026-03-01,2026-05-01,2026-03-01,KE,KE2016C347070019,"Central Highlands, High Potential Zone, Embakasi West, Nairobi, Kenya",Kenya,Nairobi,Embakasi West,KE19,"Central Highlands, High Potential Zone",1,False,fsc_admin_lhz,East Africa,Minimal
2026-03-01,2026-05-01,2026-03-01,KE,KE2016C321010019,"Central Highlands, High Potential Zone, Gatanga, Murang'a, Kenya",Kenya,Muranga,Gatanga,KE19,"Central Highlands, High Potential Zone",1,False,fsc_admin_lhz,East Africa,Minimal
2026-03-01,2026-05-01,2026-03-01,KE,KE2016C322010019,"Central Highlands, High Potential Zone, Gatundu North, Kiambu, Kenya",Kenya,Kiambu,Gatundu North,KE19,"Central Highlands, High Potential Zone",1,False,fsc_admin_lhz,East Africa,Minimal
2026-03-01,2026-05-01,2026-03-01,KE,KE2016C322020019,"Central Highlands, High Potential Zone, Gatundu South, Kiambu, Kenya",Kenya,Kiambu,Gatundu South,KE19,"Central Highlands, High Potential Zone",1,False,fsc_admin_lhz,East Africa,Minimal
2026-03-01,2026-05-01,2026-03-01,KE,KE2016C320010019,"Central Highlands, High Potential Zone, Gichugu, Kirinyaga, Kenya",Kenya,Kirinyaga,Gichugu,KE19,"Central Highlands, High Potential Zone",1,False,fsc_admin_lhz,East Africa,Minimal
2026-03-01,2026-05-01,2026-03-01,KE,KE2016C322030019,"Central Highlands, High Potential Zone, Githunguri, Kiambu, Kenya",Kenya,Kiambu,Githunguri,KE19,"Central Highlands, High Potential Zone",1,False,fsc_admin_lhz,East Africa,Minimal
2026-03-01,2026-05-01,2026-03-01,KE,KE2016C322040019,"Central Highlands, High Potential Zone, Juja, Kiambu, Kenya",Kenya,Kiambu,Juja,KE19,"Central Highlands, High Potential Zone",1,False,fsc_admin_lhz,East Africa,Minimal
2026-03-01,2026-05-01,2026-03-01,KE,KE2016C322050019,"Central Highlands, High Potential Zone, Kabete, Kiambu, Kenya",Kenya,Kiambu,Kabete,KE19,"Central Highlands, High Potential Zone",1,False,fsc_admin_lhz,East Africa,Minimal
2026-03-01,2026-05-01,2026-03-01,KE,KE2016C347080019,"Central Highlands, High Potential Zone, Kamukunji, Nairobi, Kenya",Kenya,Nairobi,Kamukunji,KE19,"Central Highlands, High Potential Zone",1,False,fsc_admin_lhz,East Africa,Minimal
2026-03-01,2026-05-01,2026-03-01,KE,KE2016C321020019,"Central Highlands, High Potential Zone, Kandara, Murang'a, Kenya",Kenya,Muranga,Kandara,KE19,"Central Highlands, High Potential Zone",1,False,fsc_admin_lhz,East Africa,Minimal
2026-03-01,2026-05-01,2026-03-01,KE,KE2016C321030019,"Central Highlands, High Potential Zone, Kangema, Murang'a, Kenya",Kenya,Muranga,Kangema,KE19,"Central Highlands, High Potential Zone",1,False,fsc_admin_lhz,East Africa,Minimal
2026-03-01,2026-05-01,2026-03-01,KE,KE2016C347090019,"Central Highlands, High Potential Zone, Kasarani, Nairobi, Kenya",Kenya,Nairobi,Kasarani,KE19,"Central Highlands, High Potential Zone",1,False,fsc_admin_lhz,East Africa,Minimal
2026-03-01,2026-05-01,2026-03-01,KE,KE2016C322060019,"Central Highlands, High Potential Zone, Kiambaa, Kiambu, Kenya",Kenya,Kiambu,Kiambaa,KE19,"Central Highlands, High Potential Zone",1,False,fsc_admin_lhz,East Africa,Minimal
2026-03-01,2026-05-01,2026-03-01,KE,KE2016C322070019,"Central Highlands, High Potential Zone, Kiambu, Kiambu, Kenya",Kenya,Kiambu,Kiambu,KE19,"Central Highlands, High Potential Zone",1,False,fsc_admin_lhz,East Africa,Minimal
2026-03-01,2026-05-01,2026-03-01,KE,KE2016C347100019,"Central Highlands, High Potential Zone, Kibra, Nairobi, Kenya",Kenya,Nairobi,Kibra,KE19,"Central Highlands, High Potential Zone",1,False,fsc_admin_lhz,East Africa,Minimal
2026-03-01,2026-05-01,2026-03-01,KE,KE2016C319010019,"Central Highlands, High Potential Zone, Kieni, Nyeri, Kenya",Kenya,Nyeri,Kieni,KE19,"Central Highlands, High Potential Zone",2,False,fsc_admin_lhz,East Africa,Stressed
2026-03-01,2026-05-01,2026-03-01,KE,KE2016C321040019,"Central Highlands, High Potential Zone, Kigumo, Murang'a, Kenya",Kenya,Muranga,Kigumo,KE19,"Central Highlands, High Potential Zone",1,False,fsc_admin_lhz,East Africa,Minimal
2026-03-01,2026-05-01,2026-03-01,KE,KE2016C321050019,"Central Highlands, High Potential Zone, Kiharu, Murang'a, Kenya",Kenya,Muranga,Kiharu,KE19,"Central Highlands, High Potential Zone",1,False,fsc_admin_lhz,East Africa,Minimal
2026-03-01,2026-05-01,2026-03-01,KE,KE2016C322080019,"Central Highlands, High Potential Zone, Kikuyu, Kiambu, Kenya",Kenya,Kiambu,Kikuyu,KE19,"Central Highlands, High Potential Zone",1,False,fsc_admin_lhz,East Africa,Minimal
2026-03-01,2026-05-01,2026-03-01,KE,KE2016C318010019,"Central Highlands, High Potential Zone, Kinangop, Nyandarua, Kenya",Kenya,Nyandarua,Kinangop,KE19,"Central Highlands, High Potential Zone",1,False,fsc_admin_lhz,East Africa,Minimal
2026-03-01,2026-05-01,2026-03-01,KE,KE2016C318020019,"Central Highlands, High Potential Zone, Kipipiri, Nyandarua, Kenya",Kenya,Nyandarua,Kipipiri,KE19,"Central Highlands, High Potential Zone",1,False,fsc_admin_lhz,East Africa,Minimal
2026-03-01,2026-05-01,2026-03-01,KE,KE2016C320020019,"Central Highlands, High Potential Zone, Kirinyaga Central, Kirinyaga, Kenya",Kenya,Kirinyaga,Kirinyaga Central,KE19,"Central Highlands, High Potential Zone",1,False,fsc_admin_lhz,East Africa,Minimal
2026-03-01,2026-05-01,2026-03-01,KE,KE2016C331010019,"Central Highlands, High Potential Zone, Laikipia East, Laikipia, Kenya",Kenya,Laikipia,Laikipia East,KE19,"Central Highlands, High Potential Zone",2,False,fsc_admin_lhz,East Africa,Stressed
2026-03-01,2026-05-01,2026-03-01,KE,KE2016C331030019,"Central Highlands, High Potential Zone, Laikipia West, Laikipia, Kenya",Kenya,Laikipia,Laikipia West,KE19,"Central Highlands, High Potential Zone",2,False,fsc_admin_lhz,East Africa,Stressed
2026-03-01,2026-05-01,2026-03-01,KE,KE2016C347110019,"Central Highlands, High Potential Zone, Langata, Nairobi, Kenya",Kenya,Nairobi,Langata,KE19,"Central Highlands, High Potential Zone",1,False,fsc_admin_lhz,East Africa,Minimal
2026-03-01,2026-05-01,2026-03-01,KE,KE2016C322090019,"Central Highlands, High Potential Zone, Lari, Kiambu, Kenya",Kenya,Kiambu,Lari,KE19,"Central Highlands, High Potential Zone",1,False,fsc_admin_lhz,East Africa,Minimal
2026-03-01,2026-05-01,2026-03-01,KE,KE2016C322100019,"Central Highlands, High Potential Zone, Limuru, Kiambu, Kenya",Kenya,Kiambu,Limuru,KE19,"Central Highlands, High Potential Zone",1,False,fsc_admin_lhz,East Africa,Minimal
2026-03-01,2026-05-01,2026-03-01,KE,KE2016C313020019,"Central Highlands, High Potential Zone, Maara, Tharaka Nithi, Kenya",Kenya,Tharaka Nithi,Maara,KE19,"Central Highlands, High Potential Zone",1,False,fsc_admin_lhz,East Africa,Minimal
2026-03-01,2026-05-01,2026-03-01,KE,KE2016C347120019,"Central Highlands, High Potential Zone, Makadara, Nairobi, Kenya",Kenya,Nairobi,Makadara,KE19,"Central Highlands, High Potential Zone",1,False,fsc_admin_lhz,East Africa,Minimal
2026-03-01,2026-05-01,2026-03-01,KE,KE2016C314010019,"Central Highlands, High Potential Zone, Manyatta, Embu, Kenya",Kenya,Embu,Manyatta,KE19,"Central Highlands, High Potential Zone",1,False,fsc_admin_lhz,East Africa,Minimal
2026-03-01,2026-05-01,2026-03-01,KE,KE2016C321060019,"Central Highlands, High Potential Zone, Maragwa, Murang'a, Kenya",Kenya,Muranga,Maragwa,KE19,"Central Highlands, High Potential Zone",1,False,fsc_admin_lhz,East Africa,Minimal
2026-03-01,2026-05-01,2026-03-01,KE,KE2016C316040019,"Central Highlands, High Potential Zone, Masinga, Machakos, Kenya",Kenya,Machakos,Masinga,KE19,"Central Highlands, High Potential Zone",1,False,fsc_admin_lhz,East Africa,Minimal
2026-03-01,2026-05-01,2026-03-01,KE,KE2016C347130019,"Central Highlands, High Potential Zone, Mathare, Nairobi, Kenya",Kenya,Nairobi,Mathare,KE19,"Central Highlands, High Potential Zone",1,False,fsc_admin_lhz,East Africa,Minimal
2026-03-01,2026-05-01,2026-03-01,KE,KE2016C321070019,"Central Highlands, High Potential Zone, Mathioya, Murang'a, Kenya",Kenya,Muranga,Mathioya,KE19,"Central Highlands, High Potential Zone",1,False,fsc_admin_lhz,East Africa,Minimal
2026-03-01,2026-05-01,2026-03-01,KE,KE2016C319020019,"Central Highlands, High Potential Zone, Mathira, Nyeri, Kenya",Kenya,Nyeri,Mathira,KE19,"Central Highlands, High Potential Zone",1,False,fsc_admin_lhz,East Africa,Minimal
2026-03-01,2026-05-01,2026-03-01,KE,KE2016C314030019,"Central Highlands, High Potential Zone, Mbeere South, Embu, Kenya",Kenya,Embu,Mbeere South,KE19,"Central Highlands, High Potential Zone",2,False,fsc_admin_lhz,East Africa,Stressed
2026-03-01,2026-05-01,2026-03-01,KE,KE2016C319030019,"Central Highlands, High Potential Zone, Mukurweini, Nyeri, Kenya",Kenya,Nyeri,Mukurweini,KE19,"Central Highlands, High Potential Zone",1,False,fsc_admin_lhz,East Africa,Minimal
2026-03-01,2026-05-01,2026-03-01,KE,KE2016C320030019,"Central Highlands, High Potential Zone, Mwea, Kirinyaga, Kenya",Kenya,Kirinyaga,Mwea,KE19,"Central Highlands, High Potential Zone",1,False,fsc_admin_lhz,East Africa,Minimal
2026-03-01,2026-05-01,2026-03-01,KE,KE2016C318030019,"Central Highlands, High Potential Zone, Ndaragwa, Nyandarua, Kenya",Kenya,Nyandarua,Ndaragwa,KE19,"Central Highlands, High Potential Zone",1,False,fsc_admin_lhz,East Africa,Minimal
2026-03-01,2026-05-01,2026-03-01,KE,KE2016C320040019,"Central Highlands, High Potential Zone, Ndia, Kirinyaga, Kenya",Kenya,Kirinyaga,Ndia,KE19,"Central Highlands, High Potential Zone",1,False,fsc_admin_lhz,East Africa,Minimal
2026-03-01,2026-05-01,2026-03-01,KE,KE2016C312060019,"Central Highlands, High Potential Zone, North Imenti, Meru, Kenya",Kenya,Meru,North Imenti,KE19,"Central Highlands, High Potential Zone",1,False,fsc_admin_lhz,East Africa,Minimal
2026-03-01,2026-05-01,2026-03-01,KE,KE2016C319040019,"Central Highlands, High Potential Zone, Nyeri Town, Nyeri, Kenya",Kenya,Nyeri,Nyeri Town,KE19,"Central Highlands, High Potential Zone",1,False,fsc_admin_lhz,East Africa,Minimal
2026-03-01,2026-05-01,2026-03-01,KE,KE2016C318040019,"Central Highlands, High Potential Zone, Ol Jorok, Nyandarua, Kenya",Kenya,Nyandarua,Ol Jorok,KE19,"Central Highlands, High Potential Zone",1,False,fsc_admin_lhz,East Africa,Minimal
2026-03-01,2026-05-01,2026-03-01,KE,KE2016C318050019,"Central Highlands, High Potential Zone, Ol Kalou, Nyandarua, Kenya",Kenya,Nyandarua,Ol Kalou,KE19,"Central Highlands, High Potential Zone",1,False,fsc_admin_lhz,East Africa,Minimal
2026-03-01,2026-05-01,2026-03-01,KE,KE2016C319050019,"Central Highlands, High Potential Zone, Othaya, Nyeri, Kenya",Kenya,Nyeri,Othaya,KE19,"Central Highlands, High Potential Zone",1,False,fsc_admin_lhz,East Africa,Minimal
2026-03-01,2026-05-01,2026-03-01,KE,KE2016C347140019,"Central Highlands, High Potential Zone, Roysambu, Nairobi, Kenya",Kenya,Nairobi,Roysambu,KE19,"Central Highlands, High Potential Zone",1,False,fsc_admin_lhz,East Africa,Minimal
2026-03-01,2026-05-01,2026-03-01,KE,KE2016C347150019,"Central Highlands, High Potential Zone, Ruaraka, Nairobi, Kenya",Kenya,Nairobi,Ruaraka,KE19,"Central Highlands, High Potential Zone",1,False,fsc_admin_lhz,East Africa,Minimal
2026-03-01,2026-05-01,2026-03-01,KE,KE2016C322110019,"Central Highlands, High Potential Zone, Ruiru, Kiambu, Kenya",Kenya,Kiambu,Ruiru,KE19,"Central Highlands, High Potential Zone",1,False,fsc_admin_lhz,East Africa,Minimal
2026-03-01,2026-05-01,2026-03-01,KE,KE2016C314040019,"Central Highlands, High Potential Zone, Runyenjes, Embu, Kenya",Kenya,Embu,Runyenjes,KE19,"Central Highlands, High Potential Zone",1,False,fsc_admin_lhz,East Africa,Minimal
2026-03-01,2026-05-01,2026-03-01,KE,KE2016C312070019,"Central Highlands, High Potential Zone, South Imenti, Meru, Kenya",Kenya,Meru,South Imenti,KE19,"Central Highlands, High Potential Zone",1,False,fsc_admin_lhz,East Africa,Minimal
2026-03-01,2026-05-01,2026-03-01,KE,KE2016C347160019,"Central Highlands, High Potential Zone, Starehe, Nairobi, Kenya",Kenya,Nairobi,Starehe,KE19,"Central Highlands, High Potential Zone",1,False,fsc_admin_lhz,East Africa,Minimal
2026-03-01,2026-05-01,2026-03-01,KE,KE2016C319060019,"Central Highlands, High Potential Zone, Tetu, Nyeri, Kenya",Kenya,Nyeri,Tetu,KE19,"Central Highlands, High Potential Zone",1,False,fsc_admin_lhz,East Africa,Minimal
2026-03-01,2026-05-01,2026-03-01,KE,KE2016C322120019,"Central Highlands, High Potential Zone, Thika Town, Kiambu, Kenya",Kenya,Kiambu,Thika Town,KE19,"Central Highlands, High Potential Zone",1,False,fsc_admin_lhz,East Africa,Minimal
2026-03-01,2026-05-01,2026-03-01,KE,KE2016C312080019,"Central Highlands, High Potential Zone, Tigania East, Meru, Kenya",Kenya,Meru,Tigania East,KE19,"Central Highlands, High Potential Zone",3,False,fsc_admin_lhz,East Africa,Crisis
2026-03-01,2026-05-01,2026-03-01,KE,KE2016C312090019,"Central Highlands, High Potential Zone, Tigania West, Meru, Kenya",Kenya,Meru,Tigania West,KE19,"Central Highlands, High Potential Zone",3,False,fsc_admin_lhz,East Africa,Crisis
2026-03-01,2026-05-01,2026-03-01,KE,KE2016C347170019,"Central Highlands, High Potential Zone, Westlands, Nairobi, Kenya",Kenya,Nairobi,Westlands,KE19,"Central Highlands, High Potential Zone",1,False,fsc_admin_lhz,East Africa,Minimal
2026-03-01,2026-05-01,2026-03-01,KE,KE2016C305010113,"Coastal Marginal Agricultural Mixed Farming Zone, Basuba, Lamu East, Lamu, Kenya",Kenya,Lamu,Lamu East,KE13,Coastal Marginal Agricultural Mixed Farming Zone,3,False,fsc_admin_lhz,East Africa,Crisis
2026-03-01,2026-05-01,2026-03-01,KE,KE2016C303010013,"Coastal Marginal Agricultural Mixed Farming Zone, Ganze, Kilifi, Kenya",Kenya,Kilifi,Ganze,KE13,Coastal Marginal Agricultural Mixed Farming Zone,2,False,fsc_admin_lhz,East Africa,Stressed
2026-03-01,2026-05-01,2026-03-01,KE,KE2016C304030313,"Coastal Marginal Agricultural Mixed Farming Zone, Garsen South, Garsen, Tana River, Kenya",Kenya,Tana River,Garsen,KE13,Coastal Marginal Agricultural Mixed Farming Zone,3,False,fsc_admin_lhz,East Africa,Crisis
2026-03-01,2026-05-01,2026-03-01,KE,KE2016C304030413,"Coastal Marginal Agricultural Mixed Farming Zone, Garsen West, Garsen, Tana River, Kenya",Kenya,Tana River,Garsen,KE13,Coastal Marginal Agricultural Mixed Farming Zone,3,False,fsc_admin_lhz,East Africa,Crisis
2026-03-01,2026-05-01,2026-03-01,KE,KE2016C305020113,"Coastal Marginal Agricultural Mixed Farming Zone, Hindi, Lamu West, Lamu, Kenya",Kenya,Lamu,Lamu West,KE13,Coastal Marginal Agricultural Mixed Farming Zone,3,False,fsc_admin_lhz,East Africa,Crisis
2026-03-01,2026-05-01,2026-03-01,KE,KE2016C334040013,"Coastal Marginal Agricultural Mixed Farming Zone, Kajiado South, Kajiado, Kenya",Kenya,Kajiado,Kajiado South,KE13,Coastal Marginal Agricultural Mixed Farming Zone,2,False,fsc_admin_lhz,East Africa,Stressed
2026-03-01,2026-05-01,2026-03-01,KE,KE2016C303020013,"Coastal Marginal Agricultural Mixed Farming Zone, Kaloleni, Kilifi, Kenya",Kenya,Kilifi,Kaloleni,KE13,Coastal Marginal Agricultural Mixed Farming Zone,2,False,fsc_admin_lhz,East Africa,Stressed
2026-03-01,2026-05-01,2026-03-01,KE,KE2016C317020013,"Coastal Marginal Agricultural Mixed Farming Zone, Kibwezi East, Makueni, Kenya",Kenya,Makueni,Kibwezi East,KE13,Coastal Marginal Agricultural Mixed Farming Zone,3,False,fsc_admin_lhz,East Africa,Crisis
2026-03-01,2026-05-01,2026-03-01,KE,KE2016C303030013,"Coastal Marginal Agricultural Mixed Farming Zone, Kilifi North, Kilifi, Kenya",Kenya,Kilifi,Kilifi North,KE13,Coastal Marginal Agricultural Mixed Farming Zone,2,False,fsc_admin_lhz,East Africa,Stressed
2026-03-01,2026-05-01,2026-03-01,KE,KE2016C303040013,"Coastal Marginal Agricultural Mixed Farming Zone, Kilifi South, Kilifi, Kenya",Kenya,Kilifi,Kilifi South,KE13,Coastal Marginal Agricultural Mixed Farming Zone,2,False,fsc_admin_lhz,East Africa,Stressed
2026-03-01,2026-05-01,2026-03-01,KE,KE2016C302010013,"Coastal Marginal Agricultural Mixed Farming Zone, Kinango, Kwale, Kenya",Kenya,Kwale,Kinango,KE13,Coastal Marginal Agricultural Mixed Farming Zone,2,False,fsc_admin_lhz,East Africa,Stressed
2026-03-01,2026-05-01,2026-03-01,KE,KE2016C304030613,"Coastal Marginal Agricultural Mixed Farming Zone, Kipini West, Garsen, Tana River, Kenya",Kenya,Tana River,Garsen,KE13,Coastal Marginal Agricultural Mixed Farming Zone,3,False,fsc_admin_lhz,East Africa,Crisis
2026-03-01,2026-05-01,2026-03-01,KE,KE2016C315040013,"Coastal Marginal Agricultural Mixed Farming Zone, Kitui South, Kitui, Kenya",Kenya,Kitui,Kitui South,KE13,Coastal Marginal Agricultural Mixed Farming Zone,3,False,fsc_admin_lhz,East Africa,Crisis
2026-03-01,2026-05-01,2026-03-01,KE,KE2016C302020013,"Coastal Marginal Agricultural Mixed Farming Zone, Lunga Lunga, Kwale, Kenya",Kenya,Kwale,Lunga Lunga,KE13,Coastal Marginal Agricultural Mixed Farming Zone,2,False,fsc_admin_lhz,East Africa,Stressed
2026-03-01,2026-05-01,2026-03-01,KE,KE2016C303050013,"Coastal Marginal Agricultural Mixed Farming Zone, Magarini, Kilifi, Kenya",Kenya,Kilifi,Magarini,KE13,Coastal Marginal Agricultural Mixed Farming Zone,2,False,fsc_admin_lhz,East Africa,Stressed
2026-03-01,2026-05-01,2026-03-01,KE,KE2016C303060013,"Coastal Marginal Agricultural Mixed Farming Zone, Malindi, Kilifi, Kenya",Kenya,Kilifi,Malindi,KE13,Coastal Marginal Agricultural Mixed Farming Zone,2,False,fsc_admin_lhz,East Africa,Stressed
2026-03-01,2026-05-01,2026-03-01,KE,KE2016C302030013,"Coastal Marginal Agricultural Mixed Farming Zone, Matuga, Kwale, Kenya",Kenya,Kwale,Matuga,KE13,Coastal Marginal Agricultural Mixed Farming Zone,2,False,fsc_admin_lhz,East Africa,Stressed
2026-03-01,2026-05-01,2026-03-01,KE,KE2016C302040013,"Coastal Marginal Agricultural Mixed Farming Zone, Msambweni, Kwale, Kenya",Kenya,Kwale,Msambweni,KE13,Coastal Marginal Agricultural Mixed Farming Zone,2,False,fsc_admin_lhz,East Africa,Stressed
2026-03-01,2026-05-01,2026-03-01,KE,KE2016C306010013,"Coastal Marginal Agricultural Mixed Farming Zone, Mwatate, Taita Taveta, Kenya",Kenya,Taita Taveta,Mwatate,KE13,Coastal Marginal Agricultural Mixed Farming Zone,2,False,fsc_admin_lhz,East Africa,Stressed
2026-03-01,2026-05-01,2026-03-01,KE,KE2016C303070013,"Coastal Marginal Agricultural Mixed Farming Zone, Rabai, Kilifi, Kenya",Kenya,Kilifi,Rabai,KE13,Coastal Marginal Agricultural Mixed Farming Zone,2,False,fsc_admin_lhz,East Africa,Stressed
2026-03-01,2026-05-01,2026-03-01,KE,KE2016C306020013,"Coastal Marginal Agricultural Mixed Farming Zone, Taveta, Taita Taveta, Kenya",Kenya,Taita Taveta,Taveta,KE13,Coastal Marginal Agricultural Mixed Farming Zone,2,False,fsc_admin_lhz,East Africa,Stressed
2026-03-01,2026-05-01,2026-03-01,KE,KE2016C306030013,"Coastal Marginal Agricultural Mixed Farming Zone, Voi, Taita Taveta, Kenya",Kenya,Taita Taveta,Voi,KE13,Coastal Marginal Agricultural Mixed Farming Zone,2,False,fsc_admin_lhz,East Africa,Stressed
2026-03-01,2026-05-01,2026-03-01,KE,KE2016C306040013,"Coastal Marginal Agricultural Mixed Farming Zone, Wundanyi, Taita Taveta, Kenya",Kenya,Taita Taveta,Wundanyi,KE13,Coastal Marginal Agricultural Mixed Farming Zone,2,False,fsc_admin_lhz,East Africa,Stressed
2026-03-01,2026-05-01,2026-03-01,KE,KE2016C305010112,"Coastal Medium Potential Farming Zone, Basuba, Lamu East, Lamu, Kenya",Kenya,Lamu,Lamu East,KE12,Coastal Medium Potential Farming Zone,3,False,fsc_admin_lhz,East Africa,Crisis
2026-03-01,2026-05-01,2026-03-01,KE,KE2016C301010012,"Coastal Medium Potential Farming Zone, Changamwe, Mombasa, Kenya",Kenya,Mombasa,Changamwe,KE12,Coastal Medium Potential Farming Zone,1,False,fsc_admin_lhz,East Africa,Minimal
2026-03-01,2026-05-01,2026-03-01,KE,KE2016C305020112,"Coastal Medium Potential Farming Zone, Hindi, Lamu West, Lamu, Kenya",Kenya,Lamu,Lamu West,KE12,Coastal Medium Potential Farming Zone,3,False,fsc_admin_lhz,East Africa,Crisis
2026-03-01,2026-05-01,2026-03-01,KE,KE2016C305010212,"Coastal Medium Potential Farming Zone, Hulugho, Lamu East, Lamu, Kenya",Kenya,Lamu,Lamu East,KE12,Coastal Medium Potential Farming Zone,3,False,fsc_admin_lhz,East Africa,Crisis
2026-03-01,2026-05-01,2026-03-01,KE,KE2016C301020012,"Coastal Medium Potential Farming Zone, Jomvu, Mombasa, Kenya",Kenya,Mombasa,Jomvu,KE12,Coastal Medium Potential Farming Zone,1,False,fsc_admin_lhz,East Africa,Minimal
2026-03-01,2026-05-01,2026-03-01,KE,KE2016C303030012,"Coastal Medium Potential Farming Zone, Kilifi North, Kilifi, Kenya",Kenya,Kilifi,Kilifi North,KE12,Coastal Medium Potential Farming Zone,2,False,fsc_admin_lhz,East Africa,Stressed
2026-03-01,2026-05-01,2026-03-01,KE,KE2016C303040012,"Coastal Medium Potential Farming Zone, Kilifi South, Kilifi, Kenya",Kenya,Kilifi,Kilifi South,KE12,Coastal Medium Potential Farming Zone,2,False,fsc_admin_lhz,East Africa,Stressed
2026-03-01,2026-05-01,2026-03-01,KE,KE2016C302010012,"Coastal Medium Potential Farming Zone, Kinango, Kwale, Kenya",Kenya,Kwale,Kinango,KE12,Coastal Medium Potential Farming Zone,2,False,fsc_admin_lhz,East Africa,Stressed
2026-03-01,2026-05-01,2026-03-01,KE,KE2016C304030512,"Coastal Medium Potential Farming Zone, Kipini East, Garsen, Tana River, Kenya",Kenya,Tana River,Garsen,KE12,Coastal Medium Potential Farming Zone,3,False,fsc_admin_lhz,East Africa,Crisis
2026-03-01,2026-05-01,2026-03-01,KE,KE2016C304030612,"Coastal Medium Potential Farming Zone, Kipini West, Garsen, Tana River, Kenya",Kenya,Tana River,Garsen,KE12,Coastal Medium Potential Farming Zone,3,False,fsc_admin_lhz,East Africa,Crisis
2026-03-01,2026-05-01,2026-03-01,KE,KE2016C301030012,"Coastal Medium Potential Farming Zone, Kisauni, Mombasa, Kenya",Kenya,Mombasa,Kisauni,KE12,Coastal Medium Potential Farming Zone,1,False,fsc_admin_lhz,East Africa,Minimal
2026-03-01,2026-05-01,2026-03-01,KE,KE2016C305010312,"Coastal Medium Potential Farming Zone, Kiunga, Lamu East, Lamu, Kenya",Kenya,Lamu,Lamu East,KE12,Coastal Medium Potential Farming Zone,3,False,fsc_admin_lhz,East Africa,Crisis
2026-03-01,2026-05-01,2026-03-01,KE,KE2016C301040012,"Coastal Medium Potential Farming Zone, Likoni, Mombasa, Kenya",Kenya,Mombasa,Likoni,KE12,Coastal Medium Potential Farming Zone,1,False,fsc_admin_lhz,East Africa,Minimal
2026-03-01,2026-05-01,2026-03-01,KE,KE2016C302020012,"Coastal Medium Potential Farming Zone, Lunga Lunga, Kwale, Kenya",Kenya,Kwale,Lunga Lunga,KE12,Coastal Medium Potential Farming Zone,2,False,fsc_admin_lhz,East Africa,Stressed
2026-03-01,2026-05-01,2026-03-01,KE,KE2016C303050012,"Coastal Medium Potential Farming Zone, Magarini, Kilifi, Kenya",Kenya,Kilifi,Magarini,KE12,Coastal Medium Potential Farming Zone,2,False,fsc_admin_lhz,East Africa,Stressed
2026-03-01,2026-05-01,2026-03-01,KE,KE2016C303060012,"Coastal Medium Potential Farming Zone, Malindi, Kilifi, Kenya",Kenya,Kilifi,Malindi,KE12,Coastal Medium Potential Farming Zone,2,False,fsc_admin_lhz,East Africa,Stressed
2026-03-01,2026-05-01,2026-03-01,KE,KE2016C302030012,"Coastal Medium Potential Farming Zone, Matuga, Kwale, Kenya",Kenya,Kwale,Matuga,KE12,Coastal Medium Potential Farming Zone,2,False,fsc_admin_lhz,East Africa,Stressed
2026-03-01,2026-05-01,2026-03-01,KE,KE2016C305020212,"Coastal Medium Potential Farming Zone, Mkunumbi, Lamu West, Lamu, Kenya",Kenya,Lamu,Lamu West,KE12,Coastal Medium Potential Farming Zone,3,False,fsc_admin_lhz,East Africa,Crisis
2026-03-01,2026-05-01,2026-03-01,KE,KE2016C302040012,"Coastal Medium Potential Farming Zone, Msambweni, Kwale, Kenya",Kenya,Kwale,Msambweni,KE12,Coastal Medium Potential Farming Zone,2,False,fsc_admin_lhz,East Africa,Stressed
2026-03-01,2026-05-01,2026-03-01,KE,KE2016C301050012,"Coastal Medium Potential Farming Zone, Mvita, Mombasa, Kenya",Kenya,Mombasa,Mvita,KE12,Coastal Medium Potential Farming Zone,1,False,fsc_admin_lhz,East Africa,Minimal
2026-03-01,2026-05-01,2026-03-01,KE,KE2016C301060012,"Coastal Medium Potential Farming Zone, Nyali, Mombasa, Kenya",Kenya,Mombasa,Nyali,KE12,Coastal Medium Potential Farming Zone,1,False,fsc_admin_lhz,East Africa,Minimal
2026-03-01,2026-05-01,2026-03-01,KE,KE2016C303070012,"Coastal Medium Potential Farming Zone, Rabai, Kilifi, Kenya",Kenya,Kilifi,Rabai,KE12,Coastal Medium Potential Farming Zone,2,False,fsc_admin_lhz,East Africa,Stressed
2026-03-01,2026-05-01,2026-03-01,KE,KE2016C305020312,"Coastal Medium Potential Farming Zone, Witu, Lamu West, Lamu, Kenya",Kenya,Lamu,Lamu West,KE12,Coastal Medium Potential Farming Zone,3,False,fsc_admin_lhz,East Africa,Crisis
2026-03-01,2026-05-01,2026-03-01,KE,KE2016C307020110,"Eastern Pastoral Zone, Abakaile, Dadaab, Garissa, Kenya",Kenya,Garissa,Dadaab,KE10,Eastern Pastoral Zone,3,False,fsc_admin_lhz,East Africa,Crisis
2026-03-01,2026-05-01,2026-03-01,KE,KE2016C307010110,"Eastern Pastoral Zone, Balambala, Balambala, Garissa, Kenya",Kenya,Garissa,Balambala,KE10,Eastern Pastoral Zone,3,False,fsc_admin_lhz,East Africa,Crisis
2026-03-01,2026-05-01,2026-03-01,KE,KE2016C307040110,"Eastern Pastoral Zone, Balambala, Garissa Township, Garissa, Kenya",Kenya,Garissa,Garissa Township,KE10,Eastern Pastoral Zone,3,False,fsc_admin_lhz,East Africa,Crisis
2026-03-01,2026-05-01,2026-03-01,KE,KE2016C307060110,"Eastern Pastoral Zone, Baraki, Lagdera, Garissa, Kenya",Kenya,Garissa,Lagdera,KE10,Eastern Pastoral Zone,3,False,fsc_admin_lhz,East Africa,Crisis
2026-03-01,2026-05-01,2026-03-01,KE,KE2016C307060210,"Eastern Pastoral Zone, Benane(Garissa), Lagdera, Garissa, Kenya",Kenya,Garissa,Lagdera,KE10,Eastern Pastoral Zone,3,False,fsc_admin_lhz,East Africa,Crisis
2026-03-01,2026-05-01,2026-03-01,KE,KE2016C308050110,"Eastern Pastoral Zone, Benane(Wajir), Wajir South, Wajir, Kenya",Kenya,Wajir,Wajir South,KE10,Eastern Pastoral Zone,3,False,fsc_admin_lhz,East Africa,Crisis
2026-03-01,2026-05-01,2026-03-01,KE,KE2016C304010110,"Eastern Pastoral Zone, Bungale, Bura, Tana River, Kenya",Kenya,Tana River,Bura,KE10,Eastern Pastoral Zone,3,False,fsc_admin_lhz,East Africa,Crisis
2026-03-01,2026-05-01,2026-03-01,KE,KE2016C308050210,"Eastern Pastoral Zone, Burder, Wajir South, Wajir, Kenya",Kenya,Wajir,Wajir South,KE10,Eastern Pastoral Zone,3,False,fsc_admin_lhz,East Africa,Crisis
2026-03-01,2026-05-01,2026-03-01,KE,KE2016C307020210,"Eastern Pastoral Zone, Dadaabu, Dadaab, Garissa, Kenya",Kenya,Garissa,Dadaab,KE10,Eastern Pastoral Zone,3,False,fsc_admin_lhz,East Africa,Crisis
2026-03-01,2026-05-01,2026-03-01,KE,KE2016C308050310,"Eastern Pastoral Zone, Dadaja Bulla, Wajir South, Wajir, Kenya",Kenya,Wajir,Wajir South,KE10,Eastern Pastoral Zone,3,False,fsc_admin_lhz,East Africa,Crisis
2026-03-01,2026-05-01,2026-03-01,KE,KE2016C307020310,"Eastern Pastoral Zone, Damajale, Dadaab, Garissa, Kenya",Kenya,Garissa,Dadaab,KE10,Eastern Pastoral Zone,3,False,fsc_admin_lhz,East Africa,Crisis
2026-03-01,2026-05-01,2026-03-01,KE,KE2016C307010210,"Eastern Pastoral Zone, Danyere, Balambala, Garissa, Kenya",Kenya,Garissa,Balambala,KE10,Eastern Pastoral Zone,3,False,fsc_admin_lhz,East Africa,Crisis
2026-03-01,2026-05-01,2026-03-01,KE,KE2016C307020410,"Eastern Pastoral Zone, Dertu, Dadaab, Garissa, Kenya",Kenya,Garissa,Dadaab,KE10,Eastern Pastoral Zone,3,False,fsc_admin_lhz,East Africa,Crisis
2026-03-01,2026-05-01,2026-03-01,KE,KE2016C308050410,"Eastern Pastoral Zone, Diff, Wajir South, Wajir, Kenya",Kenya,Wajir,Wajir South,KE10,Eastern Pastoral Zone,3,False,fsc_admin_lhz,East Africa,Crisis
2026-03-01,2026-05-01,2026-03-01,KE,KE2016C307030310,"Eastern Pastoral Zone, Fafi, Fafi, Garissa, Kenya",Kenya,Garissa,Fafi,KE10,Eastern Pastoral Zone,3,False,fsc_admin_lhz,East Africa,Crisis
2026-03-01,2026-05-01,2026-03-01,KE,KE2016C307040210,"Eastern Pastoral Zone, Galbet, Garissa Township, Garissa, Kenya",Kenya,Garissa,Garissa Township,KE10,Eastern Pastoral Zone,3,False,fsc_admin_lhz,East Africa,Crisis
2026-03-01,2026-05-01,2026-03-01,KE,KE2016C311020110,"Eastern Pastoral Zone, Garba Tulla, Isiolo South, Isiolo, Kenya",Kenya,Isiolo,Isiolo South,KE10,Eastern Pastoral Zone,3,False,fsc_admin_lhz,East Africa,Crisis
2026-03-01,2026-05-01,2026-03-01,KE,KE2016C307060310,"Eastern Pastoral Zone, Goreale, Lagdera, Garissa, Kenya",Kenya,Garissa,Lagdera,KE10,Eastern Pastoral Zone,3,False,fsc_admin_lhz,East Africa,Crisis
2026-03-01,2026-05-01,2026-03-01,KE,KE2016C308050510,"Eastern Pastoral Zone, Habasswein, Wajir South, Wajir, Kenya",Kenya,Wajir,Wajir South,KE10,Eastern Pastoral Zone,3,False,fsc_admin_lhz,East Africa,Crisis
2026-03-01,2026-05-01,2026-03-01,KE,KE2016C308050610,"Eastern Pastoral Zone, Ibrahim Ure, Wajir South, Wajir, Kenya",Kenya,Wajir,Wajir South,KE10,Eastern Pastoral Zone,3,False,fsc_admin_lhz,East Africa,Crisis
2026-03-01,2026-05-01,2026-03-01,KE,KE2016C307040310,"Eastern Pastoral Zone, Iftin, Garissa Township, Garissa, Kenya",Kenya,Garissa,Garissa Township,KE10,Eastern Pastoral Zone,3,False,fsc_admin_lhz,East Africa,Crisis
2026-03-01,2026-05-01,2026-03-01,KE,KE2016C307010310,"Eastern Pastoral Zone, Jara Jara, Balambala, Garissa, Kenya",Kenya,Garissa,Balambala,KE10,Eastern Pastoral Zone,3,False,fsc_admin_lhz,East Africa,Crisis
2026-03-01,2026-05-01,2026-03-01,KE,KE2016C307030410,"Eastern Pastoral Zone, Jar Jila, Fafi, Garissa, Kenya",Kenya,Garissa,Fafi,KE10,Eastern Pastoral Zone,3,False,fsc_admin_lhz,East Africa,Crisis
2026-03-01,2026-05-01,2026-03-01,KE,KE2016C308030210,"Eastern Pastoral Zone, Khorof-Harar, Wajir East, Wajir, Kenya",Kenya,Wajir,Wajir East,KE10,Eastern Pastoral Zone,3,False,fsc_admin_lhz,East Africa,Crisis
2026-03-01,2026-05-01,2026-03-01,KE,KE2016C311020210,"Eastern Pastoral Zone, Kinna, Isiolo South, Isiolo, Kenya",Kenya,Isiolo,Isiolo South,KE10,Eastern Pastoral Zone,3,False,fsc_admin_lhz,East Africa,Crisis
2026-03-01,2026-05-01,2026-03-01,KE,KE2016C307020510,"Eastern Pastoral Zone, Labisgale, Dadaab, Garissa, Kenya",Kenya,Garissa,Dadaab,KE10,Eastern Pastoral Zone,3,False,fsc_admin_lhz,East Africa,Crisis
2026-03-01,2026-05-01,2026-03-01,KE,KE2016C308050710,"Eastern Pastoral Zone, Lagboghol South, Wajir South, Wajir, Kenya",Kenya,Wajir,Wajir South,KE10,Eastern Pastoral Zone,3,False,fsc_admin_lhz,East Africa,Crisis
2026-03-01,2026-05-01,2026-03-01,KE,KE2016C307020610,"Eastern Pastoral Zone, Liboi, Dadaab, Garissa, Kenya",Kenya,Garissa,Dadaab,KE10,Eastern Pastoral Zone,3,False,fsc_admin_lhz,East Africa,Crisis
2026-03-01,2026-05-01,2026-03-01,KE,KE2016C307060410,"Eastern Pastoral Zone, Maalamini, Lagdera, Garissa, Kenya",Kenya,Garissa,Lagdera,KE10,Eastern Pastoral Zone,3,False,fsc_admin_lhz,East Africa,Crisis
2026-03-01,2026-05-01,2026-03-01,KE,KE2016C307060510,"Eastern Pastoral Zone, Modogashe, Lagdera, Garissa, Kenya",Kenya,Garissa,Lagdera,KE10,Eastern Pastoral Zone,3,False,fsc_admin_lhz,East Africa,Crisis
2026-03-01,2026-05-01,2026-03-01,KE,KE2016C307030510,"Eastern Pastoral Zone, Nanigh, Fafi, Garissa, Kenya",Kenya,Garissa,Fafi,KE10,Eastern Pastoral Zone,3,False,fsc_admin_lhz,East Africa,Crisis
2026-03-01,2026-05-01,2026-03-01,KE,KE2016C307060610,"Eastern Pastoral Zone, Sabena, Lagdera, Garissa, Kenya",Kenya,Garissa,Lagdera,KE10,Eastern Pastoral Zone,3,False,fsc_admin_lhz,East Africa,Crisis
2026-03-01,2026-05-01,2026-03-01,KE,KE2016C307010410,"Eastern Pastoral Zone, Saka, Balambala, Garissa, Kenya",Kenya,Garissa,Balambala,KE10,Eastern Pastoral Zone,3,False,fsc_admin_lhz,East Africa,Crisis
2026-03-01,2026-05-01,2026-03-01,KE,KE2016C304010510,"Eastern Pastoral Zone, Sala, Bura, Tana River, Kenya",Kenya,Tana River,Bura,KE10,Eastern Pastoral Zone,3,False,fsc_admin_lhz,East Africa,Crisis
2026-03-01,2026-05-01,2026-03-01,KE,KE2016C307010510,"Eastern Pastoral Zone, Sankuri, Balambala, Garissa, Kenya",Kenya,Garissa,Balambala,KE10,Eastern Pastoral Zone,3,False,fsc_admin_lhz,East Africa,Crisis
2026-03-01,2026-05-01,2026-03-01,KE,KE2016C307040410,"Eastern Pastoral Zone, Sankuri, Garissa Township, Garissa, Kenya",Kenya,Garissa,Garissa Township,KE10,Eastern Pastoral Zone,3,False,fsc_admin_lhz,East Africa,Crisis
2026-03-01,2026-05-01,2026-03-01,KE,KE2016C311020310,"Eastern Pastoral Zone, Sericho, Isiolo South, Isiolo, Kenya",Kenya,Isiolo,Isiolo South,KE10,Eastern Pastoral Zone,3,False,fsc_admin_lhz,East Africa,Crisis
2026-03-01,2026-05-01,2026-03-01,KE,KE2016C307040510,"Eastern Pastoral Zone, Waberi, Garissa Township, Garissa, Kenya",Kenya,Garissa,Garissa Township,KE10,Eastern Pastoral Zone,3,False,fsc_admin_lhz,East Africa,Crisis
2026-03-01,2026-05-01,2026-03-01,KE,KE2016C310030204,"Lake Turkana Fishing, Illeret, North Horr, Marsabit, Kenya",Kenya,Marsabit,North Horr,KE04,Lake Turkana Fishing,3,False,fsc_admin_lhz,East Africa,Crisis
2026-03-01,2026-05-01,2026-03-01,KE,KE2016C323020104,"Lake Turkana Fishing, Kalokol, Turkana Central, Turkana, Kenya",Kenya,Turkana,Turkana Central,KE04,Lake Turkana Fishing,3,False,fsc_admin_lhz,East Africa,Crisis
2026-03-01,2026-05-01,2026-03-01,KE,KE2016C323020304,"Lake Turkana Fishing, Kang'Atotha, Turkana Central, Turkana, Kenya",Kenya,Turkana,Turkana Central,KE04,Lake Turkana Fishing,3,False,fsc_admin_lhz,East Africa,Crisis
2026-03-01,2026-05-01,2026-03-01,KE,KE2016C323030204,"Lake Turkana Fishing, Katilia, Turkana East, Turkana, Kenya",Kenya,Turkana,Turkana East,KE04,Lake Turkana Fishing,3,False,fsc_admin_lhz,East Africa,Crisis
2026-03-01,2026-05-01,2026-03-01,KE,KE2016C323020404,"Lake Turkana Fishing, Kerio Delta, Turkana Central, Turkana, Kenya",Kenya,Turkana,Turkana Central,KE04,Lake Turkana Fishing,3,False,fsc_admin_lhz,East Africa,Crisis
2026-03-01,2026-05-01,2026-03-01,KE,KE2016C323040404,"Lake Turkana Fishing, Lakezone, Turkana North, Turkana, Kenya",Kenya,Turkana,Turkana North,KE04,Lake Turkana Fishing,3,False,fsc_admin_lhz,East Africa,Crisis
2026-03-01,2026-05-01,2026-03-01,KE,KE2016C323040504,"Lake Turkana Fishing, Lapur, Turkana North, Turkana, Kenya",Kenya,Turkana,Turkana North,KE04,Lake Turkana Fishing,3,False,fsc_admin_lhz,East Africa,Crisis
2026-03-01,2026-05-01,2026-03-01,KE,KE2016C310010504,"Lake Turkana Fishing, Loiyangalani, Laisamis, Marsabit, Kenya",Kenya,Marsabit,Laisamis,KE04,Lake Turkana Fishing,3,False,fsc_admin_lhz,East Africa,Crisis
2026-03-01,2026-05-01,2026-03-01,KE,KE2016C310030404,"Lake Turkana Fishing, North Horr, North Horr, Marsabit, Kenya",Kenya,Marsabit,North Horr,KE04,Lake Turkana Fishing,3,False,fsc_admin_lhz,East Africa,Crisis
2026-03-01,2026-05-01,2026-03-01,KE,KE2016C325020604,"Lake Turkana Fishing, Nyiro, Samburu North, Samburu, Kenya",Kenya,Samburu,Samburu North,KE04,Lake Turkana Fishing,3,False,fsc_admin_lhz,East Africa,Crisis
2026-03-01,2026-05-01,2026-03-01,KE,KE2016C341020023,"Lake Victoria Fishing Zone, Bondo, Siaya, Kenya",Kenya,Siaya,Bondo,KE23,Lake Victoria Fishing Zone,1,False,fsc_admin_lhz,East Africa,Minimal
2026-03-01,2026-05-01,2026-03-01,KE,KE2016C340010023,"Lake Victoria Fishing Zone, Budalangi, Busia, Kenya",Kenya,Busia,Budalangi,KE23,Lake Victoria Fishing Zone,1,False,fsc_admin_lhz,East Africa,Minimal
2026-03-01,2026-05-01,2026-03-01,KE,KE2016C340030023,"Lake Victoria Fishing Zone, Funyula, Busia, Kenya",Kenya,Busia,Funyula,KE23,Lake Victoria Fishing Zone,1,False,fsc_admin_lhz,East Africa,Minimal
2026-03-01,2026-05-01,2026-03-01,KE,KE2016C343010023,"Lake Victoria Fishing Zone, Homa Bay Town, Homa Bay, Kenya",Kenya,Homa Bay,Homa Bay Town,KE23,Lake Victoria Fishing Zone,1,False,fsc_admin_lhz,East Africa,Minimal
2026-03-01,2026-05-01,2026-03-01,KE,KE2016C343030023,"Lake Victoria Fishing Zone, Karachuonyo, Homa Bay, Kenya",Kenya,Homa Bay,Karachuonyo,KE23,Lake Victoria Fishing Zone,1,False,fsc_admin_lhz,East Africa,Minimal
2026-03-01,2026-05-01,2026-03-01,KE,KE2016C342010023,"Lake Victoria Fishing Zone, Kisumu Central, Kisumu, Kenya",Kenya,Kisumu,Kisumu Central,KE23,Lake Victoria Fishing Zone,1,False,fsc_admin_lhz,East Africa,Minimal
2026-03-01,2026-05-01,2026-03-01,KE,KE2016C342020023,"Lake Victoria Fishing Zone, Kisumu East, Kisumu, Kenya",Kenya,Kisumu,Kisumu East,KE23,Lake Victoria Fishing Zone,1,False,fsc_admin_lhz,East Africa,Minimal
2026-03-01,2026-05-01,2026-03-01,KE,KE2016C342030023,"Lake Victoria Fishing Zone, Kisumu West, Kisumu, Kenya",Kenya,Kisumu,Kisumu West,KE23,Lake Victoria Fishing Zone,1,False,fsc_admin_lhz,East Africa,Minimal
2026-03-01,2026-05-01,2026-03-01,KE,KE2016C343050023,"Lake Victoria Fishing Zone, Mbita, Homa Bay, Kenya",Kenya,Homa Bay,Mbita,KE23,Lake Victoria Fishing Zone,1,False,fsc_admin_lhz,East Africa,Minimal
2026-03-01,2026-05-01,2026-03-01,KE,KE2016C342050023,"Lake Victoria Fishing Zone, Nyakach, Kisumu, Kenya",Kenya,Kisumu,Nyakach,KE23,Lake Victoria Fishing Zone,1,False,fsc_admin_lhz,East Africa,Minimal
2026-03-01,2026-05-01,2026-03-01,KE,KE2016C342060023,"Lake Victoria Fishing Zone, Nyando, Kisumu, Kenya",Kenya,Kisumu,Nyando,KE23,Lake Victoria Fishing Zone,1,False,fsc_admin_lhz,East Africa,Minimal
2026-03-01,2026-05-01,2026-03-01,KE,KE2016C344040023,"Lake Victoria Fishing Zone, Nyatike, Migori, Kenya",Kenya,Migori,Nyatike,KE23,Lake Victoria Fishing Zone,1,False,fsc_admin_lhz,East Africa,Minimal
2026-03-01,2026-05-01,2026-03-01,KE,KE2016C343070023,"Lake Victoria Fishing Zone, Rangwe, Homa Bay, Kenya",Kenya,Homa Bay,Rangwe,KE23,Lake Victoria Fishing Zone,1,False,fsc_admin_lhz,East Africa,Minimal
2026-03-01,2026-05-01,2026-03-01,KE,KE2016C341040023,"Lake Victoria Fishing Zone, Rarieda, Siaya, Kenya",Kenya,Siaya,Rarieda,KE23,Lake Victoria Fishing Zone,1,False,fsc_admin_lhz,East Africa,Minimal
2026-03-01,2026-05-01,2026-03-01,KE,KE2016C342070023,"Lake Victoria Fishing Zone, Seme, Kisumu, Kenya",Kenya,Kisumu,Seme,KE23,Lake Victoria Fishing Zone,1,False,fsc_admin_lhz,East Africa,Minimal
2026-03-01,2026-05-01,2026-03-01,KE,KE2016C343080023,"Lake Victoria Fishing Zone, Suba, Homa Bay, Kenya",Kenya,Homa Bay,Suba,KE23,Lake Victoria Fishing Zone,1,False,fsc_admin_lhz,East Africa,Minimal
2026-03-01,2026-05-01,2026-03-01,KE,KE2016C309030208,"Mandera Riverine Zone, Bulla Mpya, Mandera East, Mandera, Kenya",Kenya,Mandera,Mandera East,KE08,Mandera Riverine Zone,3,False,fsc_admin_lhz,East Africa,Crisis
2026-03-01,2026-05-01,2026-03-01,KE,KE2016C309020408,"Mandera Riverine Zone, Khalalio, Lafey, Mandera, Kenya",Kenya,Mandera,Lafey,KE08,Mandera Riverine Zone,3,False,fsc_admin_lhz,East Africa,Crisis
2026-03-01,2026-05-01,2026-03-01,KE,KE2016C309030308,"Mandera Riverine Zone, Khalalio, Mandera East, Mandera, Kenya",Kenya,Mandera,Mandera East,KE08,Mandera Riverine Zone,3,False,fsc_admin_lhz,East Africa,Crisis
2026-03-01,2026-05-01,2026-03-01,KE,KE2016C309020608,"Mandera Riverine Zone, Libehia, Lafey, Mandera, Kenya",Kenya,Mandera,Lafey,KE08,Mandera Riverine Zone,3,False,fsc_admin_lhz,East Africa,Crisis
2026-03-01,2026-05-01,2026-03-01,KE,KE2016C309030408,"Mandera Riverine Zone, Neboi, Mandera East, Mandera, Kenya",Kenya,Mandera,Mandera East,KE08,Mandera Riverine Zone,3,False,fsc_admin_lhz,East Africa,Crisis
2026-03-01,2026-05-01,2026-03-01,KE,KE2016C309040508,"Mandera Riverine Zone, Rhamu Dimtu, Mandera North, Mandera, Kenya",Kenya,Mandera,Mandera North,KE08,Mandera Riverine Zone,3,False,fsc_admin_lhz,East Africa,Crisis
2026-03-01,2026-05-01,2026-03-01,KE,KE2016C309040408,"Mandera Riverine Zone, Rhamu, Mandera North, Mandera, Kenya",Kenya,Mandera,Mandera North,KE08,Mandera Riverine Zone,3,False,fsc_admin_lhz,East Africa,Crisis
2026-03-01,2026-05-01,2026-03-01,KE,KE2016C309030508,"Mandera Riverine Zone, Township, Mandera East, Mandera, Kenya",Kenya,Mandera,Mandera East,KE08,Mandera Riverine Zone,3,False,fsc_admin_lhz,East Africa,Crisis
2026-03-01,2026-05-01,2026-03-01,KE,KE2016C310040106,"Marsabit Marginal Mixed Farming Zone, Karare, Saku, Marsabit, Kenya",Kenya,Marsabit,Saku,KE06,Marsabit Marginal Mixed Farming Zone,3,False,fsc_admin_lhz,East Africa,Crisis
2026-03-01,2026-05-01,2026-03-01,KE,KE2016C310040206,"Marsabit Marginal Mixed Farming Zone, Marsabit Central, Saku, Marsabit, Kenya",Kenya,Marsabit,Saku,KE06,Marsabit Marginal Mixed Farming Zone,3,False,fsc_admin_lhz,East Africa,Crisis
2026-03-01,2026-05-01,2026-03-01,KE,KE2016C310040306,"Marsabit Marginal Mixed Farming Zone, Sagante/Jaldessa, Saku, Marsabit, Kenya",Kenya,Marsabit,Saku,KE06,Marsabit Marginal Mixed Farming Zone,3,False,fsc_admin_lhz,East Africa,Crisis
2026-03-01,2026-05-01,2026-03-01,KE,KE2016C308040107,"Northeastern Agropastoral Zone, Batalu, Wajir North, Wajir, Kenya",Kenya,Wajir,Wajir North,KE07,Northeastern Agropastoral Zone,3,False,fsc_admin_lhz,East Africa,Crisis
2026-03-01,2026-05-01,2026-03-01,KE,KE2016C308040207,"Northeastern Agropastoral Zone, Bute, Wajir North, Wajir, Kenya",Kenya,Wajir,Wajir North,KE07,Northeastern Agropastoral Zone,3,False,fsc_admin_lhz,East Africa,Crisis
2026-03-01,2026-05-01,2026-03-01,KE,KE2016C310020107,"Northeastern Agropastoral Zone, Butiye, Moyale, Marsabit, Kenya",Kenya,Marsabit,Moyale,KE07,Northeastern Agropastoral Zone,3,False,fsc_admin_lhz,East Africa,Crisis
2026-03-01,2026-05-01,2026-03-01,KE,KE2016C308040307,"Northeastern Agropastoral Zone, Danaba, Wajir North, Wajir, Kenya",Kenya,Wajir,Wajir North,KE07,Northeastern Agropastoral Zone,3,False,fsc_admin_lhz,East Africa,Crisis
2026-03-01,2026-05-01,2026-03-01,KE,KE2016C309060107,"Northeastern Agropastoral Zone, Dandu, Mandera West, Mandera, Kenya",Kenya,Mandera,Mandera West,KE07,Northeastern Agropastoral Zone,3,False,fsc_admin_lhz,East Africa,Crisis
2026-03-01,2026-05-01,2026-03-01,KE,KE2016C308010207,"Northeastern Agropastoral Zone, Dela, Eldas, Wajir, Kenya",Kenya,Wajir,Eldas,KE07,Northeastern Agropastoral Zone,3,False,fsc_admin_lhz,East Africa,Crisis
2026-03-01,2026-05-01,2026-03-01,KE,KE2016C308010407,"Northeastern Agropastoral Zone, Eldas, Eldas, Wajir, Kenya",Kenya,Wajir,Eldas,KE07,Northeastern Agropastoral Zone,3,False,fsc_admin_lhz,East Africa,Crisis
2026-03-01,2026-05-01,2026-03-01,KE,KE2016C309060207,"Northeastern Agropastoral Zone, Gither, Mandera West, Mandera, Kenya",Kenya,Mandera,Mandera West,KE07,Northeastern Agropastoral Zone,3,False,fsc_admin_lhz,East Africa,Crisis
2026-03-01,2026-05-01,2026-03-01,KE,KE2016C308040407,"Northeastern Agropastoral Zone, Godoma, Wajir North, Wajir, Kenya",Kenya,Wajir,Wajir North,KE07,Northeastern Agropastoral Zone,3,False,fsc_admin_lhz,East Africa,Crisis
2026-03-01,2026-05-01,2026-03-01,KE,KE2016C310020207,"Northeastern Agropastoral Zone, Golbo, Moyale, Marsabit, Kenya",Kenya,Marsabit,Moyale,KE07,Northeastern Agropastoral Zone,3,False,fsc_admin_lhz,East Africa,Crisis
2026-03-01,2026-05-01,2026-03-01,KE,KE2016C308040507,"Northeastern Agropastoral Zone, Gurar, Wajir North, Wajir, Kenya",Kenya,Wajir,Wajir North,KE07,Northeastern Agropastoral Zone,3,False,fsc_admin_lhz,East Africa,Crisis
2026-03-01,2026-05-01,2026-03-01,KE,KE2016C310020307,"Northeastern Agropastoral Zone, Heillu Manyatta, Moyale, Marsabit, Kenya",Kenya,Marsabit,Moyale,KE07,Northeastern Agropastoral Zone,3,False,fsc_admin_lhz,East Africa,Crisis
2026-03-01,2026-05-01,2026-03-01,KE,KE2016C308010507,"Northeastern Agropastoral Zone, Korondile, Eldas, Wajir, Kenya",Kenya,Wajir,Eldas,KE07,Northeastern Agropastoral Zone,3,False,fsc_admin_lhz,East Africa,Crisis
2026-03-01,2026-05-01,2026-03-01,KE,KE2016C308040607,"Northeastern Agropastoral Zone, Korondile, Wajir North, Wajir, Kenya",Kenya,Wajir,Wajir North,KE07,Northeastern Agropastoral Zone,3,False,fsc_admin_lhz,East Africa,Crisis
2026-03-01,2026-05-01,2026-03-01,KE,KE2016C308010607,"Northeastern Agropastoral Zone, Lakole South/Basir, Eldas, Wajir, Kenya",Kenya,Wajir,Eldas,KE07,Northeastern Agropastoral Zone,3,False,fsc_admin_lhz,East Africa,Crisis
2026-03-01,2026-05-01,2026-03-01,KE,KE2016C308040707,"Northeastern Agropastoral Zone, Malkagufu, Wajir North, Wajir, Kenya",Kenya,Wajir,Wajir North,KE07,Northeastern Agropastoral Zone,3,False,fsc_admin_lhz,East Africa,Crisis
2026-03-01,2026-05-01,2026-03-01,KE,KE2016C310020407,"Northeastern Agropastoral Zone, Moyale Township, Moyale, Marsabit, Kenya",Kenya,Marsabit,Moyale,KE07,Northeastern Agropastoral Zone,3,False,fsc_admin_lhz,East Africa,Crisis
2026-03-01,2026-05-01,2026-03-01,KE,KE2016C310020507,"Northeastern Agropastoral Zone, Obbu, Moyale, Marsabit, Kenya",Kenya,Marsabit,Moyale,KE07,Northeastern Agropastoral Zone,3,False,fsc_admin_lhz,East Africa,Crisis
2026-03-01,2026-05-01,2026-03-01,KE,KE2016C309060507,"Northeastern Agropastoral Zone, Takaba South, Mandera West, Mandera, Kenya",Kenya,Mandera,Mandera West,KE07,Northeastern Agropastoral Zone,3,False,fsc_admin_lhz,East Africa,Crisis
2026-03-01,2026-05-01,2026-03-01,KE,KE2016C308060109,"Northeastern Pastoral Zone, Adamsajide, Wajir West, Wajir, Kenya",Kenya,Wajir,Wajir West,KE09,Northeastern Pastoral Zone,3,False,fsc_admin_lhz,East Africa,Crisis
2026-03-01,2026-05-01,2026-03-01,KE,KE2016C309020109,"Northeastern Pastoral Zone, Alango Gof, Lafey, Mandera, Kenya",Kenya,Mandera,Lafey,KE09,Northeastern Pastoral Zone,3,False,fsc_admin_lhz,East Africa,Crisis
2026-03-01,2026-05-01,2026-03-01,KE,KE2016C309020209,"Northeastern Pastoral Zone, Arabia, Lafey, Mandera, Kenya",Kenya,Mandera,Lafey,KE09,Northeastern Pastoral Zone,3,False,fsc_admin_lhz,East Africa,Crisis
2026-03-01,2026-05-01,2026-03-01,KE,KE2016C309030109,"Northeastern Pastoral Zone, Arabia, Mandera East, Mandera, Kenya",Kenya,Mandera,Mandera East,KE09,Northeastern Pastoral Zone,3,False,fsc_admin_lhz,East Africa,Crisis
2026-03-01,2026-05-01,2026-03-01,KE,KE2016C308010109,"Northeastern Pastoral Zone, Arbajahan, Eldas, Wajir, Kenya",Kenya,Wajir,Eldas,KE09,Northeastern Pastoral Zone,3,False,fsc_admin_lhz,East Africa,Crisis
2026-03-01,2026-05-01,2026-03-01,KE,KE2016C308060209,"Northeastern Pastoral Zone, Arbajahan, Wajir West, Wajir, Kenya",Kenya,Wajir,Wajir West,KE09,Northeastern Pastoral Zone,3,False,fsc_admin_lhz,East Africa,Crisis
2026-03-01,2026-05-01,2026-03-01,KE,KE2016C309040109,"Northeastern Pastoral Zone, As - Habito, Mandera North, Mandera, Kenya",Kenya,Mandera,Mandera North,KE09,Northeastern Pastoral Zone,3,False,fsc_admin_lhz,East Africa,Crisis
2026-03-01,2026-05-01,2026-03-01,KE,KE2016C309050109,"Northeastern Pastoral Zone, As - Habito, Mandera South, Mandera, Kenya",Kenya,Mandera,Mandera South,KE09,Northeastern Pastoral Zone,3,False,fsc_admin_lhz,East Africa,Crisis
2026-03-01,2026-05-01,2026-03-01,KE,KE2016C309010109,"Northeastern Pastoral Zone, Banissa, Banissa, Mandera, Kenya",Kenya,Mandera,Banissa,KE09,Northeastern Pastoral Zone,3,False,fsc_admin_lhz,East Africa,Crisis
2026-03-01,2026-05-01,2026-03-01,KE,KE2016C308030109,"Northeastern Pastoral Zone, Barwago, Wajir East, Wajir, Kenya",Kenya,Wajir,Wajir East,KE09,Northeastern Pastoral Zone,3,False,fsc_admin_lhz,East Africa,Crisis
2026-03-01,2026-05-01,2026-03-01,KE,KE2016C308040109,"Northeastern Pastoral Zone, Batalu, Wajir North, Wajir, Kenya",Kenya,Wajir,Wajir North,KE09,Northeastern Pastoral Zone,3,False,fsc_admin_lhz,East Africa,Crisis
2026-03-01,2026-05-01,2026-03-01,KE,KE2016C309030209,"Northeastern Pastoral Zone, Bulla Mpya, Mandera East, Mandera, Kenya",Kenya,Mandera,Mandera East,KE09,Northeastern Pastoral Zone,3,False,fsc_admin_lhz,East Africa,Crisis
2026-03-01,2026-05-01,2026-03-01,KE,KE2016C308050209,"Northeastern Pastoral Zone, Burder, Wajir South, Wajir, Kenya",Kenya,Wajir,Wajir South,KE09,Northeastern Pastoral Zone,3,False,fsc_admin_lhz,East Africa,Crisis
2026-03-01,2026-05-01,2026-03-01,KE,KE2016C311010209,"Northeastern Pastoral Zone, Chari, Isiolo North, Isiolo, Kenya",Kenya,Isiolo,Isiolo North,KE09,Northeastern Pastoral Zone,3,False,fsc_admin_lhz,East Africa,Crisis
2026-03-01,2026-05-01,2026-03-01,KE,KE2016C311010309,"Northeastern Pastoral Zone, Cherab, Isiolo North, Isiolo, Kenya",Kenya,Isiolo,Isiolo North,KE09,Northeastern Pastoral Zone,3,False,fsc_admin_lhz,East Africa,Crisis
2026-03-01,2026-05-01,2026-03-01,KE,KE2016C308040309,"Northeastern Pastoral Zone, Danaba, Wajir North, Wajir, Kenya",Kenya,Wajir,Wajir North,KE09,Northeastern Pastoral Zone,3,False,fsc_admin_lhz,East Africa,Crisis
2026-03-01,2026-05-01,2026-03-01,KE,KE2016C308010209,"Northeastern Pastoral Zone, Dela, Eldas, Wajir, Kenya",Kenya,Wajir,Eldas,KE09,Northeastern Pastoral Zone,3,False,fsc_admin_lhz,East Africa,Crisis
2026-03-01,2026-05-01,2026-03-01,KE,KE2016C309010209,"Northeastern Pastoral Zone, Derkale, Banissa, Mandera, Kenya",Kenya,Mandera,Banissa,KE09,Northeastern Pastoral Zone,3,False,fsc_admin_lhz,East Africa,Crisis
2026-03-01,2026-05-01,2026-03-01,KE,KE2016C308020109,"Northeastern Pastoral Zone, Elben, Tarbaj, Wajir, Kenya",Kenya,Wajir,Tarbaj,KE09,Northeastern Pastoral Zone,3,False,fsc_admin_lhz,East Africa,Crisis
2026-03-01,2026-05-01,2026-03-01,KE,KE2016C308010409,"Northeastern Pastoral Zone, Eldas, Eldas, Wajir, Kenya",Kenya,Wajir,Eldas,KE09,Northeastern Pastoral Zone,3,False,fsc_admin_lhz,East Africa,Crisis
2026-03-01,2026-05-01,2026-03-01,KE,KE2016C308010309,"Northeastern Pastoral Zone, El Nur/ Tula Tula, Eldas, Wajir, Kenya",Kenya,Wajir,Eldas,KE09,Northeastern Pastoral Zone,3,False,fsc_admin_lhz,East Africa,Crisis
2026-03-01,2026-05-01,2026-03-01,KE,KE2016C309050209,"Northeastern Pastoral Zone, El Wak North, Mandera South, Mandera, Kenya",Kenya,Mandera,Mandera South,KE09,Northeastern Pastoral Zone,3,False,fsc_admin_lhz,East Africa,Crisis
2026-03-01,2026-05-01,2026-03-01,KE,KE2016C309050309,"Northeastern Pastoral Zone, El Wak South, Mandera South, Mandera, Kenya",Kenya,Mandera,Mandera South,KE09,Northeastern Pastoral Zone,3,False,fsc_admin_lhz,East Africa,Crisis
2026-03-01,2026-05-01,2026-03-01,KE,KE2016C309020309,"Northeastern Pastoral Zone, Fino, Lafey, Mandera, Kenya",Kenya,Mandera,Lafey,KE09,Northeastern Pastoral Zone,3,False,fsc_admin_lhz,East Africa,Crisis
2026-03-01,2026-05-01,2026-03-01,KE,KE2016C308060309,"Northeastern Pastoral Zone, Ganyure/Wagalla, Wajir West, Wajir, Kenya",Kenya,Wajir,Wajir West,KE09,Northeastern Pastoral Zone,3,False,fsc_admin_lhz,East Africa,Crisis
2026-03-01,2026-05-01,2026-03-01,KE,KE2016C311020109,"Northeastern Pastoral Zone, Garba Tulla, Isiolo South, Isiolo, Kenya",Kenya,Isiolo,Isiolo South,KE09,Northeastern Pastoral Zone,3,False,fsc_admin_lhz,East Africa,Crisis
2026-03-01,2026-05-01,2026-03-01,KE,KE2016C309060209,"Northeastern Pastoral Zone, Gither, Mandera West, Mandera, Kenya",Kenya,Mandera,Mandera West,KE09,Northeastern Pastoral Zone,3,False,fsc_admin_lhz,East Africa,Crisis
2026-03-01,2026-05-01,2026-03-01,KE,KE2016C309010309,"Northeastern Pastoral Zone, Guba, Banissa, Mandera, Kenya",Kenya,Mandera,Banissa,KE09,Northeastern Pastoral Zone,3,False,fsc_admin_lhz,East Africa,Crisis
2026-03-01,2026-05-01,2026-03-01,KE,KE2016C309040209,"Northeastern Pastoral Zone, Guticha, Mandera North, Mandera, Kenya",Kenya,Mandera,Mandera North,KE09,Northeastern Pastoral Zone,3,False,fsc_admin_lhz,East Africa,Crisis
2026-03-01,2026-05-01,2026-03-01,KE,KE2016C308060409,"Northeastern Pastoral Zone, Hadado / Adhibohol, Wajir West, Wajir, Kenya",Kenya,Wajir,Wajir West,KE09,Northeastern Pastoral Zone,3,False,fsc_admin_lhz,East Africa,Crisis
2026-03-01,2026-05-01,2026-03-01,KE,KE2016C308050609,"Northeastern Pastoral Zone, Ibrahim Ure, Wajir South, Wajir, Kenya",Kenya,Wajir,Wajir South,KE09,Northeastern Pastoral Zone,3,False,fsc_admin_lhz,East Africa,Crisis
2026-03-01,2026-05-01,2026-03-01,KE,KE2016C309030309,"Northeastern Pastoral Zone, Khalalio, Mandera East, Mandera, Kenya",Kenya,Mandera,Mandera East,KE09,Northeastern Pastoral Zone,3,False,fsc_admin_lhz,East Africa,Crisis
2026-03-01,2026-05-01,2026-03-01,KE,KE2016C308030209,"Northeastern Pastoral Zone, Khorof-Harar, Wajir East, Wajir, Kenya",Kenya,Wajir,Wajir East,KE09,Northeastern Pastoral Zone,3,False,fsc_admin_lhz,East Africa,Crisis
2026-03-01,2026-05-01,2026-03-01,KE,KE2016C309010409,"Northeastern Pastoral Zone, Kiliwehiri, Banissa, Mandera, Kenya",Kenya,Mandera,Banissa,KE09,Northeastern Pastoral Zone,3,False,fsc_admin_lhz,East Africa,Crisis
2026-03-01,2026-05-01,2026-03-01,KE,KE2016C311020209,"Northeastern Pastoral Zone, Kinna, Isiolo South, Isiolo, Kenya",Kenya,Isiolo,Isiolo South,KE09,Northeastern Pastoral Zone,3,False,fsc_admin_lhz,East Africa,Crisis
2026-03-01,2026-05-01,2026-03-01,KE,KE2016C308010509,"Northeastern Pastoral Zone, Korondile, Eldas, Wajir, Kenya",Kenya,Wajir,Eldas,KE09,Northeastern Pastoral Zone,3,False,fsc_admin_lhz,East Africa,Crisis
2026-03-01,2026-05-01,2026-03-01,KE,KE2016C309050409,"Northeastern Pastoral Zone, Kutulo, Mandera South, Mandera, Kenya",Kenya,Mandera,Mandera South,KE09,Northeastern Pastoral Zone,3,False,fsc_admin_lhz,East Africa,Crisis
2026-03-01,2026-05-01,2026-03-01,KE,KE2016C309020509,"Northeastern Pastoral Zone, Lafey, Lafey, Mandera, Kenya",Kenya,Mandera,Lafey,KE09,Northeastern Pastoral Zone,3,False,fsc_admin_lhz,East Africa,Crisis
2026-03-01,2026-05-01,2026-03-01,KE,KE2016C308050709,"Northeastern Pastoral Zone, Lagboghol South, Wajir South, Wajir, Kenya",Kenya,Wajir,Wajir South,KE09,Northeastern Pastoral Zone,3,False,fsc_admin_lhz,East Africa,Crisis
2026-03-01,2026-05-01,2026-03-01,KE,KE2016C309060309,"Northeastern Pastoral Zone, Lag Sure, Mandera West, Mandera, Kenya",Kenya,Mandera,Mandera West,KE09,Northeastern Pastoral Zone,3,False,fsc_admin_lhz,East Africa,Crisis
2026-03-01,2026-05-01,2026-03-01,KE,KE2016C308010609,"Northeastern Pastoral Zone, Lakole South/Basir, Eldas, Wajir, Kenya",Kenya,Wajir,Eldas,KE09,Northeastern Pastoral Zone,3,False,fsc_admin_lhz,East Africa,Crisis
2026-03-01,2026-05-01,2026-03-01,KE,KE2016C308060509,"Northeastern Pastoral Zone, Lakole South/Basir, Wajir West, Wajir, Kenya",Kenya,Wajir,Wajir West,KE09,Northeastern Pastoral Zone,3,False,fsc_admin_lhz,East Africa,Crisis
2026-03-01,2026-05-01,2026-03-01,KE,KE2016C309020609,"Northeastern Pastoral Zone, Libehia, Lafey, Mandera, Kenya",Kenya,Mandera,Lafey,KE09,Northeastern Pastoral Zone,3,False,fsc_admin_lhz,East Africa,Crisis
2026-03-01,2026-05-01,2026-03-01,KE,KE2016C309010509,"Northeastern Pastoral Zone, Malkamari, Banissa, Mandera, Kenya",Kenya,Mandera,Banissa,KE09,Northeastern Pastoral Zone,3,False,fsc_admin_lhz,East Africa,Crisis
2026-03-01,2026-05-01,2026-03-01,KE,KE2016C309040309,"Northeastern Pastoral Zone, Marothile, Mandera North, Mandera, Kenya",Kenya,Mandera,Mandera North,KE09,Northeastern Pastoral Zone,3,False,fsc_admin_lhz,East Africa,Crisis
2026-03-01,2026-05-01,2026-03-01,KE,KE2016C309010609,"Northeastern Pastoral Zone, Rhamu Dimtu, Banissa, Mandera, Kenya",Kenya,Mandera,Banissa,KE09,Northeastern Pastoral Zone,3,False,fsc_admin_lhz,East Africa,Crisis
2026-03-01,2026-05-01,2026-03-01,KE,KE2016C309040509,"Northeastern Pastoral Zone, Rhamu Dimtu, Mandera North, Mandera, Kenya",Kenya,Mandera,Mandera North,KE09,Northeastern Pastoral Zone,3,False,fsc_admin_lhz,East Africa,Crisis
2026-03-01,2026-05-01,2026-03-01,KE,KE2016C309040409,"Northeastern Pastoral Zone, Rhamu, Mandera North, Mandera, Kenya",Kenya,Mandera,Mandera North,KE09,Northeastern Pastoral Zone,3,False,fsc_admin_lhz,East Africa,Crisis
2026-03-01,2026-05-01,2026-03-01,KE,KE2016C308020209,"Northeastern Pastoral Zone, Sarman, Tarbaj, Wajir, Kenya",Kenya,Wajir,Tarbaj,KE09,Northeastern Pastoral Zone,3,False,fsc_admin_lhz,East Africa,Crisis
2026-03-01,2026-05-01,2026-03-01,KE,KE2016C311020309,"Northeastern Pastoral Zone, Sericho, Isiolo South, Isiolo, Kenya",Kenya,Isiolo,Isiolo South,KE09,Northeastern Pastoral Zone,3,False,fsc_admin_lhz,East Africa,Crisis
2026-03-01,2026-05-01,2026-03-01,KE,KE2016C309050509,"Northeastern Pastoral Zone, Shimbir Fatuma, Mandera South, Mandera, Kenya",Kenya,Mandera,Mandera South,KE09,Northeastern Pastoral Zone,3,False,fsc_admin_lhz,East Africa,Crisis
2026-03-01,2026-05-01,2026-03-01,KE,KE2016C309060409,"Northeastern Pastoral Zone, Takaba, Mandera West, Mandera, Kenya",Kenya,Mandera,Mandera West,KE09,Northeastern Pastoral Zone,3,False,fsc_admin_lhz,East Africa,Crisis
2026-03-01,2026-05-01,2026-03-01,KE,KE2016C309060509,"Northeastern Pastoral Zone, Takaba South, Mandera West, Mandera, Kenya",Kenya,Mandera,Mandera West,KE09,Northeastern Pastoral Zone,3,False,fsc_admin_lhz,East Africa,Crisis
2026-03-01,2026-05-01,2026-03-01,KE,KE2016C308020309,"Northeastern Pastoral Zone, Tarbaj, Tarbaj, Wajir, Kenya",Kenya,Wajir,Tarbaj,KE09,Northeastern Pastoral Zone,3,False,fsc_admin_lhz,East Africa,Crisis
2026-03-01,2026-05-01,2026-03-01,KE,KE2016C308030309,"Northeastern Pastoral Zone, Township, Wajir East, Wajir, Kenya",Kenya,Wajir,Wajir East,KE09,Northeastern Pastoral Zone,3,False,fsc_admin_lhz,East Africa,Crisis
2026-03-01,2026-05-01,2026-03-01,KE,KE2016C308030409,"Northeastern Pastoral Zone, Wagberi, Wajir East, Wajir, Kenya",Kenya,Wajir,Wajir East,KE09,Northeastern Pastoral Zone,3,False,fsc_admin_lhz,East Africa,Crisis
2026-03-01,2026-05-01,2026-03-01,KE,KE2016C309020709,"Northeastern Pastoral Zone, Waranqara, Lafey, Mandera, Kenya",Kenya,Mandera,Lafey,KE09,Northeastern Pastoral Zone,3,False,fsc_admin_lhz,East Africa,Crisis
2026-03-01,2026-05-01,2026-03-01,KE,KE2016C309050609,"Northeastern Pastoral Zone, Wargadud, Mandera South, Mandera, Kenya",Kenya,Mandera,Mandera South,KE09,Northeastern Pastoral Zone,3,False,fsc_admin_lhz,East Africa,Crisis
2026-03-01,2026-05-01,2026-03-01,KE,KE2016C308020409,"Northeastern Pastoral Zone, Wargadud, Tarbaj, Wajir, Kenya",Kenya,Wajir,Tarbaj,KE09,Northeastern Pastoral Zone,3,False,fsc_admin_lhz,East Africa,Crisis
2026-03-01,2026-05-01,2026-03-01,KE,KE2016C325020105,"Northern Pastoral Zone, Angata Nanyokie, Samburu North, Samburu, Kenya",Kenya,Samburu,Samburu North,KE05,Northern Pastoral Zone,3,False,fsc_admin_lhz,East Africa,Crisis
2026-03-01,2026-05-01,2026-03-01,KE,KE2016C311010105,"Northern Pastoral Zone, Burat, Isiolo North, Isiolo, Kenya",Kenya,Isiolo,Isiolo North,KE05,Northern Pastoral Zone,3,False,fsc_admin_lhz,East Africa,Crisis
2026-03-01,2026-05-01,2026-03-01,KE,KE2016C310020105,"Northern Pastoral Zone, Butiye, Moyale, Marsabit, Kenya",Kenya,Marsabit,Moyale,KE05,Northern Pastoral Zone,3,False,fsc_admin_lhz,East Africa,Crisis
2026-03-01,2026-05-01,2026-03-01,KE,KE2016C311010205,"Northern Pastoral Zone, Chari, Isiolo North, Isiolo, Kenya",Kenya,Isiolo,Isiolo North,KE05,Northern Pastoral Zone,3,False,fsc_admin_lhz,East Africa,Crisis
2026-03-01,2026-05-01,2026-03-01,KE,KE2016C311010305,"Northern Pastoral Zone, Cherab, Isiolo North, Isiolo, Kenya",Kenya,Isiolo,Isiolo North,KE05,Northern Pastoral Zone,3,False,fsc_admin_lhz,East Africa,Crisis
2026-03-01,2026-05-01,2026-03-01,KE,KE2016C310030105,"Northern Pastoral Zone, Dukana, North Horr, Marsabit, Kenya",Kenya,Marsabit,North Horr,KE05,Northern Pastoral Zone,3,False,fsc_admin_lhz,East Africa,Crisis
2026-03-01,2026-05-01,2026-03-01,KE,KE2016C325020305,"Northern Pastoral Zone, El-Barta, Samburu North, Samburu, Kenya",Kenya,Samburu,Samburu North,KE05,Northern Pastoral Zone,3,False,fsc_admin_lhz,East Africa,Crisis
2026-03-01,2026-05-01,2026-03-01,KE,KE2016C310020205,"Northern Pastoral Zone, Golbo, Moyale, Marsabit, Kenya",Kenya,Marsabit,Moyale,KE05,Northern Pastoral Zone,3,False,fsc_admin_lhz,East Africa,Crisis
2026-03-01,2026-05-01,2026-03-01,KE,KE2016C310030205,"Northern Pastoral Zone, Illeret, North Horr, Marsabit, Kenya",Kenya,Marsabit,North Horr,KE05,Northern Pastoral Zone,3,False,fsc_admin_lhz,East Africa,Crisis
2026-03-01,2026-05-01,2026-03-01,KE,KE2016C310040105,"Northern Pastoral Zone, Karare, Saku, Marsabit, Kenya",Kenya,Marsabit,Saku,KE05,Northern Pastoral Zone,3,False,fsc_admin_lhz,East Africa,Crisis
2026-03-01,2026-05-01,2026-03-01,KE,KE2016C310010105,"Northern Pastoral Zone, Kargi/ South Horr, Laisamis, Marsabit, Kenya",Kenya,Marsabit,Laisamis,KE05,Northern Pastoral Zone,3,False,fsc_admin_lhz,East Africa,Crisis
2026-03-01,2026-05-01,2026-03-01,KE,KE2016C311020205,"Northern Pastoral Zone, Kinna, Isiolo South, Isiolo, Kenya",Kenya,Isiolo,Isiolo South,KE05,Northern Pastoral Zone,3,False,fsc_admin_lhz,East Africa,Crisis
2026-03-01,2026-05-01,2026-03-01,KE,KE2016C310010205,"Northern Pastoral Zone, Korr/ Ngurunit, Laisamis, Marsabit, Kenya",Kenya,Marsabit,Laisamis,KE05,Northern Pastoral Zone,3,False,fsc_admin_lhz,East Africa,Crisis
2026-03-01,2026-05-01,2026-03-01,KE,KE2016C310010305,"Northern Pastoral Zone, Laisamis, Laisamis, Marsabit, Kenya",Kenya,Marsabit,Laisamis,KE05,Northern Pastoral Zone,3,False,fsc_admin_lhz,East Africa,Crisis
2026-03-01,2026-05-01,2026-03-01,KE,KE2016C310010405,"Northern Pastoral Zone, Logo Logo, Laisamis, Marsabit, Kenya",Kenya,Marsabit,Laisamis,KE05,Northern Pastoral Zone,3,False,fsc_admin_lhz,East Africa,Crisis
2026-03-01,2026-05-01,2026-03-01,KE,KE2016C310010505,"Northern Pastoral Zone, Loiyangalani, Laisamis, Marsabit, Kenya",Kenya,Marsabit,Laisamis,KE05,Northern Pastoral Zone,3,False,fsc_admin_lhz,East Africa,Crisis
2026-03-01,2026-05-01,2026-03-01,KE,KE2016C310030305,"Northern Pastoral Zone, Maikona, North Horr, Marsabit, Kenya",Kenya,Marsabit,North Horr,KE05,Northern Pastoral Zone,3,False,fsc_admin_lhz,East Africa,Crisis
2026-03-01,2026-05-01,2026-03-01,KE,KE2016C310040205,"Northern Pastoral Zone, Marsabit Central, Saku, Marsabit, Kenya",Kenya,Marsabit,Saku,KE05,Northern Pastoral Zone,3,False,fsc_admin_lhz,East Africa,Crisis
2026-03-01,2026-05-01,2026-03-01,KE,KE2016C325020405,"Northern Pastoral Zone, Nachola, Samburu North, Samburu, Kenya",Kenya,Samburu,Samburu North,KE05,Northern Pastoral Zone,3,False,fsc_admin_lhz,East Africa,Crisis
2026-03-01,2026-05-01,2026-03-01,KE,KE2016C325020505,"Northern Pastoral Zone, Ndoto, Samburu North, Samburu, Kenya",Kenya,Samburu,Samburu North,KE05,Northern Pastoral Zone,3,False,fsc_admin_lhz,East Africa,Crisis
2026-03-01,2026-05-01,2026-03-01,KE,KE2016C311010405,"Northern Pastoral Zone, Ngare Mara, Isiolo North, Isiolo, Kenya",Kenya,Isiolo,Isiolo North,KE05,Northern Pastoral Zone,3,False,fsc_admin_lhz,East Africa,Crisis
2026-03-01,2026-05-01,2026-03-01,KE,KE2016C310030405,"Northern Pastoral Zone, North Horr, North Horr, Marsabit, Kenya",Kenya,Marsabit,North Horr,KE05,Northern Pastoral Zone,3,False,fsc_admin_lhz,East Africa,Crisis
2026-03-01,2026-05-01,2026-03-01,KE,KE2016C325020605,"Northern Pastoral Zone, Nyiro, Samburu North, Samburu, Kenya",Kenya,Samburu,Samburu North,KE05,Northern Pastoral Zone,3,False,fsc_admin_lhz,East Africa,Crisis
2026-03-01,2026-05-01,2026-03-01,KE,KE2016C310020505,"Northern Pastoral Zone, Obbu, Moyale, Marsabit, Kenya",Kenya,Marsabit,Moyale,KE05,Northern Pastoral Zone,3,False,fsc_admin_lhz,East Africa,Crisis
2026-03-01,2026-05-01,2026-03-01,KE,KE2016C311010505,"Northern Pastoral Zone, Oldo-Nyiro, Isiolo North, Isiolo, Kenya",Kenya,Isiolo,Isiolo North,KE05,Northern Pastoral Zone,3,False,fsc_admin_lhz,East Africa,Crisis
2026-03-01,2026-05-01,2026-03-01,KE,KE2016C310040305,"Northern Pastoral Zone, Sagante/Jaldessa, Saku, Marsabit, Kenya",Kenya,Marsabit,Saku,KE05,Northern Pastoral Zone,3,False,fsc_admin_lhz,East Africa,Crisis
2026-03-01,2026-05-01,2026-03-01,KE,KE2016C310020605,"Northern Pastoral Zone, Sololo, Moyale, Marsabit, Kenya",Kenya,Marsabit,Moyale,KE05,Northern Pastoral Zone,3,False,fsc_admin_lhz,East Africa,Crisis
2026-03-01,2026-05-01,2026-03-01,KE,KE2016C312080005,"Northern Pastoral Zone, Tigania East, Meru, Kenya",Kenya,Meru,Tigania East,KE05,Northern Pastoral Zone,3,False,fsc_admin_lhz,East Africa,Crisis
2026-03-01,2026-05-01,2026-03-01,KE,KE2016C310030505,"Northern Pastoral Zone, Turbi, North Horr, Marsabit, Kenya",Kenya,Marsabit,North Horr,KE05,Northern Pastoral Zone,3,False,fsc_admin_lhz,East Africa,Crisis
2026-03-01,2026-05-01,2026-03-01,KE,KE2016C310020705,"Northern Pastoral Zone, Uran, Moyale, Marsabit, Kenya",Kenya,Marsabit,Moyale,KE05,Northern Pastoral Zone,3,False,fsc_admin_lhz,East Africa,Crisis
2026-03-01,2026-05-01,2026-03-01,KE,KE2016C325010105,"Northern Pastoral Zone, Wamba East, Samburu East, Samburu, Kenya",Kenya,Samburu,Samburu East,KE05,Northern Pastoral Zone,3,False,fsc_admin_lhz,East Africa,Crisis
2026-03-01,2026-05-01,2026-03-01,KE,KE2016C325010205,"Northern Pastoral Zone, Wamba North, Samburu East, Samburu, Kenya",Kenya,Samburu,Samburu East,KE05,Northern Pastoral Zone,3,False,fsc_admin_lhz,East Africa,Crisis
2026-03-01,2026-05-01,2026-03-01,KE,KE2016C325010305,"Northern Pastoral Zone, Wamba West, Samburu East, Samburu, Kenya",Kenya,Samburu,Samburu East,KE05,Northern Pastoral Zone,3,False,fsc_admin_lhz,East Africa,Crisis
2026-03-01,2026-05-01,2026-03-01,KE,KE2016C325010405,"Northern Pastoral Zone, Waso, Samburu East, Samburu, Kenya",Kenya,Samburu,Samburu East,KE05,Northern Pastoral Zone,3,False,fsc_admin_lhz,East Africa,Crisis
2026-03-01,2026-05-01,2026-03-01,KE,KE2016C323050103,"Northwestern Agropastoral Zone, Kalapata, Turkana South, Turkana, Kenya",Kenya,Turkana,Turkana South,KE03,Northwestern Agropastoral Zone,3,False,fsc_admin_lhz,East Africa,Crisis
2026-03-01,2026-05-01,2026-03-01,KE,KE2016C323030103,"Northwestern Agropastoral Zone, Kapedo/Napeitom, Turkana East, Turkana, Kenya",Kenya,Turkana,Turkana East,KE03,Northwestern Agropastoral Zone,3,False,fsc_admin_lhz,East Africa,Crisis
2026-03-01,2026-05-01,2026-03-01,KE,KE2016C323030203,"Northwestern Agropastoral Zone, Katilia, Turkana East, Turkana, Kenya",Kenya,Turkana,Turkana East,KE03,Northwestern Agropastoral Zone,3,False,fsc_admin_lhz,East Africa,Crisis
2026-03-01,2026-05-01,2026-03-01,KE,KE2016C323030303,"Northwestern Agropastoral Zone, Lokori/Kochodin, Turkana East, Turkana, Kenya",Kenya,Turkana,Turkana East,KE03,Northwestern Agropastoral Zone,3,False,fsc_admin_lhz,East Africa,Crisis
2026-03-01,2026-05-01,2026-03-01,KE,KE2016C323040101,"Northwestern Pastoral Zone, Kaaleng/Kaikor, Turkana North, Turkana, Kenya",Kenya,Turkana,Turkana North,KE01,Northwestern Pastoral Zone,3,False,fsc_admin_lhz,East Africa,Crisis
2026-03-01,2026-05-01,2026-03-01,KE,KE2016C324010001,"Northwestern Pastoral Zone, Kacheliba, West Pokot, Kenya",Kenya,West Pokot,Kacheliba,KE01,Northwestern Pastoral Zone,2,False,fsc_admin_lhz,East Africa,Stressed
2026-03-01,2026-05-01,2026-03-01,KE,KE2016C323040201,"Northwestern Pastoral Zone, Kaeris, Turkana North, Turkana, Kenya",Kenya,Turkana,Turkana North,KE01,Northwestern Pastoral Zone,3,False,fsc_admin_lhz,East Africa,Crisis
2026-03-01,2026-05-01,2026-03-01,KE,KE2016C323060101,"Northwestern Pastoral Zone, Kakuma, Turkana West, Turkana, Kenya",Kenya,Turkana,Turkana West,KE01,Northwestern Pastoral Zone,3,False,fsc_admin_lhz,East Africa,Crisis
2026-03-01,2026-05-01,2026-03-01,KE,KE2016C323050101,"Northwestern Pastoral Zone, Kalapata, Turkana South, Turkana, Kenya",Kenya,Turkana,Turkana South,KE01,Northwestern Pastoral Zone,3,False,fsc_admin_lhz,East Africa,Crisis
2026-03-01,2026-05-01,2026-03-01,KE,KE2016C323060201,"Northwestern Pastoral Zone, Kalobeyei, Turkana West, Turkana, Kenya",Kenya,Turkana,Turkana West,KE01,Northwestern Pastoral Zone,3,False,fsc_admin_lhz,East Africa,Crisis
2026-03-01,2026-05-01,2026-03-01,KE,KE2016C323020101,"Northwestern Pastoral Zone, Kalokol, Turkana Central, Turkana, Kenya",Kenya,Turkana,Turkana Central,KE01,Northwestern Pastoral Zone,3,False,fsc_admin_lhz,East Africa,Crisis
2026-03-01,2026-05-01,2026-03-01,KE,KE2016C323020201,"Northwestern Pastoral Zone, Kanamkemer, Turkana Central, Turkana, Kenya",Kenya,Turkana,Turkana Central,KE01,Northwestern Pastoral Zone,3,False,fsc_admin_lhz,East Africa,Crisis
2026-03-01,2026-05-01,2026-03-01,KE,KE2016C323020301,"Northwestern Pastoral Zone, Kang'Atotha, Turkana Central, Turkana, Kenya",Kenya,Turkana,Turkana Central,KE01,Northwestern Pastoral Zone,3,False,fsc_admin_lhz,East Africa,Crisis
2026-03-01,2026-05-01,2026-03-01,KE,KE2016C323030101,"Northwestern Pastoral Zone, Kapedo/Napeitom, Turkana East, Turkana, Kenya",Kenya,Turkana,Turkana East,KE01,Northwestern Pastoral Zone,3,False,fsc_admin_lhz,East Africa,Crisis
2026-03-01,2026-05-01,2026-03-01,KE,KE2016C324020001,"Northwestern Pastoral Zone, Kapenguria, West Pokot, Kenya",Kenya,West Pokot,Kapenguria,KE01,Northwestern Pastoral Zone,2,False,fsc_admin_lhz,East Africa,Stressed
2026-03-01,2026-05-01,2026-03-01,KE,KE2016C323050201,"Northwestern Pastoral Zone, Kaputir, Turkana South, Turkana, Kenya",Kenya,Turkana,Turkana South,KE01,Northwestern Pastoral Zone,3,False,fsc_admin_lhz,East Africa,Crisis
2026-03-01,2026-05-01,2026-03-01,KE,KE2016C323030201,"Northwestern Pastoral Zone, Katilia, Turkana East, Turkana, Kenya",Kenya,Turkana,Turkana East,KE01,Northwestern Pastoral Zone,3,False,fsc_admin_lhz,East Africa,Crisis
2026-03-01,2026-05-01,2026-03-01,KE,KE2016C323050301,"Northwestern Pastoral Zone, Katilu, Turkana South, Turkana, Kenya",Kenya,Turkana,Turkana South,KE01,Northwestern Pastoral Zone,3,False,fsc_admin_lhz,East Africa,Crisis
2026-03-01,2026-05-01,2026-03-01,KE,KE2016C323020401,"Northwestern Pastoral Zone, Kerio Delta, Turkana Central, Turkana, Kenya",Kenya,Turkana,Turkana Central,KE01,Northwestern Pastoral Zone,3,False,fsc_admin_lhz,East Africa,Crisis
2026-03-01,2026-05-01,2026-03-01,KE,KE2016C323040301,"Northwestern Pastoral Zone, Kibish, Turkana North, Turkana, Kenya",Kenya,Turkana,Turkana North,KE01,Northwestern Pastoral Zone,3,False,fsc_admin_lhz,East Africa,Crisis
2026-03-01,2026-05-01,2026-03-01,KE,KE2016C323010101,"Northwestern Pastoral Zone, Kotaruk/Lobei, Loima, Turkana, Kenya",Kenya,Turkana,Loima,KE01,Northwestern Pastoral Zone,3,False,fsc_admin_lhz,East Africa,Crisis
2026-03-01,2026-05-01,2026-03-01,KE,KE2016C323040401,"Northwestern Pastoral Zone, Lakezone, Turkana North, Turkana, Kenya",Kenya,Turkana,Turkana North,KE01,Northwestern Pastoral Zone,3,False,fsc_admin_lhz,East Africa,Crisis
2026-03-01,2026-05-01,2026-03-01,KE,KE2016C323040501,"Northwestern Pastoral Zone, Lapur, Turkana North, Turkana, Kenya",Kenya,Turkana,Turkana North,KE01,Northwestern Pastoral Zone,3,False,fsc_admin_lhz,East Africa,Crisis
2026-03-01,2026-05-01,2026-03-01,KE,KE2016C323060301,"Northwestern Pastoral Zone, Letea, Turkana West, Turkana, Kenya",Kenya,Turkana,Turkana West,KE01,Northwestern Pastoral Zone,3,False,fsc_admin_lhz,East Africa,Crisis
2026-03-01,2026-05-01,2026-03-01,KE,KE2016C323050401,"Northwestern Pastoral Zone, Lobokat, Turkana South, Turkana, Kenya",Kenya,Turkana,Turkana South,KE01,Northwestern Pastoral Zone,3,False,fsc_admin_lhz,East Africa,Crisis
2026-03-01,2026-05-01,2026-03-01,KE,KE2016C323020501,"Northwestern Pastoral Zone, Lodwa Township, Turkana Central, Turkana, Kenya",Kenya,Turkana,Turkana Central,KE01,Northwestern Pastoral Zone,3,False,fsc_admin_lhz,East Africa,Crisis
2026-03-01,2026-05-01,2026-03-01,KE,KE2016C323010201,"Northwestern Pastoral Zone, Loima, Loima, Turkana, Kenya",Kenya,Turkana,Loima,KE01,Northwestern Pastoral Zone,3,False,fsc_admin_lhz,East Africa,Crisis
2026-03-01,2026-05-01,2026-03-01,KE,KE2016C323050501,"Northwestern Pastoral Zone, Lokichar, Turkana South, Turkana, Kenya",Kenya,Turkana,Turkana South,KE01,Northwestern Pastoral Zone,3,False,fsc_admin_lhz,East Africa,Crisis
2026-03-01,2026-05-01,2026-03-01,KE,KE2016C323060401,"Northwestern Pastoral Zone, Lokichoggioi, Turkana West, Turkana, Kenya",Kenya,Turkana,Turkana West,KE01,Northwestern Pastoral Zone,3,False,fsc_admin_lhz,East Africa,Crisis
2026-03-01,2026-05-01,2026-03-01,KE,KE2016C323010301,"Northwestern Pastoral Zone, Lokiriama/Lorengippi, Loima, Turkana, Kenya",Kenya,Turkana,Loima,KE01,Northwestern Pastoral Zone,3,False,fsc_admin_lhz,East Africa,Crisis
2026-03-01,2026-05-01,2026-03-01,KE,KE2016C323030301,"Northwestern Pastoral Zone, Lokori/Kochodin, Turkana East, Turkana, Kenya",Kenya,Turkana,Turkana East,KE01,Northwestern Pastoral Zone,3,False,fsc_admin_lhz,East Africa,Crisis
2026-03-01,2026-05-01,2026-03-01,KE,KE2016C323060501,"Northwestern Pastoral Zone, Lopur, Turkana West, Turkana, Kenya",Kenya,Turkana,Turkana West,KE01,Northwestern Pastoral Zone,3,False,fsc_admin_lhz,East Africa,Crisis
2026-03-01,2026-05-01,2026-03-01,KE,KE2016C325020401,"Northwestern Pastoral Zone, Nachola, Samburu North, Samburu, Kenya",Kenya,Samburu,Samburu North,KE01,Northwestern Pastoral Zone,3,False,fsc_admin_lhz,East Africa,Crisis
2026-03-01,2026-05-01,2026-03-01,KE,KE2016C323040601,"Northwestern Pastoral Zone, Nakalale, Turkana North, Turkana, Kenya",Kenya,Turkana,Turkana North,KE01,Northwestern Pastoral Zone,3,False,fsc_admin_lhz,East Africa,Crisis
2026-03-01,2026-05-01,2026-03-01,KE,KE2016C323060601,"Northwestern Pastoral Zone, Nanaam, Turkana West, Turkana, Kenya",Kenya,Turkana,Turkana West,KE01,Northwestern Pastoral Zone,3,False,fsc_admin_lhz,East Africa,Crisis
2026-03-01,2026-05-01,2026-03-01,KE,KE2016C325020601,"Northwestern Pastoral Zone, Nyiro, Samburu North, Samburu, Kenya",Kenya,Samburu,Samburu North,KE01,Northwestern Pastoral Zone,3,False,fsc_admin_lhz,East Africa,Crisis
2026-03-01,2026-05-01,2026-03-01,KE,KE2016C324040001,"Northwestern Pastoral Zone, Sigor, West Pokot, Kenya",Kenya,West Pokot,Sigor,KE01,Northwestern Pastoral Zone,2,False,fsc_admin_lhz,East Africa,Stressed
2026-03-01,2026-05-01,2026-03-01,KE,KE2016C323060701,"Northwestern Pastoral Zone, Songot, Turkana West, Turkana, Kenya",Kenya,Turkana,Turkana West,KE01,Northwestern Pastoral Zone,3,False,fsc_admin_lhz,East Africa,Crisis
2026-03-01,2026-05-01,2026-03-01,KE,KE2016C330060001,"Northwestern Pastoral Zone, Tiaty, Baringo, Kenya",Kenya,Baringo,Tiaty,KE01,Northwestern Pastoral Zone,2,False,fsc_admin_lhz,East Africa,Stressed
2026-03-01,2026-05-01,2026-03-01,KE,KE2016C323010401,"Northwestern Pastoral Zone, Turkwel, Loima, Turkana, Kenya",Kenya,Turkana,Loima,KE01,Northwestern Pastoral Zone,3,False,fsc_admin_lhz,East Africa,Crisis
2026-03-01,2026-05-01,2026-03-01,KE,KE2016C312020016,"Southeastern Marginal Mixed Farming Zone, Central Imenti, Meru, Kenya",Kenya,Meru,Central Imenti,KE16,Southeastern Marginal Mixed Farming Zone,1,False,fsc_admin_lhz,East Africa,Minimal
2026-03-01,2026-05-01,2026-03-01,KE,KE2016C313010016,"Southeastern Marginal Mixed Farming Zone, Chuka/Igambang'Ombe, Tharaka Nithi, Kenya",Kenya,Tharaka Nithi,Chuka/Igambang'Ombe,KE16,Southeastern Marginal Mixed Farming Zone,1,False,fsc_admin_lhz,East Africa,Minimal
2026-03-01,2026-05-01,2026-03-01,KE,KE2016C311020116,"Southeastern Marginal Mixed Farming Zone, Garba Tulla, Isiolo South, Isiolo, Kenya",Kenya,Isiolo,Isiolo South,KE16,Southeastern Marginal Mixed Farming Zone,3,False,fsc_admin_lhz,East Africa,Crisis
2026-03-01,2026-05-01,2026-03-01,KE,KE2016C312030016,"Southeastern Marginal Mixed Farming Zone, Igembe Central, Meru, Kenya",Kenya,Meru,Igembe Central,KE16,Southeastern Marginal Mixed Farming Zone,3,False,fsc_admin_lhz,East Africa,Crisis
2026-03-01,2026-05-01,2026-03-01,KE,KE2016C312040016,"Southeastern Marginal Mixed Farming Zone, Igembe North, Meru, Kenya",Kenya,Meru,Igembe North,KE16,Southeastern Marginal Mixed Farming Zone,3,False,fsc_admin_lhz,East Africa,Crisis
2026-03-01,2026-05-01,2026-03-01,KE,KE2016C312050016,"Southeastern Marginal Mixed Farming Zone, Igembe South, Meru, Kenya",Kenya,Meru,Igembe South,KE16,Southeastern Marginal Mixed Farming Zone,3,False,fsc_admin_lhz,East Africa,Crisis
2026-03-01,2026-05-01,2026-03-01,KE,KE2016C334020016,"Southeastern Marginal Mixed Farming Zone, Kajiado East, Kajiado, Kenya",Kenya,Kajiado,Kajiado East,KE16,Southeastern Marginal Mixed Farming Zone,2,False,fsc_admin_lhz,East Africa,Stressed
2026-03-01,2026-05-01,2026-03-01,KE,KE2016C317020016,"Southeastern Marginal Mixed Farming Zone, Kibwezi East, Makueni, Kenya",Kenya,Makueni,Kibwezi East,KE16,Southeastern Marginal Mixed Farming Zone,3,False,fsc_admin_lhz,East Africa,Crisis
2026-03-01,2026-05-01,2026-03-01,KE,KE2016C317030016,"Southeastern Marginal Mixed Farming Zone, Kibwezi West, Makueni, Kenya",Kenya,Makueni,Kibwezi West,KE16,Southeastern Marginal Mixed Farming Zone,3,False,fsc_admin_lhz,East Africa,Crisis
2026-03-01,2026-05-01,2026-03-01,KE,KE2016C317040016,"Southeastern Marginal Mixed Farming Zone, Kilome, Makueni, Kenya",Kenya,Makueni,Kilome,KE16,Southeastern Marginal Mixed Farming Zone,3,False,fsc_admin_lhz,East Africa,Crisis
2026-03-01,2026-05-01,2026-03-01,KE,KE2016C311020216,"Southeastern Marginal Mixed Farming Zone, Kinna, Isiolo South, Isiolo, Kenya",Kenya,Isiolo,Isiolo South,KE16,Southeastern Marginal Mixed Farming Zone,3,False,fsc_admin_lhz,East Africa,Crisis
2026-03-01,2026-05-01,2026-03-01,KE,KE2016C315010016,"Southeastern Marginal Mixed Farming Zone, Kitui Central, Kitui, Kenya",Kenya,Kitui,Kitui Central,KE16,Southeastern Marginal Mixed Farming Zone,3,False,fsc_admin_lhz,East Africa,Crisis
2026-03-01,2026-05-01,2026-03-01,KE,KE2016C315020016,"Southeastern Marginal Mixed Farming Zone, Kitui East, Kitui, Kenya",Kenya,Kitui,Kitui East,KE16,Southeastern Marginal Mixed Farming Zone,3,False,fsc_admin_lhz,East Africa,Crisis
2026-03-01,2026-05-01,2026-03-01,KE,KE2016C315030016,"Southeastern Marginal Mixed Farming Zone, Kitui Rural, Kitui, Kenya",Kenya,Kitui,Kitui Rural,KE16,Southeastern Marginal Mixed Farming Zone,3,False,fsc_admin_lhz,East Africa,Crisis
2026-03-01,2026-05-01,2026-03-01,KE,KE2016C315040016,"Southeastern Marginal Mixed Farming Zone, Kitui South, Kitui, Kenya",Kenya,Kitui,Kitui South,KE16,Southeastern Marginal Mixed Farming Zone,3,False,fsc_admin_lhz,East Africa,Crisis
2026-03-01,2026-05-01,2026-03-01,KE,KE2016C315050016,"Southeastern Marginal Mixed Farming Zone, Kitui West, Kitui, Kenya",Kenya,Kitui,Kitui West,KE16,Southeastern Marginal Mixed Farming Zone,3,False,fsc_admin_lhz,East Africa,Crisis
2026-03-01,2026-05-01,2026-03-01,KE,KE2016C313020016,"Southeastern Marginal Mixed Farming Zone, Maara, Tharaka Nithi, Kenya",Kenya,Tharaka Nithi,Maara,KE16,Southeastern Marginal Mixed Farming Zone,1,False,fsc_admin_lhz,East Africa,Minimal
2026-03-01,2026-05-01,2026-03-01,KE,KE2016C316030016,"Southeastern Marginal Mixed Farming Zone, Machakos Town, Machakos, Kenya",Kenya,Machakos,Machakos Town,KE16,Southeastern Marginal Mixed Farming Zone,1,False,fsc_admin_lhz,East Africa,Minimal
2026-03-01,2026-05-01,2026-03-01,KE,KE2016C317050016,"Southeastern Marginal Mixed Farming Zone, Makueni, Makueni, Kenya",Kenya,Makueni,Makueni,KE16,Southeastern Marginal Mixed Farming Zone,3,False,fsc_admin_lhz,East Africa,Crisis
2026-03-01,2026-05-01,2026-03-01,KE,KE2016C316040016,"Southeastern Marginal Mixed Farming Zone, Masinga, Machakos, Kenya",Kenya,Machakos,Masinga,KE16,Southeastern Marginal Mixed Farming Zone,1,False,fsc_admin_lhz,East Africa,Minimal
2026-03-01,2026-05-01,2026-03-01,KE,KE2016C314020016,"Southeastern Marginal Mixed Farming Zone, Mbeere North, Embu, Kenya",Kenya,Embu,Mbeere North,KE16,Southeastern Marginal Mixed Farming Zone,2,False,fsc_admin_lhz,East Africa,Stressed
2026-03-01,2026-05-01,2026-03-01,KE,KE2016C314030016,"Southeastern Marginal Mixed Farming Zone, Mbeere South, Embu, Kenya",Kenya,Embu,Mbeere South,KE16,Southeastern Marginal Mixed Farming Zone,2,False,fsc_admin_lhz,East Africa,Stressed
2026-03-01,2026-05-01,2026-03-01,KE,KE2016C317060016,"Southeastern Marginal Mixed Farming Zone, Mbooni, Makueni, Kenya",Kenya,Makueni,Mbooni,KE16,Southeastern Marginal Mixed Farming Zone,3,False,fsc_admin_lhz,East Africa,Crisis
2026-03-01,2026-05-01,2026-03-01,KE,KE2016C316070016,"Southeastern Marginal Mixed Farming Zone, Mwala, Machakos, Kenya",Kenya,Machakos,Mwala,KE16,Southeastern Marginal Mixed Farming Zone,1,False,fsc_admin_lhz,East Africa,Minimal
2026-03-01,2026-05-01,2026-03-01,KE,KE2016C315060016,"Southeastern Marginal Mixed Farming Zone, Mwingi Central, Kitui, Kenya",Kenya,Kitui,Mwingi Central,KE16,Southeastern Marginal Mixed Farming Zone,3,False,fsc_admin_lhz,East Africa,Crisis
2026-03-01,2026-05-01,2026-03-01,KE,KE2016C315070016,"Southeastern Marginal Mixed Farming Zone, Mwingi North, Kitui, Kenya",Kenya,Kitui,Mwingi North,KE16,Southeastern Marginal Mixed Farming Zone,3,False,fsc_admin_lhz,East Africa,Crisis
2026-03-01,2026-05-01,2026-03-01,KE,KE2016C315080016,"Southeastern Marginal Mixed Farming Zone, Mwingi West, Kitui, Kenya",Kenya,Kitui,Mwingi West,KE16,Southeastern Marginal Mixed Farming Zone,3,False,fsc_admin_lhz,East Africa,Crisis
2026-03-01,2026-05-01,2026-03-01,KE,KE2016C312060016,"Southeastern Marginal Mixed Farming Zone, North Imenti, Meru, Kenya",Kenya,Meru,North Imenti,KE16,Southeastern Marginal Mixed Farming Zone,1,False,fsc_admin_lhz,East Africa,Minimal
2026-03-01,2026-05-01,2026-03-01,KE,KE2016C312070016,"Southeastern Marginal Mixed Farming Zone, South Imenti, Meru, Kenya",Kenya,Meru,South Imenti,KE16,Southeastern Marginal Mixed Farming Zone,1,False,fsc_admin_lhz,East Africa,Minimal
2026-03-01,2026-05-01,2026-03-01,KE,KE2016C313030016,"Southeastern Marginal Mixed Farming Zone, Tharaka, Tharaka Nithi, Kenya",Kenya,Tharaka Nithi,Tharaka,KE16,Southeastern Marginal Mixed Farming Zone,2,False,fsc_admin_lhz,East Africa,Stressed
2026-03-01,2026-05-01,2026-03-01,KE,KE2016C312080016,"Southeastern Marginal Mixed Farming Zone, Tigania East, Meru, Kenya",Kenya,Meru,Tigania East,KE16,Southeastern Marginal Mixed Farming Zone,3,False,fsc_admin_lhz,East Africa,Crisis
2026-03-01,2026-05-01,2026-03-01,KE,KE2016C316080016,"Southeastern Marginal Mixed Farming Zone, Yatta, Machakos, Kenya",Kenya,Machakos,Yatta,KE16,Southeastern Marginal Mixed Farming Zone,1,False,fsc_admin_lhz,East Africa,Minimal
2026-03-01,2026-05-01,2026-03-01,KE,KE2016C322040017,"Southeastern Medium Potential, Mixed Farming Zone, Juja, Kiambu, Kenya",Kenya,Kiambu,Juja,KE17,"Southeastern Medium Potential, Mixed Farming Zone",1,False,fsc_admin_lhz,East Africa,Minimal
2026-03-01,2026-05-01,2026-03-01,KE,KE2016C317010017,"Southeastern Medium Potential, Mixed Farming Zone, Kaiti, Makueni, Kenya",Kenya,Makueni,Kaiti,KE17,"Southeastern Medium Potential, Mixed Farming Zone",3,False,fsc_admin_lhz,East Africa,Crisis
2026-03-01,2026-05-01,2026-03-01,KE,KE2016C316010017,"Southeastern Medium Potential, Mixed Farming Zone, Kangundo, Machakos, Kenya",Kenya,Machakos,Kangundo,KE17,"Southeastern Medium Potential, Mixed Farming Zone",1,False,fsc_admin_lhz,East Africa,Minimal
2026-03-01,2026-05-01,2026-03-01,KE,KE2016C347090017,"Southeastern Medium Potential, Mixed Farming Zone, Kasarani, Nairobi, Kenya",Kenya,Nairobi,Kasarani,KE17,"Southeastern Medium Potential, Mixed Farming Zone",1,False,fsc_admin_lhz,East Africa,Minimal
2026-03-01,2026-05-01,2026-03-01,KE,KE2016C316020017,"Southeastern Medium Potential, Mixed Farming Zone, Kathiani, Machakos, Kenya",Kenya,Machakos,Kathiani,KE17,"Southeastern Medium Potential, Mixed Farming Zone",1,False,fsc_admin_lhz,East Africa,Minimal
2026-03-01,2026-05-01,2026-03-01,KE,KE2016C317040017,"Southeastern Medium Potential, Mixed Farming Zone, Kilome, Makueni, Kenya",Kenya,Makueni,Kilome,KE17,"Southeastern Medium Potential, Mixed Farming Zone",3,False,fsc_admin_lhz,East Africa,Crisis
2026-03-01,2026-05-01,2026-03-01,KE,KE2016C316030017,"Southeastern Medium Potential, Mixed Farming Zone, Machakos Town, Machakos, Kenya",Kenya,Machakos,Machakos Town,KE17,"Southeastern Medium Potential, Mixed Farming Zone",1,False,fsc_admin_lhz,East Africa,Minimal
2026-03-01,2026-05-01,2026-03-01,KE,KE2016C317050017,"Southeastern Medium Potential, Mixed Farming Zone, Makueni, Makueni, Kenya",Kenya,Makueni,Makueni,KE17,"Southeastern Medium Potential, Mixed Farming Zone",3,False,fsc_admin_lhz,East Africa,Crisis
2026-03-01,2026-05-01,2026-03-01,KE,KE2016C316050017,"Southeastern Medium Potential, Mixed Farming Zone, Matungulu, Machakos, Kenya",Kenya,Machakos,Matungulu,KE17,"Southeastern Medium Potential, Mixed Farming Zone",1,False,fsc_admin_lhz,East Africa,Minimal
2026-03-01,2026-05-01,2026-03-01,KE,KE2016C316060017,"Southeastern Medium Potential, Mixed Farming Zone, Mavoko, Machakos, Kenya",Kenya,Machakos,Mavoko,KE17,"Southeastern Medium Potential, Mixed Farming Zone",1,False,fsc_admin_lhz,East Africa,Minimal
2026-03-01,2026-05-01,2026-03-01,KE,KE2016C317060017,"Southeastern Medium Potential, Mixed Farming Zone, Mbooni, Makueni, Kenya",Kenya,Makueni,Mbooni,KE17,"Southeastern Medium Potential, Mixed Farming Zone",3,False,fsc_admin_lhz,East Africa,Crisis
2026-03-01,2026-05-01,2026-03-01,KE,KE2016C316070017,"Southeastern Medium Potential, Mixed Farming Zone, Mwala, Machakos, Kenya",Kenya,Machakos,Mwala,KE17,"Southeastern Medium Potential, Mixed Farming Zone",1,False,fsc_admin_lhz,East Africa,Minimal
2026-03-01,2026-05-01,2026-03-01,KE,KE2016C322110017,"Southeastern Medium Potential, Mixed Farming Zone, Ruiru, Kiambu, Kenya",Kenya,Kiambu,Ruiru,KE17,"Southeastern Medium Potential, Mixed Farming Zone",1,False,fsc_admin_lhz,East Africa,Minimal
2026-03-01,2026-05-01,2026-03-01,KE,KE2016C305010111,"Southeastern Pastoral  Zone, Basuba, Lamu East, Lamu, Kenya",Kenya,Lamu,Lamu East,KE11,Southeastern Pastoral  Zone,3,False,fsc_admin_lhz,East Africa,Crisis
2026-03-01,2026-05-01,2026-03-01,KE,KE2016C304010111,"Southeastern Pastoral  Zone, Bungale, Bura, Tana River, Kenya",Kenya,Tana River,Bura,KE11,Southeastern Pastoral  Zone,3,False,fsc_admin_lhz,East Africa,Crisis
2026-03-01,2026-05-01,2026-03-01,KE,KE2016C307030111,"Southeastern Pastoral  Zone, Bura, Fafi, Garissa, Kenya",Kenya,Garissa,Fafi,KE11,Southeastern Pastoral  Zone,3,False,fsc_admin_lhz,East Africa,Crisis
2026-03-01,2026-05-01,2026-03-01,KE,KE2016C304020111,"Southeastern Pastoral  Zone, Chewani, Galole, Tana River, Kenya",Kenya,Tana River,Galole,KE11,Southeastern Pastoral  Zone,3,False,fsc_admin_lhz,East Africa,Crisis
2026-03-01,2026-05-01,2026-03-01,KE,KE2016C304010211,"Southeastern Pastoral  Zone, Chewele, Bura, Tana River, Kenya",Kenya,Tana River,Bura,KE11,Southeastern Pastoral  Zone,3,False,fsc_admin_lhz,East Africa,Crisis
2026-03-01,2026-05-01,2026-03-01,KE,KE2016C307030211,"Southeastern Pastoral  Zone, Dekaharia, Fafi, Garissa, Kenya",Kenya,Garissa,Fafi,KE11,Southeastern Pastoral  Zone,3,False,fsc_admin_lhz,East Africa,Crisis
2026-03-01,2026-05-01,2026-03-01,KE,KE2016C307030311,"Southeastern Pastoral  Zone, Fafi, Fafi, Garissa, Kenya",Kenya,Garissa,Fafi,KE11,Southeastern Pastoral  Zone,3,False,fsc_admin_lhz,East Africa,Crisis
2026-03-01,2026-05-01,2026-03-01,KE,KE2016C304030111,"Southeastern Pastoral  Zone, Garsen Central, Garsen, Tana River, Kenya",Kenya,Tana River,Garsen,KE11,Southeastern Pastoral  Zone,3,False,fsc_admin_lhz,East Africa,Crisis
2026-03-01,2026-05-01,2026-03-01,KE,KE2016C304030211,"Southeastern Pastoral  Zone, Garsen North, Garsen, Tana River, Kenya",Kenya,Tana River,Garsen,KE11,Southeastern Pastoral  Zone,3,False,fsc_admin_lhz,East Africa,Crisis
2026-03-01,2026-05-01,2026-03-01,KE,KE2016C304030311,"Southeastern Pastoral  Zone, Garsen South, Garsen, Tana River, Kenya",Kenya,Tana River,Garsen,KE11,Southeastern Pastoral  Zone,3,False,fsc_admin_lhz,East Africa,Crisis
2026-03-01,2026-05-01,2026-03-01,KE,KE2016C304020211,"Southeastern Pastoral  Zone, Garsen West, Galole, Tana River, Kenya",Kenya,Tana River,Galole,KE11,Southeastern Pastoral  Zone,3,False,fsc_admin_lhz,East Africa,Crisis
2026-03-01,2026-05-01,2026-03-01,KE,KE2016C304030411,"Southeastern Pastoral  Zone, Garsen West, Garsen, Tana River, Kenya",Kenya,Tana River,Garsen,KE11,Southeastern Pastoral  Zone,3,False,fsc_admin_lhz,East Africa,Crisis
2026-03-01,2026-05-01,2026-03-01,KE,KE2016C305020111,"Southeastern Pastoral  Zone, Hindi, Lamu West, Lamu, Kenya",Kenya,Lamu,Lamu West,KE11,Southeastern Pastoral  Zone,3,False,fsc_admin_lhz,East Africa,Crisis
2026-03-01,2026-05-01,2026-03-01,KE,KE2016C304010311,"Southeastern Pastoral  Zone, Hirimani, Bura, Tana River, Kenya",Kenya,Tana River,Bura,KE11,Southeastern Pastoral  Zone,3,False,fsc_admin_lhz,East Africa,Crisis
2026-03-01,2026-05-01,2026-03-01,KE,KE2016C307050111,"Southeastern Pastoral  Zone, Hulugho, Ijara, Garissa, Kenya",Kenya,Garissa,Ijara,KE11,Southeastern Pastoral  Zone,3,False,fsc_admin_lhz,East Africa,Crisis
2026-03-01,2026-05-01,2026-03-01,KE,KE2016C307050211,"Southeastern Pastoral  Zone, Ijara, Ijara, Garissa, Kenya",Kenya,Garissa,Ijara,KE11,Southeastern Pastoral  Zone,3,False,fsc_admin_lhz,East Africa,Crisis
2026-03-01,2026-05-01,2026-03-01,KE,KE2016C307030411,"Southeastern Pastoral  Zone, Jar Jila, Fafi, Garissa, Kenya",Kenya,Garissa,Fafi,KE11,Southeastern Pastoral  Zone,3,False,fsc_admin_lhz,East Africa,Crisis
2026-03-01,2026-05-01,2026-03-01,KE,KE2016C304020311,"Southeastern Pastoral  Zone, Kinakomba, Galole, Tana River, Kenya",Kenya,Tana River,Galole,KE11,Southeastern Pastoral  Zone,3,False,fsc_admin_lhz,East Africa,Crisis
2026-03-01,2026-05-01,2026-03-01,KE,KE2016C304030511,"Southeastern Pastoral  Zone, Kipini East, Garsen, Tana River, Kenya",Kenya,Tana River,Garsen,KE11,Southeastern Pastoral  Zone,3,False,fsc_admin_lhz,East Africa,Crisis
2026-03-01,2026-05-01,2026-03-01,KE,KE2016C304030611,"Southeastern Pastoral  Zone, Kipini West, Garsen, Tana River, Kenya",Kenya,Tana River,Garsen,KE11,Southeastern Pastoral  Zone,3,False,fsc_admin_lhz,East Africa,Crisis
2026-03-01,2026-05-01,2026-03-01,KE,KE2016C305010311,"Southeastern Pastoral  Zone, Kiunga, Lamu East, Lamu, Kenya",Kenya,Lamu,Lamu East,KE11,Southeastern Pastoral  Zone,3,False,fsc_admin_lhz,East Africa,Crisis
2026-03-01,2026-05-01,2026-03-01,KE,KE2016C307050311,"Southeastern Pastoral  Zone, Kotile, Ijara, Garissa, Kenya",Kenya,Garissa,Ijara,KE11,Southeastern Pastoral  Zone,3,False,fsc_admin_lhz,East Africa,Crisis
2026-03-01,2026-05-01,2026-03-01,KE,KE2016C304010411,"Southeastern Pastoral  Zone, Madogo, Bura, Tana River, Kenya",Kenya,Tana River,Bura,KE11,Southeastern Pastoral  Zone,3,False,fsc_admin_lhz,East Africa,Crisis
2026-03-01,2026-05-01,2026-03-01,KE,KE2016C304020411,"Southeastern Pastoral  Zone, Mikinduni, Galole, Tana River, Kenya",Kenya,Tana River,Galole,KE11,Southeastern Pastoral  Zone,3,False,fsc_admin_lhz,East Africa,Crisis
2026-03-01,2026-05-01,2026-03-01,KE,KE2016C305020211,"Southeastern Pastoral  Zone, Mkunumbi, Lamu West, Lamu, Kenya",Kenya,Lamu,Lamu West,KE11,Southeastern Pastoral  Zone,3,False,fsc_admin_lhz,East Africa,Crisis
2026-03-01,2026-05-01,2026-03-01,KE,KE2016C307030511,"Southeastern Pastoral  Zone, Nanigh, Fafi, Garissa, Kenya",Kenya,Garissa,Fafi,KE11,Southeastern Pastoral  Zone,3,False,fsc_admin_lhz,East Africa,Crisis
2026-03-01,2026-05-01,2026-03-01,KE,KE2016C304010511,"Southeastern Pastoral  Zone, Sala, Bura, Tana River, Kenya",Kenya,Tana River,Bura,KE11,Southeastern Pastoral  Zone,3,False,fsc_admin_lhz,East Africa,Crisis
2026-03-01,2026-05-01,2026-03-01,KE,KE2016C307050411,"Southeastern Pastoral  Zone, Sangailu, Ijara, Garissa, Kenya",Kenya,Garissa,Ijara,KE11,Southeastern Pastoral  Zone,3,False,fsc_admin_lhz,East Africa,Crisis
2026-03-01,2026-05-01,2026-03-01,KE,KE2016C304020511,"Southeastern Pastoral  Zone, Wayu, Galole, Tana River, Kenya",Kenya,Tana River,Galole,KE11,Southeastern Pastoral  Zone,3,False,fsc_admin_lhz,East Africa,Crisis
2026-03-01,2026-05-01,2026-03-01,KE,KE2016C305020311,"Southeastern Pastoral  Zone, Witu, Lamu West, Lamu, Kenya",Kenya,Lamu,Lamu West,KE11,Southeastern Pastoral  Zone,3,False,fsc_admin_lhz,East Africa,Crisis
2026-03-01,2026-05-01,2026-03-01,KE,KE2016C333010018,"Southern Agropastoral Zone, Emurua Dikirr, Narok, Kenya",Kenya,Narok,Emurua Dikirr,KE18,Southern Agropastoral Zone,2,False,fsc_admin_lhz,East Africa,Stressed
2026-03-01,2026-05-01,2026-03-01,KE,KE2016C334020018,"Southern Agropastoral Zone, Kajiado East, Kajiado, Kenya",Kenya,Kajiado,Kajiado East,KE18,Southern Agropastoral Zone,2,False,fsc_admin_lhz,East Africa,Stressed
2026-03-01,2026-05-01,2026-03-01,KE,KE2016C334030018,"Southern Agropastoral Zone, Kajiado North, Kajiado, Kenya",Kenya,Kajiado,Kajiado North,KE18,Southern Agropastoral Zone,2,False,fsc_admin_lhz,East Africa,Stressed
2026-03-01,2026-05-01,2026-03-01,KE,KE2016C334050018,"Southern Agropastoral Zone, Kajiado West, Kajiado, Kenya",Kenya,Kajiado,Kajiado West,KE18,Southern Agropastoral Zone,2,False,fsc_admin_lhz,East Africa,Stressed
2026-03-01,2026-05-01,2026-03-01,KE,KE2016C322080018,"Southern Agropastoral Zone, Kikuyu, Kiambu, Kenya",Kenya,Kiambu,Kikuyu,KE18,Southern Agropastoral Zone,1,False,fsc_admin_lhz,East Africa,Minimal
2026-03-01,2026-05-01,2026-03-01,KE,KE2016C333020018,"Southern Agropastoral Zone, Kilgoris, Narok, Kenya",Kenya,Narok,Kilgoris,KE18,Southern Agropastoral Zone,2,False,fsc_admin_lhz,East Africa,Stressed
2026-03-01,2026-05-01,2026-03-01,KE,KE2016C344020018,"Southern Agropastoral Zone, Kuria East, Migori, Kenya",Kenya,Migori,Kuria East,KE18,Southern Agropastoral Zone,1,False,fsc_admin_lhz,East Africa,Minimal
2026-03-01,2026-05-01,2026-03-01,KE,KE2016C344030018,"Southern Agropastoral Zone, Kuria West, Migori, Kenya",Kenya,Migori,Kuria West,KE18,Southern Agropastoral Zone,1,False,fsc_admin_lhz,East Africa,Minimal
2026-03-01,2026-05-01,2026-03-01,KE,KE2016C347110018,"Southern Agropastoral Zone, Langata, Nairobi, Kenya",Kenya,Nairobi,Langata,KE18,Southern Agropastoral Zone,1,False,fsc_admin_lhz,East Africa,Minimal
2026-03-01,2026-05-01,2026-03-01,KE,KE2016C322100018,"Southern Agropastoral Zone, Limuru, Kiambu, Kenya",Kenya,Kiambu,Limuru,KE18,Southern Agropastoral Zone,1,False,fsc_admin_lhz,East Africa,Minimal
2026-03-01,2026-05-01,2026-03-01,KE,KE2016C316060018,"Southern Agropastoral Zone, Mavoko, Machakos, Kenya",Kenya,Machakos,Mavoko,KE18,Southern Agropastoral Zone,1,False,fsc_admin_lhz,East Africa,Minimal
2026-03-01,2026-05-01,2026-03-01,KE,KE2016C332060018,"Southern Agropastoral Zone, Naivasha, Nakuru, Kenya",Kenya,Nakuru,Naivasha,KE18,Southern Agropastoral Zone,1,False,fsc_admin_lhz,East Africa,Minimal
2026-03-01,2026-05-01,2026-03-01,KE,KE2016C333030018,"Southern Agropastoral Zone, Narok East, Narok, Kenya",Kenya,Narok,Narok East,KE18,Southern Agropastoral Zone,2,False,fsc_admin_lhz,East Africa,Stressed
2026-03-01,2026-05-01,2026-03-01,KE,KE2016C333040018,"Southern Agropastoral Zone, Narok North, Narok, Kenya",Kenya,Narok,Narok North,KE18,Southern Agropastoral Zone,2,False,fsc_admin_lhz,East Africa,Stressed
2026-03-01,2026-05-01,2026-03-01,KE,KE2016C333050018,"Southern Agropastoral Zone, Narok South, Narok, Kenya",Kenya,Narok,Narok South,KE18,Southern Agropastoral Zone,2,False,fsc_admin_lhz,East Africa,Stressed
2026-03-01,2026-05-01,2026-03-01,KE,KE2016C333060018,"Southern Agropastoral Zone, Narok West, Narok, Kenya",Kenya,Narok,Narok West,KE18,Southern Agropastoral Zone,2,False,fsc_admin_lhz,East Africa,Stressed
2026-03-01,2026-05-01,2026-03-01,KE,KE2016C344060018,"Southern Agropastoral Zone, Suna East, Migori, Kenya",Kenya,Migori,Suna East,KE18,Southern Agropastoral Zone,1,False,fsc_admin_lhz,East Africa,Minimal
2026-03-01,2026-05-01,2026-03-01,KE,KE2016C344070018,"Southern Agropastoral Zone, Suna West, Migori, Kenya",Kenya,Migori,Suna West,KE18,Southern Agropastoral Zone,1,False,fsc_admin_lhz,East Africa,Minimal
2026-03-01,2026-05-01,2026-03-01,KE,KE2016C334010015,"Southern Pastoral Zone, Kajiado Central, Kajiado, Kenya",Kenya,Kajiado,Kajiado Central,KE15,Southern Pastoral Zone,2,False,fsc_admin_lhz,East Africa,Stressed
2026-03-01,2026-05-01,2026-03-01,KE,KE2016C334020015,"Southern Pastoral Zone, Kajiado East, Kajiado, Kenya",Kenya,Kajiado,Kajiado East,KE15,Southern Pastoral Zone,2,False,fsc_admin_lhz,East Africa,Stressed
2026-03-01,2026-05-01,2026-03-01,KE,KE2016C334040015,"Southern Pastoral Zone, Kajiado South, Kajiado, Kenya",Kenya,Kajiado,Kajiado South,KE15,Southern Pastoral Zone,2,False,fsc_admin_lhz,East Africa,Stressed
2026-03-01,2026-05-01,2026-03-01,KE,KE2016C334050015,"Southern Pastoral Zone, Kajiado West, Kajiado, Kenya",Kenya,Kajiado,Kajiado West,KE15,Southern Pastoral Zone,2,False,fsc_admin_lhz,East Africa,Stressed
2026-03-01,2026-05-01,2026-03-01,KE,KE2016C317020015,"Southern Pastoral Zone, Kibwezi East, Makueni, Kenya",Kenya,Makueni,Kibwezi East,KE15,Southern Pastoral Zone,3,False,fsc_admin_lhz,East Africa,Crisis
2026-03-01,2026-05-01,2026-03-01,KE,KE2016C317030015,"Southern Pastoral Zone, Kibwezi West, Makueni, Kenya",Kenya,Makueni,Kibwezi West,KE15,Southern Pastoral Zone,3,False,fsc_admin_lhz,East Africa,Crisis
2026-03-01,2026-05-01,2026-03-01,KE,KE2016C333020015,"Southern Pastoral Zone, Kilgoris, Narok, Kenya",Kenya,Narok,Kilgoris,KE15,Southern Pastoral Zone,2,False,fsc_admin_lhz,East Africa,Stressed
2026-03-01,2026-05-01,2026-03-01,KE,KE2016C344020015,"Southern Pastoral Zone, Kuria East, Migori, Kenya",Kenya,Migori,Kuria East,KE15,Southern Pastoral Zone,1,False,fsc_admin_lhz,East Africa,Minimal
2026-03-01,2026-05-01,2026-03-01,KE,KE2016C333030015,"Southern Pastoral Zone, Narok East, Narok, Kenya",Kenya,Narok,Narok East,KE15,Southern Pastoral Zone,2,False,fsc_admin_lhz,East Africa,Stressed
2026-03-01,2026-05-01,2026-03-01,KE,KE2016C333040015,"Southern Pastoral Zone, Narok North, Narok, Kenya",Kenya,Narok,Narok North,KE15,Southern Pastoral Zone,2,False,fsc_admin_lhz,East Africa,Stressed
2026-03-01,2026-05-01,2026-03-01,KE,KE2016C333050015,"Southern Pastoral Zone, Narok South, Narok, Kenya",Kenya,Narok,Narok South,KE15,Southern Pastoral Zone,2,False,fsc_admin_lhz,East Africa,Stressed
2026-03-01,2026-05-01,2026-03-01,KE,KE2016C333060015,"Southern Pastoral Zone, Narok West, Narok, Kenya",Kenya,Narok,Narok West,KE15,Southern Pastoral Zone,2,False,fsc_admin_lhz,East Africa,Stressed
2026-03-01,2026-05-01,2026-03-01,KE,KE2016C306030015,"Southern Pastoral Zone, Voi, Taita Taveta, Kenya",Kenya,Taita Taveta,Voi,KE15,Southern Pastoral Zone,2,False,fsc_admin_lhz,East Africa,Stressed
2026-03-01,2026-05-01,2026-03-01,KE,KE2016C304010114,"Tana Riverine Zone, Bungale, Bura, Tana River, Kenya",Kenya,Tana River,Bura,KE14,Tana Riverine Zone,3,False,fsc_admin_lhz,East Africa,Crisis
2026-03-01,2026-05-01,2026-03-01,KE,KE2016C304020114,"Tana Riverine Zone, Chewani, Galole, Tana River, Kenya",Kenya,Tana River,Galole,KE14,Tana Riverine Zone,3,False,fsc_admin_lhz,East Africa,Crisis
2026-03-01,2026-05-01,2026-03-01,KE,KE2016C304010214,"Tana Riverine Zone, Chewele, Bura, Tana River, Kenya",Kenya,Tana River,Bura,KE14,Tana Riverine Zone,3,False,fsc_admin_lhz,East Africa,Crisis
2026-03-01,2026-05-01,2026-03-01,KE,KE2016C311020114,"Tana Riverine Zone, Garba Tulla, Isiolo South, Isiolo, Kenya",Kenya,Isiolo,Isiolo South,KE14,Tana Riverine Zone,3,False,fsc_admin_lhz,East Africa,Crisis
2026-03-01,2026-05-01,2026-03-01,KE,KE2016C304030114,"Tana Riverine Zone, Garsen Central, Garsen, Tana River, Kenya",Kenya,Tana River,Garsen,KE14,Tana Riverine Zone,3,False,fsc_admin_lhz,East Africa,Crisis
2026-03-01,2026-05-01,2026-03-01,KE,KE2016C304030214,"Tana Riverine Zone, Garsen North, Garsen, Tana River, Kenya",Kenya,Tana River,Garsen,KE14,Tana Riverine Zone,3,False,fsc_admin_lhz,East Africa,Crisis
2026-03-01,2026-05-01,2026-03-01,KE,KE2016C304030314,"Tana Riverine Zone, Garsen South, Garsen, Tana River, Kenya",Kenya,Tana River,Garsen,KE14,Tana Riverine Zone,3,False,fsc_admin_lhz,East Africa,Crisis
2026-03-01,2026-05-01,2026-03-01,KE,KE2016C304020314,"Tana Riverine Zone, Kinakomba, Galole, Tana River, Kenya",Kenya,Tana River,Galole,KE14,Tana Riverine Zone,3,False,fsc_admin_lhz,East Africa,Crisis
2026-03-01,2026-05-01,2026-03-01,KE,KE2016C311020214,"Tana Riverine Zone, Kinna, Isiolo South, Isiolo, Kenya",Kenya,Isiolo,Isiolo South,KE14,Tana Riverine Zone,3,False,fsc_admin_lhz,East Africa,Crisis
2026-03-01,2026-05-01,2026-03-01,KE,KE2016C323010614,"Tana Riverine Zone, Kipini West, Garsen, Tana River, Kenya",Kenya,Tana River,Garsen,KE14,Tana Riverine Zone,3,False,fsc_admin_lhz,East Africa,Crisis
2026-03-01,2026-05-01,2026-03-01,KE,KE2016C304010414,"Tana Riverine Zone, Madogo, Bura, Tana River, Kenya",Kenya,Tana River,Bura,KE14,Tana Riverine Zone,3,False,fsc_admin_lhz,East Africa,Crisis
2026-03-01,2026-05-01,2026-03-01,KE,KE2016C304020414,"Tana Riverine Zone, Mikinduni, Galole, Tana River, Kenya",Kenya,Tana River,Galole,KE14,Tana Riverine Zone,3,False,fsc_admin_lhz,East Africa,Crisis
2026-03-01,2026-05-01,2026-03-01,KE,KE2016C304010514,"Tana Riverine Zone, Sala, Bura, Tana River, Kenya",Kenya,Tana River,Bura,KE14,Tana Riverine Zone,3,False,fsc_admin_lhz,East Africa,Crisis
2026-03-01,2026-05-01,2026-03-01,KE,KE2016C323020202,"Turkwell Riverine Zone, Kanamkemer, Turkana Central, Turkana, Kenya",Kenya,Turkana,Turkana Central,KE02,Turkwell Riverine Zone,3,False,fsc_admin_lhz,East Africa,Crisis
2026-03-01,2026-05-01,2026-03-01,KE,KE2016C323020302,"Turkwell Riverine Zone, Kang'Atotha, Turkana Central, Turkana, Kenya",Kenya,Turkana,Turkana Central,KE02,Turkwell Riverine Zone,3,False,fsc_admin_lhz,East Africa,Crisis
2026-03-01,2026-05-01,2026-03-01,KE,KE2016C323020402,"Turkwell Riverine Zone, Kerio Delta, Turkana Central, Turkana, Kenya",Kenya,Turkana,Turkana Central,KE02,Turkwell Riverine Zone,3,False,fsc_admin_lhz,East Africa,Crisis
2026-03-01,2026-05-01,2026-03-01,KE,KE2016C323010102,"Turkwell Riverine Zone, Kotaruk/Lobei, Loima, Turkana, Kenya",Kenya,Turkana,Loima,KE02,Turkwell Riverine Zone,3,False,fsc_admin_lhz,East Africa,Crisis
2026-03-01,2026-05-01,2026-03-01,KE,KE2016C323020502,"Turkwell Riverine Zone, Lodwa Township, Turkana Central, Turkana, Kenya",Kenya,Turkana,Turkana Central,KE02,Turkwell Riverine Zone,3,False,fsc_admin_lhz,East Africa,Crisis
2026-03-01,2026-05-01,2026-03-01,KE,KE2016C323010402,"Turkwell Riverine Zone, Turkwel, Loima, Turkana, Kenya",Kenya,Turkana,Loima,KE02,Turkwell Riverine Zone,3,False,fsc_admin_lhz,East Africa,Crisis
2026-03-01,2026-05-01,2026-03-01,KE,KE2016C325020124,"Western Agropastoral Zone, Angata Nanyokie, Samburu North, Samburu, Kenya",Kenya,Samburu,Samburu North,KE24,Western Agropastoral Zone,3,False,fsc_admin_lhz,East Africa,Crisis
2026-03-01,2026-05-01,2026-03-01,KE,KE2016C325020224,"Western Agropastoral Zone, Baawa, Samburu North, Samburu, Kenya",Kenya,Samburu,Samburu North,KE24,Western Agropastoral Zone,3,False,fsc_admin_lhz,East Africa,Crisis
2026-03-01,2026-05-01,2026-03-01,KE,KE2016C330010024,"Western Agropastoral Zone, Baringo Central, Baringo, Kenya",Kenya,Baringo,Baringo Central,KE24,Western Agropastoral Zone,2,False,fsc_admin_lhz,East Africa,Stressed
2026-03-01,2026-05-01,2026-03-01,KE,KE2016C330020024,"Western Agropastoral Zone, Baringo North, Baringo, Kenya",Kenya,Baringo,Baringo North,KE24,Western Agropastoral Zone,2,False,fsc_admin_lhz,East Africa,Stressed
2026-03-01,2026-05-01,2026-03-01,KE,KE2016C330030024,"Western Agropastoral Zone, Baringo South, Baringo, Kenya",Kenya,Baringo,Baringo South,KE24,Western Agropastoral Zone,2,False,fsc_admin_lhz,East Africa,Stressed
2026-03-01,2026-05-01,2026-03-01,KE,KE2016C325020324,"Western Agropastoral Zone, El-Barta, Samburu North, Samburu, Kenya",Kenya,Samburu,Samburu North,KE24,Western Agropastoral Zone,3,False,fsc_admin_lhz,East Africa,Crisis
2026-03-01,2026-05-01,2026-03-01,KE,KE2016C324010024,"Western Agropastoral Zone, Kacheliba, West Pokot, Kenya",Kenya,West Pokot,Kacheliba,KE24,Western Agropastoral Zone,2,False,fsc_admin_lhz,East Africa,Stressed
2026-03-01,2026-05-01,2026-03-01,KE,KE2016C323030124,"Western Agropastoral Zone, Kapedo/Napeitom, Turkana East, Turkana, Kenya",Kenya,Turkana,Turkana East,KE24,Western Agropastoral Zone,3,False,fsc_admin_lhz,East Africa,Crisis
2026-03-01,2026-05-01,2026-03-01,KE,KE2016C324020024,"Western Agropastoral Zone, Kapenguria, West Pokot, Kenya",Kenya,West Pokot,Kapenguria,KE24,Western Agropastoral Zone,2,False,fsc_admin_lhz,East Africa,Stressed
2026-03-01,2026-05-01,2026-03-01,KE,KE2016C328010024,"Western Agropastoral Zone, Keiyo North, Elgeyo-Marakwet, Kenya",Kenya,Elgeyo Marakwet,Keiyo North,KE24,Western Agropastoral Zone,1,False,fsc_admin_lhz,East Africa,Minimal
2026-03-01,2026-05-01,2026-03-01,KE,KE2016C331010024,"Western Agropastoral Zone, Laikipia East, Laikipia, Kenya",Kenya,Laikipia,Laikipia East,KE24,Western Agropastoral Zone,2,False,fsc_admin_lhz,East Africa,Stressed
2026-03-01,2026-05-01,2026-03-01,KE,KE2016C331020024,"Western Agropastoral Zone, Laikipia North, Laikipia, Kenya",Kenya,Laikipia,Laikipia North,KE24,Western Agropastoral Zone,2,False,fsc_admin_lhz,East Africa,Stressed
2026-03-01,2026-05-01,2026-03-01,KE,KE2016C331030024,"Western Agropastoral Zone, Laikipia West, Laikipia, Kenya",Kenya,Laikipia,Laikipia West,KE24,Western Agropastoral Zone,2,False,fsc_admin_lhz,East Africa,Stressed
2026-03-01,2026-05-01,2026-03-01,KE,KE2016C325030124,"Western Agropastoral Zone, Lodokejek, Samburu West, Samburu, Kenya",Kenya,Samburu,Samburu West,KE24,Western Agropastoral Zone,3,False,fsc_admin_lhz,East Africa,Crisis
2026-03-01,2026-05-01,2026-03-01,KE,KE2016C325030224,"Western Agropastoral Zone, Loosuk, Samburu West, Samburu, Kenya",Kenya,Samburu,Samburu West,KE24,Western Agropastoral Zone,3,False,fsc_admin_lhz,East Africa,Crisis
2026-03-01,2026-05-01,2026-03-01,KE,KE2016C328030024,"Western Agropastoral Zone, Marakwet East, Elgeyo-Marakwet, Kenya",Kenya,Elgeyo Marakwet,Marakwet East,KE24,Western Agropastoral Zone,1,False,fsc_admin_lhz,East Africa,Minimal
2026-03-01,2026-05-01,2026-03-01,KE,KE2016C328040024,"Western Agropastoral Zone, Marakwet West, Elgeyo-Marakwet, Kenya",Kenya,Elgeyo Marakwet,Marakwet West,KE24,Western Agropastoral Zone,1,False,fsc_admin_lhz,East Africa,Minimal
2026-03-01,2026-05-01,2026-03-01,KE,KE2016C325030324,"Western Agropastoral Zone, Maralal, Samburu West, Samburu, Kenya",Kenya,Samburu,Samburu West,KE24,Western Agropastoral Zone,3,False,fsc_admin_lhz,East Africa,Crisis
2026-03-01,2026-05-01,2026-03-01,KE,KE2016C325020424,"Western Agropastoral Zone, Nachola, Samburu North, Samburu, Kenya",Kenya,Samburu,Samburu North,KE24,Western Agropastoral Zone,3,False,fsc_admin_lhz,East Africa,Crisis
2026-03-01,2026-05-01,2026-03-01,KE,KE2016C311010524,"Western Agropastoral Zone, Oldo-Nyiro, Isiolo North, Isiolo, Kenya",Kenya,Isiolo,Isiolo North,KE24,Western Agropastoral Zone,3,False,fsc_admin_lhz,East Africa,Crisis
2026-03-01,2026-05-01,2026-03-01,KE,KE2016C324030024,"Western Agropastoral Zone, Pokot South, West Pokot, Kenya",Kenya,West Pokot,Pokot South,KE24,Western Agropastoral Zone,2,False,fsc_admin_lhz,East Africa,Stressed
2026-03-01,2026-05-01,2026-03-01,KE,KE2016C325030424,"Western Agropastoral Zone, Porro, Samburu West, Samburu, Kenya",Kenya,Samburu,Samburu West,KE24,Western Agropastoral Zone,3,False,fsc_admin_lhz,East Africa,Crisis
2026-03-01,2026-05-01,2026-03-01,KE,KE2016C324040024,"Western Agropastoral Zone, Sigor, West Pokot, Kenya",Kenya,West Pokot,Sigor,KE24,Western Agropastoral Zone,2,False,fsc_admin_lhz,East Africa,Stressed
2026-03-01,2026-05-01,2026-03-01,KE,KE2016C325030524,"Western Agropastoral Zone, Suguta Marmar, Samburu West, Samburu, Kenya",Kenya,Samburu,Samburu West,KE24,Western Agropastoral Zone,3,False,fsc_admin_lhz,East Africa,Crisis
2026-03-01,2026-05-01,2026-03-01,KE,KE2016C330060024,"Western Agropastoral Zone, Tiaty, Baringo, Kenya",Kenya,Baringo,Tiaty,KE24,Western Agropastoral Zone,2,False,fsc_admin_lhz,East Africa,Stressed
2026-03-01,2026-05-01,2026-03-01,KE,KE2016C325010124,"Western Agropastoral Zone, Wamba East, Samburu East, Samburu, Kenya",Kenya,Samburu,Samburu East,KE24,Western Agropastoral Zone,3,False,fsc_admin_lhz,East Africa,Crisis
2026-03-01,2026-05-01,2026-03-01,KE,KE2016C325010224,"Western Agropastoral Zone, Wamba North, Samburu East, Samburu, Kenya",Kenya,Samburu,Samburu East,KE24,Western Agropastoral Zone,3,False,fsc_admin_lhz,East Africa,Crisis
2026-03-01,2026-05-01,2026-03-01,KE,KE2016C325010324,"Western Agropastoral Zone, Wamba West, Samburu East, Samburu, Kenya",Kenya,Samburu,Samburu East,KE24,Western Agropastoral Zone,3,False,fsc_admin_lhz,East Africa,Crisis
2026-03-01,2026-05-01,2026-03-01,KE,KE2016C325010424,"Western Agropastoral Zone, Waso, Samburu East, Samburu, Kenya",Kenya,Samburu,Samburu East,KE24,Western Agropastoral Zone,3,False,fsc_admin_lhz,East Africa,Crisis
2026-03-01,2026-05-01,2026-03-01,KE,KE2016C327010021,"Western High Potential Zone, Ainabkoi, Uasin Gishu, Kenya",Kenya,Uasin Gishu,Ainabkoi,KE21,Western High Potential Zone,1,False,fsc_admin_lhz,East Africa,Minimal
2026-03-01,2026-05-01,2026-03-01,KE,KE2016C335010021,"Western High Potential Zone, Ainamoi, Kericho, Kenya",Kenya,Kericho,Ainamoi,KE21,Western High Potential Zone,1,False,fsc_admin_lhz,East Africa,Minimal
2026-03-01,2026-05-01,2026-03-01,KE,KE2016C329010021,"Western High Potential Zone, Aldai, Nandi, Kenya",Kenya,Nandi,Aldai,KE21,Western High Potential Zone,1,False,fsc_admin_lhz,East Africa,Minimal
2026-03-01,2026-05-01,2026-03-01,KE,KE2016C344010021,"Western High Potential Zone, Awendo, Migori, Kenya",Kenya,Migori,Awendo,KE21,Western High Potential Zone,1,False,fsc_admin_lhz,East Africa,Minimal
2026-03-01,2026-05-01,2026-03-01,KE,KE2016C335020021,"Western High Potential Zone, Belgut, Kericho, Kenya",Kenya,Kericho,Belgut,KE21,Western High Potential Zone,1,False,fsc_admin_lhz,East Africa,Minimal
2026-03-01,2026-05-01,2026-03-01,KE,KE2016C345010021,"Western High Potential Zone, Bobasi, Kisii, Kenya",Kenya,Kisii,Bobasi,KE21,Western High Potential Zone,1,False,fsc_admin_lhz,East Africa,Minimal
2026-03-01,2026-05-01,2026-03-01,KE,KE2016C345020021,"Western High Potential Zone, Bomachoge Borabu, Kisii, Kenya",Kenya,Kisii,Bomachoge Borabu,KE21,Western High Potential Zone,1,False,fsc_admin_lhz,East Africa,Minimal
2026-03-01,2026-05-01,2026-03-01,KE,KE2016C345030021,"Western High Potential Zone, Bomachoge Chache, Kisii, Kenya",Kenya,Kisii,Bomachoge Chache,KE21,Western High Potential Zone,1,False,fsc_admin_lhz,East Africa,Minimal
2026-03-01,2026-05-01,2026-03-01,KE,KE2016C336010021,"Western High Potential Zone, Bomet Central, Bomet, Kenya",Kenya,Bomet,Bomet Central,KE21,Western High Potential Zone,1,False,fsc_admin_lhz,East Africa,Minimal
2026-03-01,2026-05-01,2026-03-01,KE,KE2016C336020021,"Western High Potential Zone, Bomet East, Bomet, Kenya",Kenya,Bomet,Bomet East,KE21,Western High Potential Zone,1,False,fsc_admin_lhz,East Africa,Minimal
2026-03-01,2026-05-01,2026-03-01,KE,KE2016C345040021,"Western High Potential Zone, Bonchari, Kisii, Kenya",Kenya,Kisii,Bonchari,KE21,Western High Potential Zone,1,False,fsc_admin_lhz,East Africa,Minimal
2026-03-01,2026-05-01,2026-03-01,KE,KE2016C346010021,"Western High Potential Zone, Borabu, Nyamira, Kenya",Kenya,Nyamira,Borabu,KE21,Western High Potential Zone,1,False,fsc_admin_lhz,East Africa,Minimal
2026-03-01,2026-05-01,2026-03-01,KE,KE2016C339010021,"Western High Potential Zone, Bumula, Bungoma, Kenya",Kenya,Bungoma,Bumula,KE21,Western High Potential Zone,1,False,fsc_admin_lhz,East Africa,Minimal
2026-03-01,2026-05-01,2026-03-01,KE,KE2016C335030021,"Western High Potential Zone, Bureti, Kericho, Kenya",Kenya,Kericho,Bureti,KE21,Western High Potential Zone,1,False,fsc_admin_lhz,East Africa,Minimal
2026-03-01,2026-05-01,2026-03-01,KE,KE2016C337010021,"Western High Potential Zone, Butere, Kakamega, Kenya",Kenya,Kakamega,Butere,KE21,Western High Potential Zone,1,False,fsc_admin_lhz,East Africa,Minimal
2026-03-01,2026-05-01,2026-03-01,KE,KE2016C340020021,"Western High Potential Zone, Butula, Busia, Kenya",Kenya,Busia,Butula,KE21,Western High Potential Zone,1,False,fsc_admin_lhz,East Africa,Minimal
2026-03-01,2026-05-01,2026-03-01,KE,KE2016C336030021,"Western High Potential Zone, Chepalungu, Bomet, Kenya",Kenya,Bomet,Chepalungu,KE21,Western High Potential Zone,1,False,fsc_admin_lhz,East Africa,Minimal
2026-03-01,2026-05-01,2026-03-01,KE,KE2016C326010021,"Western High Potential Zone, Cherangany, Trans Nzoia, Kenya",Kenya,Trans Nzoia,Cherangany,KE21,Western High Potential Zone,1,False,fsc_admin_lhz,East Africa,Minimal
2026-03-01,2026-05-01,2026-03-01,KE,KE2016C329020021,"Western High Potential Zone, Chesumei, Nandi, Kenya",Kenya,Nandi,Chesumei,KE21,Western High Potential Zone,1,False,fsc_admin_lhz,East Africa,Minimal
2026-03-01,2026-05-01,2026-03-01,KE,KE2016C330040021,"Western High Potential Zone, Eldama Ravine, Baringo, Kenya",Kenya,Baringo,Eldama Ravine,KE21,Western High Potential Zone,2,False,fsc_admin_lhz,East Africa,Stressed
2026-03-01,2026-05-01,2026-03-01,KE,KE2016C329030021,"Western High Potential Zone, Emgwen, Nandi, Kenya",Kenya,Nandi,Emgwen,KE21,Western High Potential Zone,1,False,fsc_admin_lhz,East Africa,Minimal
2026-03-01,2026-05-01,2026-03-01,KE,KE2016C338010021,"Western High Potential Zone, Emuhaya, Vihiga, Kenya",Kenya,Vihiga,Emuhaya,KE21,Western High Potential Zone,1,False,fsc_admin_lhz,East Africa,Minimal
2026-03-01,2026-05-01,2026-03-01,KE,KE2016C333010021,"Western High Potential Zone, Emurua Dikirr, Narok, Kenya",Kenya,Narok,Emurua Dikirr,KE21,Western High Potential Zone,2,False,fsc_admin_lhz,East Africa,Stressed
2026-03-01,2026-05-01,2026-03-01,KE,KE2016C338020021,"Western High Potential Zone, Hamisi, Vihiga, Kenya",Kenya,Vihiga,Hamisi,KE21,Western High Potential Zone,1,False,fsc_admin_lhz,East Africa,Minimal
2026-03-01,2026-05-01,2026-03-01,KE,KE2016C337020021,"Western High Potential Zone, Ikolomani, Kakamega, Kenya",Kenya,Kakamega,Ikolomani,KE21,Western High Potential Zone,1,False,fsc_admin_lhz,East Africa,Minimal
2026-03-01,2026-05-01,2026-03-01,KE,KE2016C343020021,"Western High Potential Zone, Kabondo Kasipul, Homa Bay, Kenya",Kenya,Homa Bay,Kabondo Kasipul,KE21,Western High Potential Zone,1,False,fsc_admin_lhz,East Africa,Minimal
2026-03-01,2026-05-01,2026-03-01,KE,KE2016C339020021,"Western High Potential Zone, Kabuchai, Bungoma, Kenya",Kenya,Bungoma,Kabuchai,KE21,Western High Potential Zone,1,False,fsc_admin_lhz,East Africa,Minimal
2026-03-01,2026-05-01,2026-03-01,KE,KE2016C339030021,"Western High Potential Zone, Kanduyi, Bungoma, Kenya",Kenya,Bungoma,Kanduyi,KE21,Western High Potential Zone,1,False,fsc_admin_lhz,East Africa,Minimal
2026-03-01,2026-05-01,2026-03-01,KE,KE2016C327020021,"Western High Potential Zone, Kapseret, Uasin Gishu, Kenya",Kenya,Uasin Gishu,Kapseret,KE21,Western High Potential Zone,1,False,fsc_admin_lhz,East Africa,Minimal
2026-03-01,2026-05-01,2026-03-01,KE,KE2016C343040021,"Western High Potential Zone, Kasipul, Homa Bay, Kenya",Kenya,Homa Bay,Kasipul,KE21,Western High Potential Zone,1,False,fsc_admin_lhz,East Africa,Minimal
2026-03-01,2026-05-01,2026-03-01,KE,KE2016C328010021,"Western High Potential Zone, Keiyo North, Elgeyo-Marakwet, Kenya",Kenya,Elgeyo Marakwet,Keiyo North,KE21,Western High Potential Zone,1,False,fsc_admin_lhz,East Africa,Minimal
2026-03-01,2026-05-01,2026-03-01,KE,KE2016C328020021,"Western High Potential Zone, Keiyo South, Elgeyo-Marakwet, Kenya",Kenya,Elgeyo Marakwet,Keiyo South,KE21,Western High Potential Zone,1,False,fsc_admin_lhz,East Africa,Minimal
2026-03-01,2026-05-01,2026-03-01,KE,KE2016C327030021,"Western High Potential Zone, Kesses, Uasin Gishu, Kenya",Kenya,Uasin Gishu,Kesses,KE21,Western High Potential Zone,1,False,fsc_admin_lhz,East Africa,Minimal
2026-03-01,2026-05-01,2026-03-01,KE,KE2016C337030021,"Western High Potential Zone, Khwisero, Kakamega, Kenya",Kenya,Kakamega,Khwisero,KE21,Western High Potential Zone,1,False,fsc_admin_lhz,East Africa,Minimal
2026-03-01,2026-05-01,2026-03-01,KE,KE2016C333020021,"Western High Potential Zone, Kilgoris, Narok, Kenya",Kenya,Narok,Kilgoris,KE21,Western High Potential Zone,2,False,fsc_admin_lhz,East Africa,Stressed
2026-03-01,2026-05-01,2026-03-01,KE,KE2016C339040021,"Western High Potential Zone, Kimilili, Bungoma, Kenya",Kenya,Bungoma,Kimilili,KE21,Western High Potential Zone,1,False,fsc_admin_lhz,East Africa,Minimal
2026-03-01,2026-05-01,2026-03-01,KE,KE2016C326030021,"Western High Potential Zone, Kiminini, Trans Nzoia, Kenya",Kenya,Trans Nzoia,Kiminini,KE21,Western High Potential Zone,1,False,fsc_admin_lhz,East Africa,Minimal
2026-03-01,2026-05-01,2026-03-01,KE,KE2016C335040021,"Western High Potential Zone, Kipkelion East, Kericho, Kenya",Kenya,Kericho,Kipkelion East,KE21,Western High Potential Zone,1,False,fsc_admin_lhz,East Africa,Minimal
2026-03-01,2026-05-01,2026-03-01,KE,KE2016C335050021,"Western High Potential Zone, Kipkelion West, Kericho, Kenya",Kenya,Kericho,Kipkelion West,KE21,Western High Potential Zone,1,False,fsc_admin_lhz,East Africa,Minimal
2026-03-01,2026-05-01,2026-03-01,KE,KE2016C345050021,"Western High Potential Zone, Kitutu Chache North, Kisii, Kenya",Kenya,Kisii,Kitutu Chache North,KE21,Western High Potential Zone,1,False,fsc_admin_lhz,East Africa,Minimal
2026-03-01,2026-05-01,2026-03-01,KE,KE2016C345060021,"Western High Potential Zone, Kitutu Chache South, Kisii, Kenya",Kenya,Kisii,Kitutu Chache South,KE21,Western High Potential Zone,1,False,fsc_admin_lhz,East Africa,Minimal
2026-03-01,2026-05-01,2026-03-01,KE,KE2016C346020021,"Western High Potential Zone, Kitutu Masaba, Nyamira, Kenya",Kenya,Nyamira,Kitutu Masaba,KE21,Western High Potential Zone,1,False,fsc_admin_lhz,East Africa,Minimal
2026-03-01,2026-05-01,2026-03-01,KE,KE2016C336040021,"Western High Potential Zone, Konoin, Bomet, Kenya",Kenya,Bomet,Konoin,KE21,Western High Potential Zone,1,False,fsc_admin_lhz,East Africa,Minimal
2026-03-01,2026-05-01,2026-03-01,KE,KE2016C332030021,"Western High Potential Zone, Kuresoi North, Nakuru, Kenya",Kenya,Nakuru,Kuresoi North,KE21,Western High Potential Zone,1,False,fsc_admin_lhz,East Africa,Minimal
2026-03-01,2026-05-01,2026-03-01,KE,KE2016C332040021,"Western High Potential Zone, Kuresoi South, Nakuru, Kenya",Kenya,Nakuru,Kuresoi South,KE21,Western High Potential Zone,1,False,fsc_admin_lhz,East Africa,Minimal
2026-03-01,2026-05-01,2026-03-01,KE,KE2016C326040021,"Western High Potential Zone, Kwanza, Trans Nzoia, Kenya",Kenya,Trans Nzoia,Kwanza,KE21,Western High Potential Zone,1,False,fsc_admin_lhz,East Africa,Minimal
2026-03-01,2026-05-01,2026-03-01,KE,KE2016C337040021,"Western High Potential Zone, Likuyani, Kakamega, Kenya",Kenya,Kakamega,Likuyani,KE21,Western High Potential Zone,1,False,fsc_admin_lhz,East Africa,Minimal
2026-03-01,2026-05-01,2026-03-01,KE,KE2016C337050021,"Western High Potential Zone, Lugari, Kakamega, Kenya",Kenya,Kakamega,Lugari,KE21,Western High Potential Zone,1,False,fsc_admin_lhz,East Africa,Minimal
2026-03-01,2026-05-01,2026-03-01,KE,KE2016C337060021,"Western High Potential Zone, Lurambi, Kakamega, Kenya",Kenya,Kakamega,Lurambi,KE21,Western High Potential Zone,1,False,fsc_admin_lhz,East Africa,Minimal
2026-03-01,2026-05-01,2026-03-01,KE,KE2016C337070021,"Western High Potential Zone, Malava, Kakamega, Kenya",Kenya,Kakamega,Malava,KE21,Western High Potential Zone,1,False,fsc_admin_lhz,East Africa,Minimal
2026-03-01,2026-05-01,2026-03-01,KE,KE2016C328040021,"Western High Potential Zone, Marakwet West, Elgeyo-Marakwet, Kenya",Kenya,Elgeyo Marakwet,Marakwet West,KE21,Western High Potential Zone,1,False,fsc_admin_lhz,East Africa,Minimal
2026-03-01,2026-05-01,2026-03-01,KE,KE2016C340040021,"Western High Potential Zone, Matayos, Busia, Kenya",Kenya,Busia,Matayos,KE21,Western High Potential Zone,1,False,fsc_admin_lhz,East Africa,Minimal
2026-03-01,2026-05-01,2026-03-01,KE,KE2016C337080021,"Western High Potential Zone, Matungu, Kakamega, Kenya",Kenya,Kakamega,Matungu,KE21,Western High Potential Zone,1,False,fsc_admin_lhz,East Africa,Minimal
2026-03-01,2026-05-01,2026-03-01,KE,KE2016C327040021,"Western High Potential Zone, Moiben, Uasin Gishu, Kenya",Kenya,Uasin Gishu,Moiben,KE21,Western High Potential Zone,1,False,fsc_admin_lhz,East Africa,Minimal
2026-03-01,2026-05-01,2026-03-01,KE,KE2016C332050021,"Western High Potential Zone, Molo, Nakuru, Kenya",Kenya,Nakuru,Molo,KE21,Western High Potential Zone,1,False,fsc_admin_lhz,East Africa,Minimal
2026-03-01,2026-05-01,2026-03-01,KE,KE2016C329040021,"Western High Potential Zone, Mosop, Nandi, Kenya",Kenya,Nandi,Mosop,KE21,Western High Potential Zone,1,False,fsc_admin_lhz,East Africa,Minimal
2026-03-01,2026-05-01,2026-03-01,KE,KE2016C339050021,"Western High Potential Zone, Mt. Elgon, Bungoma, Kenya",Kenya,Bungoma,Mt. Elgon,KE21,Western High Potential Zone,1,False,fsc_admin_lhz,East Africa,Minimal
2026-03-01,2026-05-01,2026-03-01,KE,KE2016C342040021,"Western High Potential Zone, Muhoroni, Kisumu, Kenya",Kenya,Kisumu,Muhoroni,KE21,Western High Potential Zone,1,False,fsc_admin_lhz,East Africa,Minimal
2026-03-01,2026-05-01,2026-03-01,KE,KE2016C337090021,"Western High Potential Zone, Mumias East, Kakamega, Kenya",Kenya,Kakamega,Mumias East,KE21,Western High Potential Zone,1,False,fsc_admin_lhz,East Africa,Minimal
2026-03-01,2026-05-01,2026-03-01,KE,KE2016C337100021,"Western High Potential Zone, Mumias West, Kakamega, Kenya",Kenya,Kakamega,Mumias West,KE21,Western High Potential Zone,1,False,fsc_admin_lhz,East Africa,Minimal
2026-03-01,2026-05-01,2026-03-01,KE,KE2016C340050021,"Western High Potential Zone, Nambale, Busia, Kenya",Kenya,Busia,Nambale,KE21,Western High Potential Zone,1,False,fsc_admin_lhz,East Africa,Minimal
2026-03-01,2026-05-01,2026-03-01,KE,KE2016C329050021,"Western High Potential Zone, Nandi Hills, Nandi, Kenya",Kenya,Nandi,Nandi Hills,KE21,Western High Potential Zone,1,False,fsc_admin_lhz,East Africa,Minimal
2026-03-01,2026-05-01,2026-03-01,KE,KE2016C333040021,"Western High Potential Zone, Narok North, Narok, Kenya",Kenya,Narok,Narok North,KE21,Western High Potential Zone,2,False,fsc_admin_lhz,East Africa,Stressed
2026-03-01,2026-05-01,2026-03-01,KE,KE2016C333050021,"Western High Potential Zone, Narok South, Narok, Kenya",Kenya,Narok,Narok South,KE21,Western High Potential Zone,2,False,fsc_admin_lhz,East Africa,Stressed
2026-03-01,2026-05-01,2026-03-01,KE,KE2016C333060021,"Western High Potential Zone, Narok West, Narok, Kenya",Kenya,Narok,Narok West,KE21,Western High Potential Zone,2,False,fsc_admin_lhz,East Africa,Stressed
2026-03-01,2026-05-01,2026-03-01,KE,KE2016C337110021,"Western High Potential Zone, Navakholo, Kakamega, Kenya",Kenya,Kakamega,Navakholo,KE21,Western High Potential Zone,1,False,fsc_admin_lhz,East Africa,Minimal
2026-03-01,2026-05-01,2026-03-01,KE,KE2016C346030021,"Western High Potential Zone, North Mugirango, Nyamira, Kenya",Kenya,Nyamira,North Mugirango,KE21,Western High Potential Zone,1,False,fsc_admin_lhz,East Africa,Minimal
2026-03-01,2026-05-01,2026-03-01,KE,KE2016C342060021,"Western High Potential Zone, Nyando, Kisumu, Kenya",Kenya,Kisumu,Nyando,KE21,Western High Potential Zone,1,False,fsc_admin_lhz,East Africa,Minimal
2026-03-01,2026-05-01,2026-03-01,KE,KE2016C345070021,"Western High Potential Zone, Nyaribari Chache, Kisii, Kenya",Kenya,Kisii,Nyaribari Chache,KE21,Western High Potential Zone,1,False,fsc_admin_lhz,East Africa,Minimal
2026-03-01,2026-05-01,2026-03-01,KE,KE2016C345080021,"Western High Potential Zone, Nyaribari Masaba, Kisii, Kenya",Kenya,Kisii,Nyaribari Masaba,KE21,Western High Potential Zone,1,False,fsc_admin_lhz,East Africa,Minimal
2026-03-01,2026-05-01,2026-03-01,KE,KE2016C344050021,"Western High Potential Zone, Rongo, Migori, Kenya",Kenya,Migori,Rongo,KE21,Western High Potential Zone,1,False,fsc_admin_lhz,East Africa,Minimal
2026-03-01,2026-05-01,2026-03-01,KE,KE2016C338040021,"Western High Potential Zone, Sabatia, Vihiga, Kenya",Kenya,Vihiga,Sabatia,KE21,Western High Potential Zone,1,False,fsc_admin_lhz,East Africa,Minimal
2026-03-01,2026-05-01,2026-03-01,KE,KE2016C326050021,"Western High Potential Zone, Saboti, Trans Nzoia, Kenya",Kenya,Trans Nzoia,Saboti,KE21,Western High Potential Zone,1,False,fsc_admin_lhz,East Africa,Minimal
2026-03-01,2026-05-01,2026-03-01,KE,KE2016C337120021,"Western High Potential Zone, Shinyalu, Kakamega, Kenya",Kenya,Kakamega,Shinyalu,KE21,Western High Potential Zone,1,False,fsc_admin_lhz,East Africa,Minimal
2026-03-01,2026-05-01,2026-03-01,KE,KE2016C335060021,"Western High Potential Zone, Sigowet/Soin, Kericho, Kenya",Kenya,Kericho,Sigowet/Soin,KE21,Western High Potential Zone,1,False,fsc_admin_lhz,East Africa,Minimal
2026-03-01,2026-05-01,2026-03-01,KE,KE2016C339060021,"Western High Potential Zone, Sirisia, Bungoma, Kenya",Kenya,Bungoma,Sirisia,KE21,Western High Potential Zone,1,False,fsc_admin_lhz,East Africa,Minimal
2026-03-01,2026-05-01,2026-03-01,KE,KE2016C336050021,"Western High Potential Zone, Sotik, Bomet, Kenya",Kenya,Bomet,Sotik,KE21,Western High Potential Zone,1,False,fsc_admin_lhz,East Africa,Minimal
2026-03-01,2026-05-01,2026-03-01,KE,KE2016C345090021,"Western High Potential Zone, South Mugirango, Kisii, Kenya",Kenya,Kisii,South Mugirango,KE21,Western High Potential Zone,1,False,fsc_admin_lhz,East Africa,Minimal
2026-03-01,2026-05-01,2026-03-01,KE,KE2016C327050021,"Western High Potential Zone, Soy, Uasin Gishu, Kenya",Kenya,Uasin Gishu,Soy,KE21,Western High Potential Zone,1,False,fsc_admin_lhz,East Africa,Minimal
2026-03-01,2026-05-01,2026-03-01,KE,KE2016C340060021,"Western High Potential Zone, Teso North, Busia, Kenya",Kenya,Busia,Teso North,KE21,Western High Potential Zone,1,False,fsc_admin_lhz,East Africa,Minimal
2026-03-01,2026-05-01,2026-03-01,KE,KE2016C340070021,"Western High Potential Zone, Teso South, Busia, Kenya",Kenya,Busia,Teso South,KE21,Western High Potential Zone,1,False,fsc_admin_lhz,East Africa,Minimal
2026-03-01,2026-05-01,2026-03-01,KE,KE2016C329060021,"Western High Potential Zone, Tinderet, Nandi, Kenya",Kenya,Nandi,Tinderet,KE21,Western High Potential Zone,1,False,fsc_admin_lhz,East Africa,Minimal
2026-03-01,2026-05-01,2026-03-01,KE,KE2016C339070021,"Western High Potential Zone, Tongaren, Bungoma, Kenya",Kenya,Bungoma,Tongaren,KE21,Western High Potential Zone,1,False,fsc_admin_lhz,East Africa,Minimal
2026-03-01,2026-05-01,2026-03-01,KE,KE2016C327060021,"Western High Potential Zone, Turbo, Uasin Gishu, Kenya",Kenya,Uasin Gishu,Turbo,KE21,Western High Potential Zone,1,False,fsc_admin_lhz,East Africa,Minimal
2026-03-01,2026-05-01,2026-03-01,KE,KE2016C339080021,"Western High Potential Zone, Webuye East, Bungoma, Kenya",Kenya,Bungoma,Webuye East,KE21,Western High Potential Zone,1,False,fsc_admin_lhz,East Africa,Minimal
2026-03-01,2026-05-01,2026-03-01,KE,KE2016C339090021,"Western High Potential Zone, Webuye West, Bungoma, Kenya",Kenya,Bungoma,Webuye West,KE21,Western High Potential Zone,1,False,fsc_admin_lhz,East Africa,Minimal
2026-03-01,2026-05-01,2026-03-01,KE,KE2016C346040021,"Western High Potential Zone, West Mugirango, Nyamira, Kenya",Kenya,Nyamira,West Mugirango,KE21,Western High Potential Zone,1,False,fsc_admin_lhz,East Africa,Minimal
2026-03-01,2026-05-01,2026-03-01,KE,KE2016C329010022,"Western Lakeshore Marginal Mixed Farming Zone, Aldai, Nandi, Kenya",Kenya,Nandi,Aldai,KE22,Western Lakeshore Marginal Mixed Farming Zone,1,False,fsc_admin_lhz,East Africa,Minimal
2026-03-01,2026-05-01,2026-03-01,KE,KE2016C341010022,"Western Lakeshore Marginal Mixed Farming Zone, Alego Usonga, Siaya, Kenya",Kenya,Siaya,Alego Usonga,KE22,Western Lakeshore Marginal Mixed Farming Zone,1,False,fsc_admin_lhz,East Africa,Minimal
2026-03-01,2026-05-01,2026-03-01,KE,KE2016C344010022,"Western Lakeshore Marginal Mixed Farming Zone, Awendo, Migori, Kenya",Kenya,Migori,Awendo,KE22,Western Lakeshore Marginal Mixed Farming Zone,1,False,fsc_admin_lhz,East Africa,Minimal
2026-03-01,2026-05-01,2026-03-01,KE,KE2016C341020022,"Western Lakeshore Marginal Mixed Farming Zone, Bondo, Siaya, Kenya",Kenya,Siaya,Bondo,KE22,Western Lakeshore Marginal Mixed Farming Zone,1,False,fsc_admin_lhz,East Africa,Minimal
2026-03-01,2026-05-01,2026-03-01,KE,KE2016C340010022,"Western Lakeshore Marginal Mixed Farming Zone, Budalangi, Busia, Kenya",Kenya,Busia,Budalangi,KE22,Western Lakeshore Marginal Mixed Farming Zone,1,False,fsc_admin_lhz,East Africa,Minimal
2026-03-01,2026-05-01,2026-03-01,KE,KE2016C340020022,"Western Lakeshore Marginal Mixed Farming Zone, Butula, Busia, Kenya",Kenya,Busia,Butula,KE22,Western Lakeshore Marginal Mixed Farming Zone,1,False,fsc_admin_lhz,East Africa,Minimal
2026-03-01,2026-05-01,2026-03-01,KE,KE2016C340030022,"Western Lakeshore Marginal Mixed Farming Zone, Funyula, Busia, Kenya",Kenya,Busia,Funyula,KE22,Western Lakeshore Marginal Mixed Farming Zone,1,False,fsc_admin_lhz,East Africa,Minimal
2026-03-01,2026-05-01,2026-03-01,KE,KE2016C341030022,"Western Lakeshore Marginal Mixed Farming Zone, Gem, Siaya, Kenya",Kenya,Siaya,Gem,KE22,Western Lakeshore Marginal Mixed Farming Zone,1,False,fsc_admin_lhz,East Africa,Minimal
2026-03-01,2026-05-01,2026-03-01,KE,KE2016C338020022,"Western Lakeshore Marginal Mixed Farming Zone, Hamisi, Vihiga, Kenya",Kenya,Vihiga,Hamisi,KE22,Western Lakeshore Marginal Mixed Farming Zone,1,False,fsc_admin_lhz,East Africa,Minimal
2026-03-01,2026-05-01,2026-03-01,KE,KE2016C343010022,"Western Lakeshore Marginal Mixed Farming Zone, Homa Bay Town, Homa Bay, Kenya",Kenya,Homa Bay,Homa Bay Town,KE22,Western Lakeshore Marginal Mixed Farming Zone,1,False,fsc_admin_lhz,East Africa,Minimal
2026-03-01,2026-05-01,2026-03-01,KE,KE2016C343020022,"Western Lakeshore Marginal Mixed Farming Zone, Kabondo Kasipul, Homa Bay, Kenya",Kenya,Homa Bay,Kabondo Kasipul,KE22,Western Lakeshore Marginal Mixed Farming Zone,1,False,fsc_admin_lhz,East Africa,Minimal
2026-03-01,2026-05-01,2026-03-01,KE,KE2016C343030022,"Western Lakeshore Marginal Mixed Farming Zone, Karachuonyo, Homa Bay, Kenya",Kenya,Homa Bay,Karachuonyo,KE22,Western Lakeshore Marginal Mixed Farming Zone,1,False,fsc_admin_lhz,East Africa,Minimal
2026-03-01,2026-05-01,2026-03-01,KE,KE2016C343040022,"Western Lakeshore Marginal Mixed Farming Zone, Kasipul, Homa Bay, Kenya",Kenya,Homa Bay,Kasipul,KE22,Western Lakeshore Marginal Mixed Farming Zone,1,False,fsc_admin_lhz,East Africa,Minimal
2026-03-01,2026-05-01,2026-03-01,KE,KE2016C342020022,"Western Lakeshore Marginal Mixed Farming Zone, Kisumu East, Kisumu, Kenya",Kenya,Kisumu,Kisumu East,KE22,Western Lakeshore Marginal Mixed Farming Zone,1,False,fsc_admin_lhz,East Africa,Minimal
2026-03-01,2026-05-01,2026-03-01,KE,KE2016C342030022,"Western Lakeshore Marginal Mixed Farming Zone, Kisumu West, Kisumu, Kenya",Kenya,Kisumu,Kisumu West,KE22,Western Lakeshore Marginal Mixed Farming Zone,1,False,fsc_admin_lhz,East Africa,Minimal
2026-03-01,2026-05-01,2026-03-01,KE,KE2016C338030022,"Western Lakeshore Marginal Mixed Farming Zone, Luanda, Vihiga, Kenya",Kenya,Vihiga,Luanda,KE22,Western Lakeshore Marginal Mixed Farming Zone,1,False,fsc_admin_lhz,East Africa,Minimal
2026-03-01,2026-05-01,2026-03-01,KE,KE2016C340040022,"Western Lakeshore Marginal Mixed Farming Zone, Matayos, Busia, Kenya",Kenya,Busia,Matayos,KE22,Western Lakeshore Marginal Mixed Farming Zone,1,False,fsc_admin_lhz,East Africa,Minimal
2026-03-01,2026-05-01,2026-03-01,KE,KE2016C343050022,"Western Lakeshore Marginal Mixed Farming Zone, Mbita, Homa Bay, Kenya",Kenya,Homa Bay,Mbita,KE22,Western Lakeshore Marginal Mixed Farming Zone,1,False,fsc_admin_lhz,East Africa,Minimal
2026-03-01,2026-05-01,2026-03-01,KE,KE2016C342040022,"Western Lakeshore Marginal Mixed Farming Zone, Muhoroni, Kisumu, Kenya",Kenya,Kisumu,Muhoroni,KE22,Western Lakeshore Marginal Mixed Farming Zone,1,False,fsc_admin_lhz,East Africa,Minimal
2026-03-01,2026-05-01,2026-03-01,KE,KE2016C343060022,"Western Lakeshore Marginal Mixed Farming Zone, Ndhiwa, Homa Bay, Kenya",Kenya,Homa Bay,Ndhiwa,KE22,Western Lakeshore Marginal Mixed Farming Zone,1,False,fsc_admin_lhz,East Africa,Minimal
2026-03-01,2026-05-01,2026-03-01,KE,KE2016C342050022,"Western Lakeshore Marginal Mixed Farming Zone, Nyakach, Kisumu, Kenya",Kenya,Kisumu,Nyakach,KE22,Western Lakeshore Marginal Mixed Farming Zone,1,False,fsc_admin_lhz,East Africa,Minimal
2026-03-01,2026-05-01,2026-03-01,KE,KE2016C342060022,"Western Lakeshore Marginal Mixed Farming Zone, Nyando, Kisumu, Kenya",Kenya,Kisumu,Nyando,KE22,Western Lakeshore Marginal Mixed Farming Zone,1,False,fsc_admin_lhz,East Africa,Minimal
2026-03-01,2026-05-01,2026-03-01,KE,KE2016C344040022,"Western Lakeshore Marginal Mixed Farming Zone, Nyatike, Migori, Kenya",Kenya,Migori,Nyatike,KE22,Western Lakeshore Marginal Mixed Farming Zone,1,False,fsc_admin_lhz,East Africa,Minimal
2026-03-01,2026-05-01,2026-03-01,KE,KE2016C343070022,"Western Lakeshore Marginal Mixed Farming Zone, Rangwe, Homa Bay, Kenya",Kenya,Homa Bay,Rangwe,KE22,Western Lakeshore Marginal Mixed Farming Zone,1,False,fsc_admin_lhz,East Africa,Minimal
2026-03-01,2026-05-01,2026-03-01,KE,KE2016C341040022,"Western Lakeshore Marginal Mixed Farming Zone, Rarieda, Siaya, Kenya",Kenya,Siaya,Rarieda,KE22,Western Lakeshore Marginal Mixed Farming Zone,1,False,fsc_admin_lhz,East Africa,Minimal
2026-03-01,2026-05-01,2026-03-01,KE,KE2016C344050022,"Western Lakeshore Marginal Mixed Farming Zone, Rongo, Migori, Kenya",Kenya,Migori,Rongo,KE22,Western Lakeshore Marginal Mixed Farming Zone,1,False,fsc_admin_lhz,East Africa,Minimal
2026-03-01,2026-05-01,2026-03-01,KE,KE2016C342070022,"Western Lakeshore Marginal Mixed Farming Zone, Seme, Kisumu, Kenya",Kenya,Kisumu,Seme,KE22,Western Lakeshore Marginal Mixed Farming Zone,1,False,fsc_admin_lhz,East Africa,Minimal
2026-03-01,2026-05-01,2026-03-01,KE,KE2016C343080022,"Western Lakeshore Marginal Mixed Farming Zone, Suba, Homa Bay, Kenya",Kenya,Homa Bay,Suba,KE22,Western Lakeshore Marginal Mixed Farming Zone,1,False,fsc_admin_lhz,East Africa,Minimal
2026-03-01,2026-05-01,2026-03-01,KE,KE2016C344060022,"Western Lakeshore Marginal Mixed Farming Zone, Suna East, Migori, Kenya",Kenya,Migori,Suna East,KE22,Western Lakeshore Marginal Mixed Farming Zone,1,False,fsc_admin_lhz,East Africa,Minimal
2026-03-01,2026-05-01,2026-03-01,KE,KE2016C344070022,"Western Lakeshore Marginal Mixed Farming Zone, Suna West, Migori, Kenya",Kenya,Migori,Suna West,KE22,Western Lakeshore Marginal Mixed Farming Zone,1,False,fsc_admin_lhz,East Africa,Minimal
2026-03-01,2026-05-01,2026-03-01,KE,KE2016C341050022,"Western Lakeshore Marginal Mixed Farming Zone, Ugenya, Siaya, Kenya",Kenya,Siaya,Ugenya,KE22,Western Lakeshore Marginal Mixed Farming Zone,1,False,fsc_admin_lhz,East Africa,Minimal
2026-03-01,2026-05-01,2026-03-01,KE,KE2016C341060022,"Western Lakeshore Marginal Mixed Farming Zone, Ugunja, Siaya, Kenya",Kenya,Siaya,Ugunja,KE22,Western Lakeshore Marginal Mixed Farming Zone,1,False,fsc_admin_lhz,East Africa,Minimal
2026-03-01,2026-05-01,2026-03-01,KE,KE2016C344080022,"Western Lakeshore Marginal Mixed Farming Zone, Uriri, Migori, Kenya",Kenya,Migori,Uriri,KE22,Western Lakeshore Marginal Mixed Farming Zone,1,False,fsc_admin_lhz,East Africa,Minimal
2026-03-01,2026-05-01,2026-03-01,KE,KE2016C338050022,"Western Lakeshore Marginal Mixed Farming Zone, Vihiga, Vihiga, Kenya",Kenya,Vihiga,Vihiga,KE22,Western Lakeshore Marginal Mixed Farming Zone,1,False,fsc_admin_lhz,East Africa,Minimal
2026-03-01,2026-05-01,2026-03-01,KE,KE2016C332010020,"Western Medium Potential Zone, Bahati, Nakuru, Kenya",Kenya,Nakuru,Bahati,KE20,Western Medium Potential Zone,1,False,fsc_admin_lhz,East Africa,Minimal
2026-03-01,2026-05-01,2026-03-01,KE,KE2016C330010020,"Western Medium Potential Zone, Baringo Central, Baringo, Kenya",Kenya,Baringo,Baringo Central,KE20,Western Medium Potential Zone,2,False,fsc_admin_lhz,East Africa,Stressed
2026-03-01,2026-05-01,2026-03-01,KE,KE2016C330030020,"Western Medium Potential Zone, Baringo South, Baringo, Kenya",Kenya,Baringo,Baringo South,KE20,Western Medium Potential Zone,2,False,fsc_admin_lhz,East Africa,Stressed
2026-03-01,2026-05-01,2026-03-01,KE,KE2016C326010020,"Western Medium Potential Zone, Cherangany, Trans Nzoia, Kenya",Kenya,Trans Nzoia,Cherangany,KE20,Western Medium Potential Zone,1,False,fsc_admin_lhz,East Africa,Minimal
2026-03-01,2026-05-01,2026-03-01,KE,KE2016C330040020,"Western Medium Potential Zone, Eldama Ravine, Baringo, Kenya",Kenya,Baringo,Eldama Ravine,KE20,Western Medium Potential Zone,2,False,fsc_admin_lhz,East Africa,Stressed
2026-03-01,2026-05-01,2026-03-01,KE,KE2016C326020020,"Western Medium Potential Zone, Endebess, Trans Nzoia, Kenya",Kenya,Trans Nzoia,Endebess,KE20,Western Medium Potential Zone,1,False,fsc_admin_lhz,East Africa,Minimal
2026-03-01,2026-05-01,2026-03-01,KE,KE2016C332020020,"Western Medium Potential Zone, Gilgil, Nakuru, Kenya",Kenya,Nakuru,Gilgil,KE20,Western Medium Potential Zone,1,False,fsc_admin_lhz,East Africa,Minimal
2026-03-01,2026-05-01,2026-03-01,KE,KE2016C324010020,"Western Medium Potential Zone, Kacheliba, West Pokot, Kenya",Kenya,West Pokot,Kacheliba,KE20,Western Medium Potential Zone,2,False,fsc_admin_lhz,East Africa,Stressed
2026-03-01,2026-05-01,2026-03-01,KE,KE2016C324020020,"Western Medium Potential Zone, Kapenguria, West Pokot, Kenya",Kenya,West Pokot,Kapenguria,KE20,Western Medium Potential Zone,2,False,fsc_admin_lhz,East Africa,Stressed
2026-03-01,2026-05-01,2026-03-01,KE,KE2016C328010020,"Western Medium Potential Zone, Keiyo North, Elgeyo-Marakwet, Kenya",Kenya,Elgeyo Marakwet,Keiyo North,KE20,Western Medium Potential Zone,1,False,fsc_admin_lhz,East Africa,Minimal
2026-03-01,2026-05-01,2026-03-01,KE,KE2016C328020020,"Western Medium Potential Zone, Keiyo South, Elgeyo-Marakwet, Kenya",Kenya,Elgeyo Marakwet,Keiyo South,KE20,Western Medium Potential Zone,1,False,fsc_admin_lhz,East Africa,Minimal
2026-03-01,2026-05-01,2026-03-01,KE,KE2016C326040020,"Western Medium Potential Zone, Kwanza, Trans Nzoia, Kenya",Kenya,Trans Nzoia,Kwanza,KE20,Western Medium Potential Zone,1,False,fsc_admin_lhz,East Africa,Minimal
2026-03-01,2026-05-01,2026-03-01,KE,KE2016C328030020,"Western Medium Potential Zone, Marakwet East, Elgeyo-Marakwet, Kenya",Kenya,Elgeyo Marakwet,Marakwet East,KE20,Western Medium Potential Zone,1,False,fsc_admin_lhz,East Africa,Minimal
2026-03-01,2026-05-01,2026-03-01,KE,KE2016C328040020,"Western Medium Potential Zone, Marakwet West, Elgeyo-Marakwet, Kenya",Kenya,Elgeyo Marakwet,Marakwet West,KE20,Western Medium Potential Zone,1,False,fsc_admin_lhz,East Africa,Minimal
2026-03-01,2026-05-01,2026-03-01,KE,KE2016C330050020,"Western Medium Potential Zone, Mogotio, Baringo, Kenya",Kenya,Baringo,Mogotio,KE20,Western Medium Potential Zone,2,False,fsc_admin_lhz,East Africa,Stressed
2026-03-01,2026-05-01,2026-03-01,KE,KE2016C332050020,"Western Medium Potential Zone, Molo, Nakuru, Kenya",Kenya,Nakuru,Molo,KE20,Western Medium Potential Zone,1,False,fsc_admin_lhz,East Africa,Minimal
2026-03-01,2026-05-01,2026-03-01,KE,KE2016C339050020,"Western Medium Potential Zone, Mt. Elgon, Bungoma, Kenya",Kenya,Bungoma,Mt. Elgon,KE20,Western Medium Potential Zone,1,False,fsc_admin_lhz,East Africa,Minimal
2026-03-01,2026-05-01,2026-03-01,KE,KE2016C332060020,"Western Medium Potential Zone, Naivasha, Nakuru, Kenya",Kenya,Nakuru,Naivasha,KE20,Western Medium Potential Zone,1,False,fsc_admin_lhz,East Africa,Minimal
2026-03-01,2026-05-01,2026-03-01,KE,KE2016C332070020,"Western Medium Potential Zone, Nakuru Town East, Nakuru, Kenya",Kenya,Nakuru,Nakuru Town East,KE20,Western Medium Potential Zone,1,False,fsc_admin_lhz,East Africa,Minimal
2026-03-01,2026-05-01,2026-03-01,KE,KE2016C332080020,"Western Medium Potential Zone, Nakuru Town West, Nakuru, Kenya",Kenya,Nakuru,Nakuru Town West,KE20,Western Medium Potential Zone,1,False,fsc_admin_lhz,East Africa,Minimal
2026-03-01,2026-05-01,2026-03-01,KE,KE2016C333040020,"Western Medium Potential Zone, Narok North, Narok, Kenya",Kenya,Narok,Narok North,KE20,Western Medium Potential Zone,2,False,fsc_admin_lhz,East Africa,Stressed
2026-03-01,2026-05-01,2026-03-01,KE,KE2016C332090020,"Western Medium Potential Zone, Njoro, Nakuru, Kenya",Kenya,Nakuru,Njoro,KE20,Western Medium Potential Zone,1,False,fsc_admin_lhz,East Africa,Minimal
2026-03-01,2026-05-01,2026-03-01,KE,KE2016C318050020,"Western Medium Potential Zone, Ol Kalou, Nyandarua, Kenya",Kenya,Nyandarua,Ol Kalou,KE20,Western Medium Potential Zone,1,False,fsc_admin_lhz,East Africa,Minimal
2026-03-01,2026-05-01,2026-03-01,KE,KE2016C324030020,"Western Medium Potential Zone, Pokot South, West Pokot, Kenya",Kenya,West Pokot,Pokot South,KE20,Western Medium Potential Zone,2,False,fsc_admin_lhz,East Africa,Stressed
2026-03-01,2026-05-01,2026-03-01,KE,KE2016C332100020,"Western Medium Potential Zone, Rongai, Nakuru, Kenya",Kenya,Nakuru,Rongai,KE20,Western Medium Potential Zone,1,False,fsc_admin_lhz,East Africa,Minimal
2026-03-01,2026-05-01,2026-03-01,KE,KE2016C326050020,"Western Medium Potential Zone, Saboti, Trans Nzoia, Kenya",Kenya,Trans Nzoia,Saboti,KE20,Western Medium Potential Zone,1,False,fsc_admin_lhz,East Africa,Minimal
2026-03-01,2026-05-01,2026-03-01,KE,KE2016C332110020,"Western Medium Potential Zone, Subukia, Nakuru, Kenya",Kenya,Nakuru,Subukia,KE20,Western Medium Potential Zone,1,False,fsc_admin_lhz,East Africa,Minimal
