date,admin1,admin2,market,market_id,latitude,longitude,category,commodity,commodity_id,unit,priceflag,pricetype,currency,price,usdprice
2025-03-15,Coast,Kilifi,Matanomanne,10392,-3.4,39.78,cereals and tubers,Maize flour (white),134,KG,actual,Retail,KES,81.0,0.63
2025-03-15,Coast,Kilifi,Matanomanne,10392,-3.4,39.78,cereals and tubers,Wheat flour,58,KG,actual,Retail,KES,88.0,0.68
2025-03-15,Coast,Kilifi,Matanomanne,10392,-3.4,39.78,miscellaneous food,Salt,185,200 G,actual,Retail,KES,10.0,0.077
2025-03-15,Coast,Kilifi,Matanomanne,10392,-3.4,39.78,miscellaneous food,Sugar,97,KG,actual,Retail,KES,160.0,1.24
2025-03-15,Coast,Kilifi,Matanomanne,10392,-3.4,39.78,oil and fats,"Oil (vegetable, fortified)",494,L,actual,Retail,KES,280.0,2.17
2025-03-15,Coast,Kilifi,Matanomanne,10392,-3.4,39.78,pulses and nuts,Cowpeas (dry),901,KG,actual,Retail,KES,100.0,0.77
2025-03-15,Coast,Kilifi,Matanomanne,10392,-3.4,39.78,pulses and nuts,Pigeon peas (dry),937,KG,actual,Retail,KES,170.0,1.32
2025-03-15,Coast,Tana River,Bangale,10438,-0.72,39.02,cereals and tubers,"Maize (white, dry)",440,KG,actual,Retail,KES,64.0,0.5
2025-03-15,Coast,Tana River,Bangale,10438,-0.72,39.02,milk and dairy,"Milk (cow, pasteurized)",472,L,actual,Retail,KES,140.0,1.08
2025-03-15,Coast,Tana River,Bangale,10438,-0.72,39.02,miscellaneous food,Sugar,97,KG,actual,Retail,KES,152.0,1.18
2025-03-15,Coast,Tana River,Bangale,10438,-0.72,39.02,pulses and nuts,Beans,50,KG,actual,Retail,KES,147.0,1.14
2025-03-15,Coast,Tana River,Bangale,10438,-0.72,39.02,pulses and nuts,Cowpeas (dry),901,KG,actual,Retail,KES,180.0,1.39
2025-03-15,Coast,Tana River,Bangale,10438,-0.72,39.02,vegetables and fruits,Kale,796,KG,actual,Retail,KES,60.0,0.46
2025-03-15,Coast,Tana River,Bangale,10438,-0.72,39.02,vegetables and fruits,Spinach,404,KG,actual,Retail,KES,60.0,0.46
2025-03-15,Coast,Tana River,Bura,10442,-1.19,39.84,cereals and tubers,"Maize (white, dry)",440,KG,actual,Retail,KES,61.0,0.47
2025-03-15,Coast,Tana River,Bura,10442,-1.19,39.84,cereals and tubers,Wheat flour,58,KG,actual,Retail,KES,99.0,0.77
2025-03-15,Coast,Tana River,Bura,10442,-1.19,39.84,miscellaneous food,Salt,185,200 G,actual,Retail,KES,10.0,0.077
2025-03-15,Coast,Tana River,Bura,10442,-1.19,39.84,oil and fats,"Oil (vegetable, fortified)",494,L,actual,Retail,KES,291.0,2.25
2025-03-15,Coast,Tana River,Bura,10442,-1.19,39.84,pulses and nuts,Cowpeas (dry),901,KG,actual,Retail,KES,160.0,1.24
2025-03-15,Coast,Tana River,Bura,10442,-1.19,39.84,vegetables and fruits,Kale,796,KG,actual,Retail,KES,60.0,0.46
2025-03-15,Coast,Tana River,Bura,10442,-1.19,39.84,vegetables and fruits,Spinach,404,KG,actual,Retail,KES,70.0,0.54
2025-03-15,Coast,Tana River,Charidende,10443,-0.78,39.67,cereals and tubers,"Maize (white, dry)",440,KG,actual,Retail,KES,70.0,0.54
2025-03-15,Coast,Tana River,Charidende,10443,-0.78,39.67,milk and dairy,"Milk (cow, pasteurized)",472,L,actual,Retail,KES,140.0,1.08
2025-03-15,Coast,Tana River,Charidende,10443,-0.78,39.67,miscellaneous food,Salt,185,200 G,actual,Retail,KES,11.0,0.085
2025-03-15,Coast,Tana River,Charidende,10443,-0.78,39.67,miscellaneous food,Sugar,97,KG,actual,Retail,KES,149.0,1.15
2025-03-15,Coast,Tana River,Charidende,10443,-0.78,39.67,oil and fats,"Oil (vegetable, fortified)",494,L,actual,Retail,KES,283.0,2.19
2025-03-15,Coast,Tana River,Charidende,10443,-0.78,39.67,pulses and nuts,Beans,50,KG,actual,Retail,KES,154.0,1.19
2025-03-15,Coast,Tana River,Garsen,10448,-2.27,40.11,cereals and tubers,Wheat flour,58,KG,actual,Retail,KES,91.5,0.71
2025-03-15,Coast,Tana River,Garsen,10448,-2.27,40.11,miscellaneous food,Salt,185,200 G,actual,Retail,KES,13.0,0.1
2025-03-15,Coast,Tana River,Garsen,10448,-2.27,40.11,miscellaneous food,Sugar,97,KG,actual,Retail,KES,147.0,1.14
2025-03-15,Coast,Tana River,Garsen,10448,-2.27,40.11,pulses and nuts,Beans,50,KG,actual,Retail,KES,161.5,1.25
2025-03-15,Coast,Tana River,Hola town,3359,-1.5,40.03,cereals and tubers,Maize flour (white),134,KG,actual,Retail,KES,89.5,0.69
2025-03-15,Coast,Tana River,Hola town,3359,-1.5,40.03,cereals and tubers,Rice (aromatic),894,KG,actual,Retail,KES,120.0,0.93
2025-03-15,Coast,Tana River,Hola town,3359,-1.5,40.03,cereals and tubers,Wheat flour,58,KG,actual,Retail,KES,97.0,0.75
2025-03-15,Coast,Tana River,Hola town,3359,-1.5,40.03,miscellaneous food,Salt,185,200 G,actual,Retail,KES,14.0,0.11
2025-03-15,Coast,Tana River,Hola town,3359,-1.5,40.03,miscellaneous food,Sugar,97,KG,actual,Retail,KES,159.0,1.23
2025-03-15,Coast,Tana River,Hola town,3359,-1.5,40.03,pulses and nuts,Cowpeas (dry),901,KG,actual,Retail,KES,135.0,1.05
2025-03-15,Coast,Tana River,Hola town,3359,-1.5,40.03,pulses and nuts,Pigeon peas (dry),937,KG,actual,Retail,KES,150.0,1.16
2025-03-15,Coast,Tana River,Hola town,3359,-1.5,40.03,vegetables and fruits,Kale,796,KG,actual,Retail,KES,50.0,0.39
2025-03-15,Coast,Tana River,Kipini,10450,-2.53,40.53,cereals and tubers,"Maize (white, dry)",440,KG,actual,Retail,KES,120.0,0.93
2025-03-15,Coast,Tana River,Kipini,10450,-2.53,40.53,cereals and tubers,Rice (aromatic),894,KG,actual,Retail,KES,122.0,0.95
2025-03-15,Coast,Tana River,Kipini,10450,-2.53,40.53,miscellaneous food,Salt,185,200 G,actual,Retail,KES,10.0,0.077
2025-03-15,Coast,Tana River,Kipini,10450,-2.53,40.53,miscellaneous food,Sugar,97,KG,actual,Retail,KES,140.0,1.08
2025-03-15,Coast,Tana River,Makere,10445,-1.33,40.01,cereals and tubers,"Maize (white, dry)",440,KG,actual,Retail,KES,73.0,0.57
2025-03-15,Coast,Tana River,Makere,10445,-1.33,40.01,cereals and tubers,Rice (aromatic),894,KG,actual,Retail,KES,117.0,0.91
2025-03-15,Coast,Tana River,Makere,10445,-1.33,40.01,cereals and tubers,Wheat flour,58,KG,actual,Retail,KES,101.0,0.78
2025-03-15,Coast,Tana River,Makere,10445,-1.33,40.01,miscellaneous food,Salt,185,200 G,actual,Retail,KES,11.0,0.085
2025-03-15,Coast,Tana River,Makere,10445,-1.33,40.01,miscellaneous food,Sugar,97,KG,actual,Retail,KES,164.0,1.27
2025-03-15,Coast,Tana River,Makere,10445,-1.33,40.01,oil and fats,"Oil (vegetable, fortified)",494,L,actual,Retail,KES,298.0,2.31
2025-03-15,Coast,Tana River,Makere,10445,-1.33,40.01,pulses and nuts,Beans,50,KG,actual,Retail,KES,140.0,1.08
2025-03-15,Coast,Tana River,Makere,10445,-1.33,40.01,pulses and nuts,Cowpeas (dry),901,KG,actual,Retail,KES,125.0,0.97
2025-03-15,Coast,Tana River,Minjila,10449,-2.32,40.11,cereals and tubers,"Maize (white, dry)",440,KG,actual,Retail,KES,95.0,0.74
2025-03-15,Coast,Tana River,Minjila,10449,-2.32,40.11,cereals and tubers,Wheat flour,58,KG,actual,Retail,KES,88.0,0.68
2025-03-15,Coast,Tana River,Minjila,10449,-2.32,40.11,miscellaneous food,Sugar,97,KG,actual,Retail,KES,148.0,1.15
2025-03-15,Coast,Tana River,Minjila,10449,-2.32,40.11,oil and fats,"Oil (vegetable, fortified)",494,L,actual,Retail,KES,230.0,1.78
2025-03-15,Coast,Tana River,Tarasaa,10451,-2.44,40.17,cereals and tubers,Maize flour (white),134,KG,actual,Retail,KES,87.5,0.68
2025-03-15,Coast,Tana River,Tarasaa,10451,-2.44,40.17,cereals and tubers,Rice (aromatic),894,KG,actual,Retail,KES,120.0,0.93
2025-03-15,Coast,Tana River,Tarasaa,10451,-2.44,40.17,cereals and tubers,Wheat flour,58,KG,actual,Retail,KES,95.0,0.74
2025-03-15,Coast,Tana River,Tarasaa,10451,-2.44,40.17,miscellaneous food,Salt,185,200 G,actual,Retail,KES,13.0,0.1
2025-03-15,Coast,Tana River,Tarasaa,10451,-2.44,40.17,miscellaneous food,Sugar,97,KG,actual,Retail,KES,163.0,1.26
2025-03-15,Coast,Tana River,Tarasaa,10451,-2.44,40.17,oil and fats,"Oil (vegetable, fortified)",494,L,actual,Retail,KES,220.0,1.7
2025-03-15,Coast,Tana River,Tarasaa,10451,-2.44,40.17,pulses and nuts,Beans,50,KG,actual,Retail,KES,153.0,1.19
2025-03-15,Coast,Tana River,Tarasaa,10451,-2.44,40.17,vegetables and fruits,Kale,796,KG,actual,Retail,KES,100.0,0.77
2025-03-15,Coast,Tana River,Wayu,10447,-1.53,39.58,cereals and tubers,"Maize (white, dry)",440,KG,actual,Retail,KES,75.0,0.58
2025-03-15,Coast,Tana River,Wayu,10447,-1.53,39.58,cereals and tubers,Maize flour (white),134,KG,actual,Retail,KES,100.0,0.77
2025-03-15,Coast,Tana River,Wayu,10447,-1.53,39.58,cereals and tubers,Wheat flour,58,KG,actual,Retail,KES,110.0,0.85
2025-03-15,Coast,Tana River,Wayu,10447,-1.53,39.58,miscellaneous food,Salt,185,200 G,actual,Retail,KES,10.0,0.077
2025-03-15,Coast,Tana River,Wayu,10447,-1.53,39.58,miscellaneous food,Sugar,97,KG,actual,Retail,KES,160.0,1.24
2025-03-15,Coast,Tana River,Wayu,10447,-1.53,39.58,oil and fats,"Oil (vegetable, fortified)",494,L,actual,Retail,KES,290.0,2.25
2025-03-15,Coast,Tana River,Wayu,10447,-1.53,39.58,pulses and nuts,Beans,50,KG,actual,Retail,KES,170.0,1.32
2025-03-15,Coast,Tana River,Wayu,10447,-1.53,39.58,vegetables and fruits,Spinach,404,KG,actual,Retail,KES,60.0,0.46
2025-03-15,Eastern,Makueni,Kathonzweni (Makueni),5666,-1.91,37.73,cereals and tubers,"Maize (white, dry)",440,90 KG,actual,Wholesale,KES,50.0,34.86
2025-03-15,Eastern,Makueni,Kathonzweni (Makueni),5666,-1.91,37.73,cereals and tubers,"Potatoes (Irish, red)",890,50 KG,actual,Wholesale,KES,2833.5,21.95
2025-03-15,Eastern,Makueni,Kathonzweni (Makueni),5666,-1.91,37.73,pulses and nuts,Cowpeas,218,90 KG,actual,Wholesale,KES,100.0,69.72
2025-03-15,Eastern,Makueni,Kathonzweni (Makueni),5666,-1.91,37.73,vegetables and fruits,Onions (dry),892,13 KG,actual,Wholesale,KES,1300.0,10.07
2025-03-15,Eastern,Makueni,Kathonzweni (Makueni),5666,-1.91,37.73,vegetables and fruits,Tomatoes,114,64 KG,actual,Wholesale,KES,3413.12,26.44
2025-03-15,Eastern,Marsabit,North Horr,6222,3.32,37.07,cereals and tubers,"Maize (white, dry)",440,KG,actual,Retail,KES,60.0,0.46
2025-03-15,Eastern,Marsabit,North Horr,6222,3.32,37.07,cereals and tubers,Wheat flour,58,KG,actual,Retail,KES,100.0,0.77
2025-03-15,Eastern,Marsabit,North Horr,6222,3.32,37.07,milk and dairy,"Milk (cow, pasteurized)",472,L,actual,Retail,KES,120.0,0.93
2025-03-15,Eastern,Marsabit,North Horr,6222,3.32,37.07,miscellaneous food,Salt,185,200 G,actual,Retail,KES,10.0,0.077
2025-03-15,Eastern,Marsabit,North Horr,6222,3.32,37.07,oil and fats,"Oil (vegetable, fortified)",494,L,actual,Retail,KES,300.0,2.32
2025-03-15,Eastern,Marsabit,North Horr,6222,3.32,37.07,pulses and nuts,Beans,50,KG,actual,Retail,KES,120.0,0.93
2025-03-15,Eastern,Moyale,Moyale town,3269,3.51,39.05,cereals and tubers,Maize flour (white),134,KG,actual,Retail,KES,116.5,0.9
2025-03-15,Eastern,Moyale,Moyale town,3269,3.51,39.05,cereals and tubers,Wheat flour,58,KG,actual,Retail,KES,120.0,0.93
2025-03-15,Eastern,Moyale,Moyale town,3269,3.51,39.05,milk and dairy,"Milk (cow, pasteurized)",472,L,actual,Retail,KES,140.0,1.08
2025-03-15,Eastern,Moyale,Moyale town,3269,3.51,39.05,miscellaneous food,Salt,185,200 G,actual,Retail,KES,18.0,0.14
2025-03-15,Eastern,Moyale,Moyale town,3269,3.51,39.05,miscellaneous food,Sugar,97,KG,actual,Retail,KES,145.0,1.12
2025-03-15,Eastern,Moyale,Moyale town,3269,3.51,39.05,pulses and nuts,Beans,50,KG,actual,Retail,KES,125.0,0.97
2025-03-15,Nairobi,Nairobi,Kangemi (Nairobi),4626,-1.27,36.74,cereals and tubers,Rice (aromatic),894,50 KG,actual,Wholesale,KES,7500.0,58.1
2025-03-15,Nairobi,Nairobi,Kangemi (Nairobi),4626,-1.27,36.74,pulses and nuts,Cowpeas,218,90 KG,actual,Wholesale,KES,100.0,69.72
2025-03-15,Nairobi,Nairobi,Kangemi (Nairobi),4626,-1.27,36.74,vegetables and fruits,Cabbage,181,126 KG,actual,Wholesale,KES,3780.0,29.28
2025-03-15,Nairobi,Nairobi,Kangemi (Nairobi),4626,-1.27,36.74,vegetables and fruits,Onions (dry),892,13 KG,actual,Wholesale,KES,735.41,5.7
2025-03-15,Nairobi,Nairobi,Kangemi (Nairobi),4626,-1.27,36.74,vegetables and fruits,Tomatoes,114,64 KG,actual,Wholesale,KES,4160.0,32.22
2025-03-15,North Eastern,Garissa,Dadaab town,3243,0.06,40.31,cereals and tubers,"Maize (white, dry)",440,KG,actual,Retail,KES,109.0,0.84
2025-03-15,North Eastern,Garissa,Dadaab town,3243,0.06,40.31,cereals and tubers,Maize flour (white),134,KG,actual,Retail,KES,85.0,0.66
2025-03-15,North Eastern,Garissa,Dadaab town,3243,0.06,40.31,cereals and tubers,Rice (aromatic),894,KG,actual,Retail,KES,118.0,0.91
2025-03-15,North Eastern,Garissa,Dadaab town,3243,0.06,40.31,cereals and tubers,Wheat flour,58,KG,actual,Retail,KES,96.0,0.74
2025-03-15,North Eastern,Garissa,Dadaab town,3243,0.06,40.31,miscellaneous food,Salt,185,200 G,actual,Retail,KES,10.0,0.077
2025-03-15,North Eastern,Garissa,Dadaab town,3243,0.06,40.31,miscellaneous food,Sugar,97,KG,actual,Retail,KES,126.0,0.98
2025-03-15,North Eastern,Garissa,Dadaab town,3243,0.06,40.31,oil and fats,"Oil (vegetable, fortified)",494,L,actual,Retail,KES,344.0,2.66
2025-03-15,North Eastern,Garissa,Dadaab town,3243,0.06,40.31,pulses and nuts,Beans,50,KG,actual,Retail,KES,110.0,0.85
2025-03-15,North Eastern,Garissa,Dadaab town,3243,0.06,40.31,pulses and nuts,Cowpeas (dry),901,KG,actual,Retail,KES,160.0,1.24
2025-03-15,North Eastern,Garissa,Dagahaley (Daadab),3252,0.19,40.29,cereals and tubers,Rice (aromatic),894,KG,actual,Retail,KES,116.0,0.9
2025-03-15,North Eastern,Garissa,Dagahaley (Daadab),3252,0.19,40.29,milk and dairy,"Milk (cow, pasteurized)",472,L,actual,Retail,KES,156.0,1.21
2025-03-15,North Eastern,Garissa,Dagahaley (Daadab),3252,0.19,40.29,oil and fats,"Oil (vegetable, fortified)",494,L,actual,Retail,KES,268.0,2.08
2025-03-15,North Eastern,Garissa,Dagahaley (Daadab),3252,0.19,40.29,pulses and nuts,Cowpeas (dry),901,KG,actual,Retail,KES,128.0,0.99
2025-03-15,North Eastern,Garissa,Dagahaley (Daadab),3252,0.19,40.29,vegetables and fruits,Kale,796,KG,actual,Retail,KES,101.0,0.78
2025-03-15,North Eastern,Garissa,Hagadera (Daadab),3254,0.01,40.37,cereals and tubers,"Maize (white, dry)",440,KG,actual,Retail,KES,60.0,0.46
2025-03-15,North Eastern,Garissa,Hagadera (Daadab),3254,0.01,40.37,cereals and tubers,Rice (aromatic),894,KG,actual,Retail,KES,116.0,0.9
2025-03-15,North Eastern,Garissa,Hagadera (Daadab),3254,0.01,40.37,pulses and nuts,Beans,50,KG,actual,Retail,KES,132.0,1.02
2025-03-15,North Eastern,Garissa,Hagadera (Daadab),3254,0.01,40.37,pulses and nuts,Cowpeas (dry),901,KG,actual,Retail,KES,132.0,1.02
2025-03-15,North Eastern,Garissa,Hagadera (Daadab),3254,0.01,40.37,vegetables and fruits,Kale,796,KG,actual,Retail,KES,92.0,0.71
2025-03-15,North Eastern,Garissa,IFO (Daadab),3255,0.11,40.32,cereals and tubers,"Maize (white, dry)",440,KG,actual,Retail,KES,100.0,0.77
2025-03-15,North Eastern,Garissa,IFO (Daadab),3255,0.11,40.32,cereals and tubers,Rice (aromatic),894,KG,actual,Retail,KES,118.0,0.91
2025-03-15,North Eastern,Garissa,IFO (Daadab),3255,0.11,40.32,oil and fats,"Oil (vegetable, fortified)",494,L,actual,Retail,KES,323.0,2.5
2025-03-15,North Eastern,Garissa,IFO (Daadab),3255,0.11,40.32,vegetables and fruits,Kale,796,KG,actual,Retail,KES,105.0,0.81
2025-03-15,North Eastern,Mandera,Banissa,10398,3.94,40.34,cereals and tubers,"Maize (white, dry)",440,KG,actual,Retail,KES,150.0,1.16
2025-03-15,North Eastern,Mandera,Banissa,10398,3.94,40.34,cereals and tubers,Wheat flour,58,KG,actual,Retail,KES,130.0,1.01
2025-03-15,North Eastern,Mandera,Banissa,10398,3.94,40.34,miscellaneous food,Salt,185,200 G,actual,Retail,KES,40.0,0.31
2025-03-15,North Eastern,Mandera,Banissa,10398,3.94,40.34,miscellaneous food,Sugar,97,KG,actual,Retail,KES,165.0,1.28
2025-03-15,North Eastern,Mandera,Banissa,10398,3.94,40.34,oil and fats,"Oil (vegetable, fortified)",494,L,actual,Retail,KES,200.0,1.55
2025-03-15,North Eastern,Mandera,Banissa,10398,3.94,40.34,pulses and nuts,Beans,50,KG,actual,Retail,KES,187.0,1.45
2025-03-15,North Eastern,Mandera,Kiliwaheri,10399,3.92,40.01,cereals and tubers,"Maize (white, dry)",440,KG,actual,Retail,KES,80.0,0.62
2025-03-15,North Eastern,Mandera,Kiliwaheri,10399,3.92,40.01,miscellaneous food,Salt,185,200 G,actual,Retail,KES,20.0,0.15
2025-03-15,North Eastern,Mandera,Kiliwaheri,10399,3.92,40.01,miscellaneous food,Sugar,97,KG,actual,Retail,KES,150.0,1.16
2025-03-15,North Eastern,Mandera,Kiliwaheri,10399,3.92,40.01,oil and fats,"Oil (vegetable, fortified)",494,L,actual,Retail,KES,200.0,1.55
2025-03-15,North Eastern,Mandera,Kiliwaheri,10399,3.92,40.01,pulses and nuts,Beans,50,KG,actual,Retail,KES,200.0,1.55
2025-03-15,North Eastern,Mandera,Kiliwaheri,10399,3.92,40.01,pulses and nuts,Cowpeas (dry),901,KG,actual,Retail,KES,150.0,1.16
2025-03-15,North Eastern,Wajir,Griftu,6644,2.0,39.75,cereals and tubers,Maize flour (white),134,KG,actual,Retail,KES,100.0,0.77
2025-03-15,North Eastern,Wajir,Griftu,6644,2.0,39.75,milk and dairy,"Milk (cow, pasteurized)",472,L,actual,Retail,KES,200.0,1.55
2025-03-15,North Eastern,Wajir,Griftu,6644,2.0,39.75,miscellaneous food,Salt,185,200 G,actual,Retail,KES,13.0,0.1
2025-03-15,North Eastern,Wajir,Griftu,6644,2.0,39.75,miscellaneous food,Sugar,97,KG,actual,Retail,KES,127.0,0.98
2025-03-15,North Eastern,Wajir,Griftu,6644,2.0,39.75,pulses and nuts,Beans,50,KG,actual,Retail,KES,133.0,1.03
2025-03-15,North Eastern,Wajir,Tarbaj,6647,2.21,40.12,cereals and tubers,"Maize (white, dry)",440,KG,actual,Retail,KES,110.0,0.85
2025-03-15,North Eastern,Wajir,Tarbaj,6647,2.21,40.12,cereals and tubers,Rice (aromatic),894,KG,actual,Retail,KES,154.0,1.19
2025-03-15,North Eastern,Wajir,Tarbaj,6647,2.21,40.12,cereals and tubers,Wheat flour,58,KG,actual,Retail,KES,120.0,0.93
2025-03-15,North Eastern,Wajir,Tarbaj,6647,2.21,40.12,milk and dairy,"Milk (cow, pasteurized)",472,L,actual,Retail,KES,192.0,1.49
2025-03-15,North Eastern,Wajir,Tarbaj,6647,2.21,40.12,miscellaneous food,Salt,185,200 G,actual,Retail,KES,15.0,0.12
2025-03-15,North Eastern,Wajir,Tarbaj,6647,2.21,40.12,miscellaneous food,Sugar,97,KG,actual,Retail,KES,152.0,1.18
2025-03-15,North Eastern,Wajir,Tarbaj,6647,2.21,40.12,pulses and nuts,Beans,50,KG,actual,Retail,KES,160.0,1.24
2025-03-15,Nyanza,Kisumu,Kibuye (Kisumu),5671,-0.09,34.77,cereals and tubers,"Maize (white, dry)",440,90 KG,actual,Wholesale,KES,48.89,34.08
2025-03-15,Nyanza,Kisumu,Kibuye (Kisumu),5671,-0.09,34.77,vegetables and fruits,Kale,796,50 KG,actual,Wholesale,KES,2778.0,21.52
2025-03-15,Nyanza,Kisumu,Kibuye (Kisumu),5671,-0.09,34.77,vegetables and fruits,Onions (dry),892,13 KG,actual,Wholesale,KES,899.99,6.97
2025-03-15,Nyanza,Kisumu,Kibuye (Kisumu),5671,-0.09,34.77,vegetables and fruits,Tomatoes,114,64 KG,actual,Wholesale,KES,6856.96,53.12
2025-03-15,Rift Valley,Baringo,Lororo Centre,10503,0.44,36.0,cereals and tubers,"Maize (white, dry)",440,KG,actual,Retail,KES,53.0,0.41
2025-03-15,Rift Valley,Baringo,Lororo Centre,10503,0.44,36.0,cereals and tubers,Maize flour (white),134,KG,actual,Retail,KES,95.0,0.74
2025-03-15,Rift Valley,Baringo,Lororo Centre,10503,0.44,36.0,cereals and tubers,Rice (aromatic),894,KG,actual,Retail,KES,120.0,0.93
2025-03-15,Rift Valley,Baringo,Lororo Centre,10503,0.44,36.0,miscellaneous food,Salt,185,200 G,actual,Retail,KES,23.0,0.18
2025-03-15,Rift Valley,Baringo,Lororo Centre,10503,0.44,36.0,pulses and nuts,Cowpeas (dry),901,KG,actual,Retail,KES,140.0,1.08
2025-03-15,Rift Valley,Baringo,Lororo Centre,10503,0.44,36.0,vegetables and fruits,Kale,796,KG,actual,Retail,KES,40.0,0.31
2025-03-15,Rift Valley,Turkana,Eliye Centre,10458,3.24,36.02,cereals and tubers,"Maize (white, dry)",440,KG,actual,Retail,KES,145.0,1.12
2025-03-15,Rift Valley,Turkana,Eliye Centre,10458,3.24,36.02,cereals and tubers,Rice (aromatic),894,KG,actual,Retail,KES,135.0,1.05
2025-03-15,Rift Valley,Turkana,Eliye Centre,10458,3.24,36.02,cereals and tubers,Wheat flour,58,KG,actual,Retail,KES,100.0,0.77
2025-03-15,Rift Valley,Turkana,Eliye Centre,10458,3.24,36.02,milk and dairy,"Milk (cow, pasteurized)",472,L,actual,Retail,KES,300.0,2.32
2025-03-15,Rift Valley,Turkana,Eliye Centre,10458,3.24,36.02,miscellaneous food,Sugar,97,KG,actual,Retail,KES,225.0,1.74
2025-03-15,Rift Valley,Turkana,Eliye Centre,10458,3.24,36.02,oil and fats,"Oil (vegetable, fortified)",494,L,actual,Retail,KES,363.0,2.81
2025-03-15,Rift Valley,Turkana,Eliye Centre,10458,3.24,36.02,pulses and nuts,Beans,50,KG,actual,Retail,KES,180.0,1.39
2025-03-15,Rift Valley,Turkana,Eliye Centre,10458,3.24,36.02,vegetables and fruits,Kale,796,KG,actual,Retail,KES,100.0,0.77
2025-03-15,Rift Valley,Turkana,Eliye Centre,10458,3.24,36.02,vegetables and fruits,Spinach,404,KG,actual,Retail,KES,50.0,0.39
2025-03-15,Rift Valley,Turkana,HongKong (Kakuma),3250,3.75,34.84,cereals and tubers,"Maize (white, dry)",440,KG,actual,Retail,KES,68.0,0.53
2025-03-15,Rift Valley,Turkana,HongKong (Kakuma),3250,3.75,34.84,cereals and tubers,Rice (aromatic),894,KG,actual,Retail,KES,118.0,0.91
2025-03-15,Rift Valley,Turkana,HongKong (Kakuma),3250,3.75,34.84,milk and dairy,"Milk (cow, pasteurized)",472,L,actual,Retail,KES,135.0,1.05
2025-03-15,Rift Valley,Turkana,HongKong (Kakuma),3250,3.75,34.84,pulses and nuts,Beans,50,KG,actual,Retail,KES,148.0,1.15
2025-03-15,Rift Valley,Turkana,HongKong (Kakuma),3250,3.75,34.84,pulses and nuts,Cowpeas (dry),901,KG,actual,Retail,KES,175.0,1.36
2025-03-15,Rift Valley,Turkana,HongKong (Kakuma),3250,3.75,34.84,vegetables and fruits,Kale,796,KG,actual,Retail,KES,70.0,0.54
2025-03-15,Rift Valley,Turkana,Kakuma 2,3248,3.75,34.82,cereals and tubers,Rice (aromatic),894,KG,actual,Retail,KES,147.0,1.14
2025-03-15,Rift Valley,Turkana,Kakuma 2,3248,3.75,34.82,milk and dairy,"Milk (cow, pasteurized)",472,L,actual,Retail,KES,160.0,1.24
2025-03-15,Rift Valley,Turkana,Kakuma 2,3248,3.75,34.82,pulses and nuts,Beans,50,KG,actual,Retail,KES,130.0,1.01
2025-03-15,Rift Valley,Turkana,Kakuma 2,3248,3.75,34.82,vegetables and fruits,Kale,796,KG,actual,Retail,KES,80.0,0.62
2025-03-15,Rift Valley,Turkana,Kakuma 3,3251,3.77,34.82,cereals and tubers,Rice (aromatic),894,KG,actual,Retail,KES,130.0,1.01
2025-03-15,Rift Valley,Turkana,Kakuma 3,3251,3.77,34.82,milk and dairy,"Milk (cow, pasteurized)",472,L,actual,Retail,KES,153.0,1.19
2025-03-15,Rift Valley,Turkana,Kakuma 3,3251,3.77,34.82,pulses and nuts,Beans,50,KG,actual,Retail,KES,137.0,1.06
2025-03-15,Rift Valley,Turkana,Kakuma 3,3251,3.77,34.82,pulses and nuts,Cowpeas (dry),901,KG,actual,Retail,KES,150.0,1.16
2025-03-15,Rift Valley,Turkana,Kakuma 3,3251,3.77,34.82,vegetables and fruits,Kale,796,KG,actual,Retail,KES,60.0,0.46
2025-03-15,Rift Valley,Turkana,Kakuma 4,3249,3.74,34.81,cereals and tubers,"Maize (white, dry)",440,KG,actual,Retail,KES,60.0,0.46
2025-03-15,Rift Valley,Turkana,Kakuma 4,3249,3.74,34.81,cereals and tubers,Maize flour (white),134,KG,actual,Retail,KES,85.0,0.66
2025-03-15,Rift Valley,Turkana,Kakuma 4,3249,3.74,34.81,cereals and tubers,Rice (aromatic),894,KG,actual,Retail,KES,130.0,1.01
2025-03-15,Rift Valley,Turkana,Kakuma 4,3249,3.74,34.81,pulses and nuts,Beans,50,KG,actual,Retail,KES,150.0,1.16
2025-03-15,Rift Valley,Turkana,Kakuma 4,3249,3.74,34.81,vegetables and fruits,Kale,796,KG,actual,Retail,KES,117.0,0.91
2025-03-15,Rift Valley,Turkana,Kalobeyei (Village 1),3244,3.77,34.73,milk and dairy,"Milk (cow, pasteurized)",472,L,actual,Retail,KES,160.0,1.24
2025-03-15,Rift Valley,Turkana,Kalobeyei (Village 1),3244,3.77,34.73,pulses and nuts,Beans,50,KG,actual,Retail,KES,120.0,0.93
2025-03-15,Rift Valley,Turkana,Kalobeyei (Village 1),3244,3.77,34.73,pulses and nuts,Cowpeas (dry),901,KG,actual,Retail,KES,180.0,1.39
2025-03-15,Rift Valley,Turkana,Kalobeyei (Village 2),3246,3.76,34.75,cereals and tubers,Rice (aromatic),894,KG,actual,Retail,KES,132.0,1.02
2025-03-15,Rift Valley,Turkana,Kalobeyei (Village 2),3246,3.76,34.75,pulses and nuts,Beans,50,KG,actual,Retail,KES,120.0,0.93
2025-03-15,Rift Valley,Turkana,Kalobeyei (Village 2),3246,3.76,34.75,pulses and nuts,Cowpeas (dry),901,KG,actual,Retail,KES,195.0,1.51
2025-03-15,Rift Valley,Turkana,Kalobeyei (Village 2),3246,3.76,34.75,vegetables and fruits,Kale,796,KG,actual,Retail,KES,100.0,0.77
2025-03-15,Rift Valley,Turkana,Kalobeyei (Village 3),3247,3.75,34.76,cereals and tubers,"Maize (white, dry)",440,KG,actual,Retail,KES,73.0,0.57
2025-03-15,Rift Valley,Turkana,Kalobeyei (Village 3),3247,3.75,34.76,cereals and tubers,Rice (aromatic),894,KG,actual,Retail,KES,103.0,0.8
2025-03-15,Rift Valley,Turkana,Kalobeyei (Village 3),3247,3.75,34.76,oil and fats,"Oil (vegetable, fortified)",494,L,actual,Retail,KES,277.0,2.15
2025-03-15,Rift Valley,Turkana,Kalobeyei (Village 3),3247,3.75,34.76,pulses and nuts,Beans,50,KG,actual,Retail,KES,123.0,0.95
2025-03-15,Rift Valley,Turkana,Kalobeyei (Village 3),3247,3.75,34.76,pulses and nuts,Cowpeas (dry),901,KG,actual,Retail,KES,215.0,1.67
2025-03-15,Rift Valley,Turkana,Kalobeyei (Village 3),3247,3.75,34.76,vegetables and fruits,Kale,796,KG,actual,Retail,KES,50.0,0.39
2025-03-15,Rift Valley,Turkana,Kalokol,3258,3.54,35.86,cereals and tubers,Rice (aromatic),894,KG,actual,Retail,KES,139.0,1.08
2025-03-15,Rift Valley,Turkana,Kalokol,3258,3.54,35.86,milk and dairy,"Milk (cow, pasteurized)",472,L,actual,Retail,KES,200.0,1.55
2025-03-15,Rift Valley,Turkana,Kalokol,3258,3.54,35.86,miscellaneous food,Salt,185,200 G,actual,Retail,KES,27.0,0.21
2025-03-15,Rift Valley,Turkana,Kalokol,3258,3.54,35.86,pulses and nuts,Beans,50,KG,actual,Retail,KES,209.0,1.62
2025-03-15,Rift Valley,Turkana,Kalokol,3258,3.54,35.86,pulses and nuts,Pigeon peas (dry),937,KG,actual,Retail,KES,250.0,1.94
2025-03-15,Rift Valley,Turkana,Kalokol,3258,3.54,35.86,vegetables and fruits,Kale,796,KG,actual,Retail,KES,70.0,0.54
2025-03-15,Rift Valley,Turkana,Kalokol,3258,3.54,35.86,vegetables and fruits,Spinach,404,KG,actual,Retail,KES,55.0,0.43
2025-03-15,Rift Valley,Turkana,Lowarengak,6888,4.28,35.89,cereals and tubers,"Maize (white, dry)",440,KG,actual,Retail,KES,142.0,1.1
2025-03-15,Rift Valley,Turkana,Lowarengak,6888,4.28,35.89,cereals and tubers,Maize flour (white),134,KG,actual,Retail,KES,103.5,0.8
2025-03-15,Rift Valley,Turkana,Lowarengak,6888,4.28,35.89,cereals and tubers,Rice (aromatic),894,KG,actual,Retail,KES,129.0,1.0
2025-03-15,Rift Valley,Turkana,Lowarengak,6888,4.28,35.89,miscellaneous food,Salt,185,200 G,actual,Retail,KES,34.0,0.26
2025-03-15,Rift Valley,Turkana,Lowarengak,6888,4.28,35.89,oil and fats,"Oil (vegetable, fortified)",494,L,actual,Retail,KES,336.0,2.6
2025-03-15,Rift Valley,Turkana,Lowarengak,6888,4.28,35.89,pulses and nuts,Beans,50,KG,actual,Retail,KES,197.0,1.53
2025-03-15,Rift Valley,Turkana,Mogadishu (Kakuma),3245,3.72,34.85,cereals and tubers,"Maize (white, dry)",440,KG,actual,Retail,KES,74.0,0.57
2025-03-15,Rift Valley,Turkana,Mogadishu (Kakuma),3245,3.72,34.85,cereals and tubers,Rice (aromatic),894,KG,actual,Retail,KES,87.0,0.67
2025-03-15,Rift Valley,Turkana,Mogadishu (Kakuma),3245,3.72,34.85,milk and dairy,"Milk (cow, pasteurized)",472,L,actual,Retail,KES,133.0,1.03
2025-03-15,Rift Valley,Turkana,Mogadishu (Kakuma),3245,3.72,34.85,oil and fats,"Oil (vegetable, fortified)",494,L,actual,Retail,KES,291.0,2.25
2025-03-15,Rift Valley,Turkana,Mogadishu (Kakuma),3245,3.72,34.85,pulses and nuts,Beans,50,KG,actual,Retail,KES,148.0,1.15
2025-03-15,Rift Valley,Turkana,Mogadishu (Kakuma),3245,3.72,34.85,vegetables and fruits,Kale,796,KG,actual,Retail,KES,98.0,0.76
2025-04-15,Nyanza,Kisumu,Kibuye (Kisumu),5671,-0.09,34.77,cereals and tubers,"Maize (white, dry)",440,90 KG,actual,Wholesale,KES,50.0,34.76
2025-04-15,Nyanza,Kisumu,Kibuye (Kisumu),5671,-0.09,34.77,cereals and tubers,"Potatoes (Irish, white)",891,50 KG,actual,Wholesale,KES,4675.0,36.11
2025-04-15,Nyanza,Kisumu,Kibuye (Kisumu),5671,-0.09,34.77,vegetables and fruits,Kale,796,50 KG,actual,Wholesale,KES,2052.0,15.85
2025-04-15,Rift Valley,Uasin Gishu,Eldoret town (Uasin Gishu),185,0.52,35.28,cereals and tubers,"Maize (white, dry)",440,90 KG,actual,Wholesale,KES,47.5,33.02
2025-04-15,Rift Valley,Uasin Gishu,Eldoret town (Uasin Gishu),185,0.52,35.28,vegetables and fruits,Cabbage,181,126 KG,actual,Wholesale,KES,4410.0,34.07
2025-04-15,Rift Valley,Uasin Gishu,Eldoret town (Uasin Gishu),185,0.52,35.28,vegetables and fruits,Onions (dry),892,13 KG,actual,Wholesale,KES,780.0,6.03
2025-05-15,Eastern,Makueni,Kathonzweni (Makueni),5666,-1.91,37.73,vegetables and fruits,Onions (dry),892,13 KG,actual,Wholesale,KES,1235.0,9.56
2025-05-15,Eastern,Makueni,Kathonzweni (Makueni),5666,-1.91,37.73,vegetables and fruits,Tomatoes,114,64 KG,actual,Wholesale,KES,4640.0,35.9
2025-05-15,Nairobi,Nairobi,Kangemi (Nairobi),4626,-1.27,36.74,cereals and tubers,Rice (aromatic),894,50 KG,actual,Wholesale,KES,8500.0,65.76
2025-05-15,Nairobi,Nairobi,Kangemi (Nairobi),4626,-1.27,36.74,pulses and nuts,Beans (rosecoco),897,90 KG,actual,Wholesale,KES,125.28,87.24
2025-05-15,Nairobi,Nairobi,Kangemi (Nairobi),4626,-1.27,36.74,vegetables and fruits,Cabbage,181,126 KG,actual,Wholesale,KES,2520.0,19.5
2025-05-15,Nairobi,Nairobi,Wakulima (Nairobi),5698,-1.29,36.83,cereals and tubers,"Potatoes (Irish, white)",891,50 KG,actual,Wholesale,KES,1941.0,15.02
2025-05-15,Nairobi,Nairobi,Wakulima (Nairobi),5698,-1.29,36.83,pulses and nuts,Beans (rosecoco),897,90 KG,actual,Wholesale,KES,140.92,98.13
2025-05-15,Nairobi,Nairobi,Wakulima (Nairobi),5698,-1.29,36.83,vegetables and fruits,Onions (dry),892,13 KG,actual,Wholesale,KES,1326.0,10.26
2025-05-15,Nyanza,Kisumu,Kibuye (Kisumu),5671,-0.09,34.77,cereals and tubers,"Potatoes (Irish, white)",891,50 KG,actual,Wholesale,KES,4850.0,37.52
2025-05-15,Nyanza,Kisumu,Kibuye (Kisumu),5671,-0.09,34.77,vegetables and fruits,Kale,796,50 KG,actual,Wholesale,KES,1875.0,14.51
2025-05-15,Nyanza,Kisumu,Kibuye (Kisumu),5671,-0.09,34.77,vegetables and fruits,Onions (dry),892,13 KG,actual,Wholesale,KES,1200.03,9.28
2025-05-15,Nyanza,Kisumu,Kibuye (Kisumu),5671,-0.09,34.77,vegetables and fruits,Tomatoes,114,64 KG,actual,Wholesale,KES,10056.96,77.81
2025-05-15,Rift Valley,Uasin Gishu,Eldoret town (Uasin Gishu),185,0.52,35.28,pulses and nuts,Beans (rosecoco),897,90 KG,actual,Wholesale,KES,171.0,119.07
2025-05-15,Rift Valley,Uasin Gishu,Eldoret town (Uasin Gishu),185,0.52,35.28,vegetables and fruits,Cabbage,181,126 KG,actual,Wholesale,KES,4095.0,31.68
2025-05-15,Rift Valley,Uasin Gishu,Eldoret town (Uasin Gishu),185,0.52,35.28,vegetables and fruits,Kale,796,50 KG,actual,Wholesale,KES,1187.5,9.19
2025-05-15,Rift Valley,Uasin Gishu,Eldoret town (Uasin Gishu),185,0.52,35.28,vegetables and fruits,Onions (dry),892,13 KG,actual,Wholesale,KES,884.0,6.84
2025-05-15,Rift Valley,Uasin Gishu,Eldoret town (Uasin Gishu),185,0.52,35.28,vegetables and fruits,Tomatoes,114,64 KG,actual,Wholesale,KES,4480.0,34.66
2025-06-15,Eastern,Isiolo,Merti CENTER,10378,1.07,38.67,cereals and tubers,"Maize (white, dry)",440,KG,actual,Retail,KES,116.0,0.9
2025-06-15,Eastern,Isiolo,Merti CENTER,10378,1.07,38.67,miscellaneous food,Salt,185,200 G,actual,Retail,KES,22.0,0.17
2025-06-15,Eastern,Isiolo,Merti CENTER,10378,1.07,38.67,miscellaneous food,Sugar,97,KG,actual,Retail,KES,202.0,1.56
2025-06-15,Eastern,Isiolo,Merti CENTER,10378,1.07,38.67,pulses and nuts,Cowpeas (dry),901,KG,actual,Retail,KES,100.0,0.77
2025-06-15,Eastern,Isiolo,Merti CENTER,10378,1.07,38.67,vegetables and fruits,Spinach,404,KG,actual,Retail,KES,98.0,0.76
2025-06-15,Eastern,Makueni,Kathonzweni (Makueni),5666,-1.91,37.73,cereals and tubers,"Maize (white, dry)",440,90 KG,actual,Wholesale,KES,55.0,38.29
2025-06-15,Eastern,Makueni,Kathonzweni (Makueni),5666,-1.91,37.73,cereals and tubers,"Potatoes (Irish, red)",890,50 KG,actual,Wholesale,KES,2500.0,19.34
2025-06-15,Eastern,Makueni,Kathonzweni (Makueni),5666,-1.91,37.73,pulses and nuts,Cowpeas,218,90 KG,actual,Wholesale,KES,88.75,61.79
2025-06-15,Eastern,Makueni,Kathonzweni (Makueni),5666,-1.91,37.73,vegetables and fruits,Cabbage,181,126 KG,actual,Wholesale,KES,3849.3,29.78
2025-06-15,Eastern,Makueni,Kathonzweni (Makueni),5666,-1.91,37.73,vegetables and fruits,Onions (dry),892,13 KG,actual,Wholesale,KES,1213.29,9.39
2025-06-15,Nairobi,Nairobi,Wakulima (Nairobi),5698,-1.29,36.83,cereals and tubers,"Potatoes (Irish, white)",891,50 KG,actual,Wholesale,KES,1902.0,14.71
2025-06-15,Nairobi,Nairobi,Wakulima (Nairobi),5698,-1.29,36.83,pulses and nuts,Beans (dolichos),896,90 KG,actual,Wholesale,KES,83.25,57.96
2025-06-15,Nairobi,Nairobi,Wakulima (Nairobi),5698,-1.29,36.83,vegetables and fruits,Cabbage,181,126 KG,actual,Wholesale,KES,2835.0,21.93
2025-06-15,Nairobi,Nairobi,Wakulima (Nairobi),5698,-1.29,36.83,vegetables and fruits,Kale,796,50 KG,actual,Wholesale,KES,1650.0,12.76
2025-06-15,Nairobi,Nairobi,Wakulima (Nairobi),5698,-1.29,36.83,vegetables and fruits,Onions (dry),892,13 KG,actual,Wholesale,KES,1170.0,9.05
2025-06-15,North Eastern,Garissa,Dagahaley (Daadab),3252,0.19,40.29,cereals and tubers,Rice (aromatic),894,KG,actual,Retail,KES,122.0,0.94
2025-06-15,North Eastern,Garissa,Dagahaley (Daadab),3252,0.19,40.29,pulses and nuts,Beans,50,KG,actual,Retail,KES,138.0,1.07
2025-06-15,North Eastern,Garissa,Dagahaley (Daadab),3252,0.19,40.29,pulses and nuts,Cowpeas (dry),901,KG,actual,Retail,KES,129.0,1.0
2025-06-15,North Eastern,Garissa,Dagahaley (Daadab),3252,0.19,40.29,vegetables and fruits,Kale,796,KG,actual,Retail,KES,92.0,0.71
2025-06-15,North Eastern,Garissa,Hagadera (Daadab),3254,0.01,40.37,cereals and tubers,"Maize (white, dry)",440,KG,actual,Retail,KES,58.0,0.45
2025-06-15,North Eastern,Garissa,Hagadera (Daadab),3254,0.01,40.37,cereals and tubers,Maize flour (white),134,KG,actual,Retail,KES,100.0,0.77
2025-06-15,North Eastern,Garissa,Hagadera (Daadab),3254,0.01,40.37,cereals and tubers,Rice (aromatic),894,KG,actual,Retail,KES,115.0,0.89
2025-06-15,North Eastern,Garissa,Hagadera (Daadab),3254,0.01,40.37,pulses and nuts,Beans,50,KG,actual,Retail,KES,125.0,0.97
2025-06-15,North Eastern,Garissa,Hagadera (Daadab),3254,0.01,40.37,pulses and nuts,Cowpeas (dry),901,KG,actual,Retail,KES,130.0,1.01
2025-06-15,North Eastern,Garissa,IFO (Daadab),3255,0.11,40.32,cereals and tubers,"Maize (white, dry)",440,KG,actual,Retail,KES,63.0,0.49
2025-06-15,North Eastern,Garissa,IFO (Daadab),3255,0.11,40.32,cereals and tubers,Rice (aromatic),894,KG,actual,Retail,KES,118.0,0.91
2025-06-15,North Eastern,Garissa,IFO (Daadab),3255,0.11,40.32,milk and dairy,"Milk (cow, pasteurized)",472,L,actual,Retail,KES,150.0,1.16
2025-06-15,North Eastern,Garissa,IFO (Daadab),3255,0.11,40.32,oil and fats,"Oil (vegetable, fortified)",494,L,actual,Retail,KES,265.0,2.05
2025-06-15,North Eastern,Garissa,IFO (Daadab),3255,0.11,40.32,pulses and nuts,Beans,50,KG,actual,Retail,KES,127.0,0.98
2025-06-15,North Eastern,Garissa,IFO (Daadab),3255,0.11,40.32,pulses and nuts,Cowpeas (dry),901,KG,actual,Retail,KES,145.0,1.12
2025-06-15,North Eastern,Garissa,IFO (Daadab),3255,0.11,40.32,vegetables and fruits,Kale,796,KG,actual,Retail,KES,83.0,0.64
2025-06-15,North Eastern,Mandera,Banissa,10398,3.94,40.34,cereals and tubers,"Maize (white, dry)",440,KG,actual,Retail,KES,100.0,0.77
2025-06-15,North Eastern,Mandera,Banissa,10398,3.94,40.34,cereals and tubers,Wheat flour,58,KG,actual,Retail,KES,100.0,0.77
2025-06-15,North Eastern,Mandera,Banissa,10398,3.94,40.34,milk and dairy,"Milk (cow, pasteurized)",472,L,actual,Retail,KES,213.0,1.65
2025-06-15,North Eastern,Mandera,Banissa,10398,3.94,40.34,miscellaneous food,Salt,185,200 G,actual,Retail,KES,18.0,0.14
2025-06-15,North Eastern,Mandera,Banissa,10398,3.94,40.34,miscellaneous food,Sugar,97,KG,actual,Retail,KES,150.0,1.16
2025-06-15,North Eastern,Mandera,Banissa,10398,3.94,40.34,pulses and nuts,Beans,50,KG,actual,Retail,KES,190.0,1.47
2025-06-15,North Eastern,Mandera,Banissa,10398,3.94,40.34,pulses and nuts,Cowpeas (dry),901,KG,actual,Retail,KES,263.0,2.03
2025-06-15,North Eastern,Mandera,Banissa,10398,3.94,40.34,pulses and nuts,Pigeon peas (dry),937,KG,actual,Retail,KES,263.0,2.03
2025-06-15,North Eastern,Mandera,Banissa,10398,3.94,40.34,vegetables and fruits,Kale,796,KG,actual,Retail,KES,100.0,0.77
2025-06-15,North Eastern,Mandera,Mandera town,3357,3.94,41.85,cereals and tubers,Rice (aromatic),894,KG,actual,Retail,KES,150.0,1.16
2025-06-15,North Eastern,Mandera,Mandera town,3357,3.94,41.85,cereals and tubers,Wheat flour,58,KG,actual,Retail,KES,130.0,1.01
2025-06-15,North Eastern,Mandera,Mandera town,3357,3.94,41.85,milk and dairy,"Milk (cow, pasteurized)",472,L,actual,Retail,KES,140.0,1.08
2025-06-15,North Eastern,Mandera,Mandera town,3357,3.94,41.85,miscellaneous food,Salt,185,200 G,actual,Retail,KES,20.0,0.15
2025-06-15,North Eastern,Mandera,Mandera town,3357,3.94,41.85,miscellaneous food,Sugar,97,KG,actual,Retail,KES,120.0,0.93
2025-06-15,North Eastern,Mandera,Mandera town,3357,3.94,41.85,pulses and nuts,Beans,50,KG,actual,Retail,KES,250.0,1.93
2025-06-15,North Eastern,Mandera,Mandera town,3357,3.94,41.85,vegetables and fruits,Kale,796,KG,actual,Retail,KES,90.0,0.7
2025-06-15,North Eastern,Mandera,Mandera town,3357,3.94,41.85,vegetables and fruits,Spinach,404,KG,actual,Retail,KES,95.0,0.73
2025-06-15,North Eastern,Mandera,Rhamu,3266,3.93,41.22,cereals and tubers,Rice (aromatic),894,KG,actual,Retail,KES,140.0,1.08
2025-06-15,North Eastern,Mandera,Rhamu,3266,3.93,41.22,cereals and tubers,Wheat flour,58,KG,actual,Retail,KES,128.0,0.99
2025-06-15,North Eastern,Mandera,Rhamu,3266,3.93,41.22,milk and dairy,"Milk (cow, pasteurized)",472,L,actual,Retail,KES,280.0,2.17
2025-06-15,North Eastern,Mandera,Rhamu,3266,3.93,41.22,miscellaneous food,Salt,185,200 G,actual,Retail,KES,23.0,0.18
2025-06-15,North Eastern,Mandera,Rhamu,3266,3.93,41.22,pulses and nuts,Beans,50,KG,actual,Retail,KES,193.0,1.49
2025-06-15,North Eastern,Mandera,Rhamu,3266,3.93,41.22,pulses and nuts,Cowpeas (dry),901,KG,actual,Retail,KES,300.0,2.32
2025-06-15,North Eastern,Mandera,Rhamu,3266,3.93,41.22,pulses and nuts,Pigeon peas (dry),937,KG,actual,Retail,KES,400.0,3.09
2025-06-15,North Eastern,Mandera,Rhamu,3266,3.93,41.22,vegetables and fruits,Spinach,404,KG,actual,Retail,KES,107.0,0.83
2025-06-15,Nyanza,Kisumu,Kibuye (Kisumu),5671,-0.09,34.77,cereals and tubers,"Maize (white, dry)",440,90 KG,actual,Wholesale,KES,62.22,43.32
2025-06-15,Nyanza,Kisumu,Kibuye (Kisumu),5671,-0.09,34.77,vegetables and fruits,Kale,796,50 KG,actual,Wholesale,KES,1816.5,14.05
2025-06-15,Rift Valley,Turkana,Eliye Centre,10458,3.24,36.02,cereals and tubers,"Maize (white, dry)",440,KG,actual,Retail,KES,100.0,0.77
2025-06-15,Rift Valley,Turkana,Eliye Centre,10458,3.24,36.02,cereals and tubers,Rice (aromatic),894,KG,actual,Retail,KES,140.0,1.08
2025-06-15,Rift Valley,Turkana,Eliye Centre,10458,3.24,36.02,miscellaneous food,Salt,185,200 G,actual,Retail,KES,35.0,0.27
2025-06-15,Rift Valley,Turkana,Eliye Centre,10458,3.24,36.02,miscellaneous food,Sugar,97,KG,actual,Retail,KES,183.0,1.42
2025-06-15,Rift Valley,Turkana,Eliye Centre,10458,3.24,36.02,oil and fats,"Oil (vegetable, fortified)",494,L,actual,Retail,KES,293.0,2.27
2025-06-15,Rift Valley,Turkana,Eliye Centre,10458,3.24,36.02,pulses and nuts,Beans,50,KG,actual,Retail,KES,125.0,0.97
2025-06-15,Rift Valley,Turkana,HongKong (Kakuma),3250,3.75,34.84,cereals and tubers,"Maize (white, dry)",440,KG,actual,Retail,KES,77.0,0.6
2025-06-15,Rift Valley,Turkana,HongKong (Kakuma),3250,3.75,34.84,cereals and tubers,Rice (aromatic),894,KG,actual,Retail,KES,133.0,1.03
2025-06-15,Rift Valley,Turkana,HongKong (Kakuma),3250,3.75,34.84,milk and dairy,"Milk (cow, pasteurized)",472,L,actual,Retail,KES,180.0,1.39
2025-06-15,Rift Valley,Turkana,HongKong (Kakuma),3250,3.75,34.84,pulses and nuts,Beans,50,KG,actual,Retail,KES,157.0,1.21
2025-06-15,Rift Valley,Turkana,HongKong (Kakuma),3250,3.75,34.84,vegetables and fruits,Kale,796,KG,actual,Retail,KES,97.0,0.75
2025-06-15,Rift Valley,Turkana,Kakuma 2,3248,3.75,34.82,cereals and tubers,"Maize (white, dry)",440,KG,actual,Retail,KES,62.0,0.48
2025-06-15,Rift Valley,Turkana,Kakuma 2,3248,3.75,34.82,cereals and tubers,Maize flour (white),134,KG,actual,Retail,KES,90.0,0.7
2025-06-15,Rift Valley,Turkana,Kakuma 2,3248,3.75,34.82,cereals and tubers,Rice (aromatic),894,KG,actual,Retail,KES,130.0,1.01
2025-06-15,Rift Valley,Turkana,Kakuma 2,3248,3.75,34.82,oil and fats,"Oil (vegetable, fortified)",494,L,actual,Retail,KES,267.0,2.07
2025-06-15,Rift Valley,Turkana,Kakuma 2,3248,3.75,34.82,pulses and nuts,Beans,50,KG,actual,Retail,KES,140.0,1.08
2025-06-15,Rift Valley,Turkana,Kakuma 2,3248,3.75,34.82,vegetables and fruits,Kale,796,KG,actual,Retail,KES,93.0,0.72
2025-06-15,Rift Valley,Turkana,Kakuma 3,3251,3.77,34.82,cereals and tubers,Maize flour (white),134,KG,actual,Retail,KES,90.0,0.7
2025-06-15,Rift Valley,Turkana,Kakuma 3,3251,3.77,34.82,cereals and tubers,Rice (aromatic),894,KG,actual,Retail,KES,137.0,1.06
2025-06-15,Rift Valley,Turkana,Kakuma 3,3251,3.77,34.82,oil and fats,"Oil (vegetable, fortified)",494,L,actual,Retail,KES,283.0,2.19
2025-06-15,Rift Valley,Turkana,Kakuma 3,3251,3.77,34.82,pulses and nuts,Beans,50,KG,actual,Retail,KES,147.0,1.14
2025-06-15,Rift Valley,Turkana,Kakuma 3,3251,3.77,34.82,vegetables and fruits,Kale,796,KG,actual,Retail,KES,107.0,0.83
2025-06-15,Rift Valley,Turkana,Kakuma 4,3249,3.74,34.81,cereals and tubers,"Maize (white, dry)",440,KG,actual,Retail,KES,68.0,0.53
2025-06-15,Rift Valley,Turkana,Kakuma 4,3249,3.74,34.81,cereals and tubers,Maize flour (white),134,KG,actual,Retail,KES,90.0,0.7
2025-06-15,Rift Valley,Turkana,Kakuma 4,3249,3.74,34.81,cereals and tubers,Rice (aromatic),894,KG,actual,Retail,KES,113.0,0.87
2025-06-15,Rift Valley,Turkana,Kakuma 4,3249,3.74,34.81,oil and fats,"Oil (vegetable, fortified)",494,L,actual,Retail,KES,300.0,2.32
2025-06-15,Rift Valley,Turkana,Kakuma 4,3249,3.74,34.81,pulses and nuts,Beans,50,KG,actual,Retail,KES,147.0,1.14
2025-06-15,Rift Valley,Turkana,Kalobeyei (Village 1),3244,3.77,34.73,cereals and tubers,Maize flour (white),134,KG,actual,Retail,KES,90.0,0.7
2025-06-15,Rift Valley,Turkana,Kalobeyei (Village 1),3244,3.77,34.73,cereals and tubers,Rice (aromatic),894,KG,actual,Retail,KES,107.0,0.83
2025-06-15,Rift Valley,Turkana,Kalobeyei (Village 1),3244,3.77,34.73,milk and dairy,"Milk (cow, pasteurized)",472,L,actual,Retail,KES,140.0,1.08
2025-06-15,Rift Valley,Turkana,Kalobeyei (Village 1),3244,3.77,34.73,pulses and nuts,Beans,50,KG,actual,Retail,KES,117.0,0.91
2025-06-15,Rift Valley,Turkana,Kalobeyei (Village 2),3246,3.76,34.75,cereals and tubers,Rice (aromatic),894,KG,actual,Retail,KES,113.0,0.87
2025-06-15,Rift Valley,Turkana,Kalobeyei (Village 2),3246,3.76,34.75,pulses and nuts,Beans,50,KG,actual,Retail,KES,120.0,0.93
2025-06-15,Rift Valley,Turkana,Kalobeyei (Village 2),3246,3.76,34.75,pulses and nuts,Cowpeas (dry),901,KG,actual,Retail,KES,167.0,1.29
2025-06-15,Rift Valley,Turkana,Kalobeyei (Village 3),3247,3.75,34.76,cereals and tubers,"Maize (white, dry)",440,KG,actual,Retail,KES,80.0,0.62
2025-06-15,Rift Valley,Turkana,Kalobeyei (Village 3),3247,3.75,34.76,cereals and tubers,Maize flour (white),134,KG,actual,Retail,KES,90.0,0.7
2025-06-15,Rift Valley,Turkana,Kalobeyei (Village 3),3247,3.75,34.76,cereals and tubers,Rice (aromatic),894,KG,actual,Retail,KES,100.0,0.77
2025-06-15,Rift Valley,Turkana,Kalobeyei (Village 3),3247,3.75,34.76,pulses and nuts,Beans,50,KG,actual,Retail,KES,120.0,0.93
2025-06-15,Rift Valley,Turkana,Kalobeyei (Village 3),3247,3.75,34.76,pulses and nuts,Cowpeas (dry),901,KG,actual,Retail,KES,120.0,0.93
2025-06-15,Rift Valley,Turkana,Kalobeyei (Village 3),3247,3.75,34.76,vegetables and fruits,Kale,796,KG,actual,Retail,KES,93.0,0.72
2025-06-15,Rift Valley,Turkana,Kalokol,3258,3.54,35.86,cereals and tubers,Rice (aromatic),894,KG,actual,Retail,KES,137.0,1.06
2025-06-15,Rift Valley,Turkana,Kalokol,3258,3.54,35.86,cereals and tubers,Wheat flour,58,KG,actual,Retail,KES,98.0,0.76
2025-06-15,Rift Valley,Turkana,Kalokol,3258,3.54,35.86,milk and dairy,"Milk (cow, pasteurized)",472,L,actual,Retail,KES,182.0,1.41
2025-06-15,Rift Valley,Turkana,Kalokol,3258,3.54,35.86,miscellaneous food,Salt,185,200 G,actual,Retail,KES,20.0,0.15
2025-06-15,Rift Valley,Turkana,Kalokol,3258,3.54,35.86,miscellaneous food,Sugar,97,KG,actual,Retail,KES,185.0,1.43
2025-06-15,Rift Valley,Turkana,Kalokol,3258,3.54,35.86,pulses and nuts,Beans,50,KG,actual,Retail,KES,138.0,1.07
2025-06-15,Rift Valley,Turkana,Kalokol,3258,3.54,35.86,pulses and nuts,Cowpeas (dry),901,KG,actual,Retail,KES,100.0,0.77
2025-06-15,Rift Valley,Turkana,Kalokol,3258,3.54,35.86,vegetables and fruits,Kale,796,KG,actual,Retail,KES,50.0,0.39
2025-06-15,Rift Valley,Turkana,Kalokol,3258,3.54,35.86,vegetables and fruits,Spinach,404,KG,actual,Retail,KES,60.0,0.46
2025-06-15,Rift Valley,Turkana,Loturerei,10456,2.93,35.61,cereals and tubers,"Maize (white, dry)",440,KG,actual,Retail,KES,93.0,0.72
2025-06-15,Rift Valley,Turkana,Loturerei,10456,2.93,35.61,cereals and tubers,Maize flour (white),134,KG,actual,Retail,KES,102.0,0.79
2025-06-15,Rift Valley,Turkana,Loturerei,10456,2.93,35.61,cereals and tubers,Rice (aromatic),894,KG,actual,Retail,KES,149.0,1.15
2025-06-15,Rift Valley,Turkana,Loturerei,10456,2.93,35.61,cereals and tubers,Wheat flour,58,KG,actual,Retail,KES,104.0,0.8
2025-06-15,Rift Valley,Turkana,Loturerei,10456,2.93,35.61,milk and dairy,"Milk (cow, pasteurized)",472,L,actual,Retail,KES,200.0,1.55
2025-06-15,Rift Valley,Turkana,Loturerei,10456,2.93,35.61,miscellaneous food,Salt,185,200 G,actual,Retail,KES,15.0,0.12
2025-06-15,Rift Valley,Turkana,Loturerei,10456,2.93,35.61,miscellaneous food,Sugar,97,KG,actual,Retail,KES,204.0,1.58
2025-06-15,Rift Valley,Turkana,Loturerei,10456,2.93,35.61,pulses and nuts,Beans,50,KG,actual,Retail,KES,144.0,1.11
2025-06-15,Rift Valley,Turkana,Loturerei,10456,2.93,35.61,pulses and nuts,Cowpeas (dry),901,KG,actual,Retail,KES,100.0,0.77
2025-06-15,Rift Valley,Turkana,Mogadishu (Kakuma),3245,3.72,34.85,cereals and tubers,Rice (aromatic),894,KG,actual,Retail,KES,100.0,0.77
2025-06-15,Rift Valley,Turkana,Mogadishu (Kakuma),3245,3.72,34.85,pulses and nuts,Cowpeas (dry),901,KG,actual,Retail,KES,150.0,1.16
2025-06-15,Rift Valley,Turkana,Mogadishu (Kakuma),3245,3.72,34.85,vegetables and fruits,Kale,796,KG,actual,Retail,KES,83.0,0.64
2025-06-15,Rift Valley,Uasin Gishu,Eldoret town (Uasin Gishu),185,0.52,35.28,pulses and nuts,Beans (rosecoco),897,90 KG,actual,Wholesale,KES,173.75,120.97
2025-06-15,Rift Valley,Uasin Gishu,Eldoret town (Uasin Gishu),185,0.52,35.28,vegetables and fruits,Kale,796,50 KG,actual,Wholesale,KES,1000.0,7.74
2025-06-15,Rift Valley,Uasin Gishu,Eldoret town (Uasin Gishu),185,0.52,35.28,vegetables and fruits,Onions (dry),892,13 KG,actual,Wholesale,KES,650.0,5.03
2025-07-15,Nairobi,Nairobi,Kangemi (Nairobi),4626,-1.27,36.74,cereals and tubers,"Maize (white, dry)",440,90 KG,actual,Wholesale,KES,52.775,36.76
2025-07-15,Nairobi,Nairobi,Kangemi (Nairobi),4626,-1.27,36.74,cereals and tubers,Rice (aromatic),894,50 KG,actual,Wholesale,KES,7750.0,59.98
2025-07-15,Nairobi,Nairobi,Kangemi (Nairobi),4626,-1.27,36.74,vegetables and fruits,Onions (dry),892,13 KG,actual,Wholesale,KES,1105.0,8.55
2025-07-15,Nyanza,Kisumu,Kibuye (Kisumu),5671,-0.09,34.77,cereals and tubers,"Maize (white, dry)",440,90 KG,actual,Wholesale,KES,58.89,41.02
2025-07-15,Nyanza,Kisumu,Kibuye (Kisumu),5671,-0.09,34.77,cereals and tubers,"Potatoes (Irish, white)",891,50 KG,actual,Wholesale,KES,3375.0,26.12
2025-07-15,Nyanza,Kisumu,Kibuye (Kisumu),5671,-0.09,34.77,vegetables and fruits,Kale,796,50 KG,actual,Wholesale,KES,1750.0,13.54
2025-07-15,Nyanza,Kisumu,Kibuye (Kisumu),5671,-0.09,34.77,vegetables and fruits,Tomatoes,114,64 KG,actual,Wholesale,KES,7086.08,54.85
2025-08-15,Nairobi,Nairobi,Kangemi (Nairobi),4626,-1.27,36.74,pulses and nuts,Beans (dolichos),896,90 KG,actual,Wholesale,KES,87.5,60.95
2025-08-15,Nairobi,Nairobi,Kangemi (Nairobi),4626,-1.27,36.74,pulses and nuts,Cowpeas,218,90 KG,actual,Wholesale,KES,23.338,16.26
2025-08-15,Nairobi,Nairobi,Kangemi (Nairobi),4626,-1.27,36.74,vegetables and fruits,Onions (dry),892,13 KG,actual,Wholesale,KES,1170.0,9.06
2025-08-15,Nairobi,Nairobi,Kangemi (Nairobi),4626,-1.27,36.74,vegetables and fruits,Tomatoes,114,64 KG,actual,Wholesale,KES,2986.67,23.12
2025-08-15,Nyanza,Kisumu,Kibuye (Kisumu),5671,-0.09,34.77,cereals and tubers,"Maize (white, dry)",440,90 KG,actual,Wholesale,KES,57.78,40.25
2025-08-15,Nyanza,Kisumu,Kibuye (Kisumu),5671,-0.09,34.77,vegetables and fruits,Kale,796,50 KG,actual,Wholesale,KES,2083.5,16.13
2025-08-15,Nyanza,Kisumu,Kibuye (Kisumu),5671,-0.09,34.77,vegetables and fruits,Tomatoes,114,64 KG,actual,Wholesale,KES,10056.96,77.84
2025-09-15,Coast,Tana River,Hola town,3359,-1.5,40.03,cereals and tubers,Rice (aromatic),894,KG,actual,Retail,KES,130.0,1.01
2025-09-15,Coast,Tana River,Hola town,3359,-1.5,40.03,cereals and tubers,Wheat flour,58,KG,actual,Retail,KES,100.0,0.77
2025-09-15,Coast,Tana River,Hola town,3359,-1.5,40.03,miscellaneous food,Salt,185,200 G,actual,Retail,KES,20.0,0.15
2025-09-15,Coast,Tana River,Hola town,3359,-1.5,40.03,miscellaneous food,Sugar,97,KG,actual,Retail,KES,173.0,1.34
2025-09-15,Coast,Tana River,Hola town,3359,-1.5,40.03,pulses and nuts,Beans,50,KG,actual,Retail,KES,180.0,1.39
2025-09-15,Eastern,Makueni,Kathonzweni (Makueni),5666,-1.91,37.73,cereals and tubers,"Maize (white, dry)",440,90 KG,actual,Wholesale,KES,50.0,34.83
2025-09-15,Eastern,Makueni,Kathonzweni (Makueni),5666,-1.91,37.73,cereals and tubers,"Potatoes (Irish, red)",890,50 KG,actual,Wholesale,KES,2500.0,19.35
2025-09-15,Eastern,Makueni,Kathonzweni (Makueni),5666,-1.91,37.73,pulses and nuts,Cowpeas,218,90 KG,actual,Wholesale,KES,80.0,55.73
2025-09-15,Eastern,Makueni,Kathonzweni (Makueni),5666,-1.91,37.73,vegetables and fruits,Kale,796,50 KG,actual,Wholesale,KES,1500.0,11.61
2025-09-15,Eastern,Makueni,Kathonzweni (Makueni),5666,-1.91,37.73,vegetables and fruits,Onions (dry),892,13 KG,actual,Wholesale,KES,1560.0,12.07
2025-09-15,North Eastern,Garissa,Dagahaley (Daadab),3252,0.19,40.29,cereals and tubers,Maize flour (white),134,KG,actual,Retail,KES,92.0,0.71
2025-09-15,North Eastern,Garissa,Dagahaley (Daadab),3252,0.19,40.29,cereals and tubers,Rice (aromatic),894,KG,actual,Retail,KES,106.0,0.82
2025-09-15,North Eastern,Garissa,Dagahaley (Daadab),3252,0.19,40.29,milk and dairy,"Milk (cow, pasteurized)",472,L,actual,Retail,KES,176.0,1.36
2025-09-15,North Eastern,Garissa,Hagadera (Daadab),3254,0.01,40.37,cereals and tubers,"Maize (white, dry)",440,KG,actual,Retail,KES,63.0,0.49
2025-09-15,North Eastern,Garissa,Hagadera (Daadab),3254,0.01,40.37,cereals and tubers,Maize flour (white),134,KG,actual,Retail,KES,91.0,0.7
2025-09-15,North Eastern,Garissa,Hagadera (Daadab),3254,0.01,40.37,cereals and tubers,Rice (aromatic),894,KG,actual,Retail,KES,109.0,0.84
2025-09-15,North Eastern,Garissa,Hagadera (Daadab),3254,0.01,40.37,pulses and nuts,Beans,50,KG,actual,Retail,KES,114.0,0.88
2025-09-15,North Eastern,Garissa,Hagadera (Daadab),3254,0.01,40.37,pulses and nuts,Cowpeas (dry),901,KG,actual,Retail,KES,120.0,0.93
2025-09-15,North Eastern,Garissa,Hagadera (Daadab),3254,0.01,40.37,vegetables and fruits,Kale,796,KG,actual,Retail,KES,69.0,0.53
2025-09-15,North Eastern,Garissa,IFO (Daadab),3255,0.11,40.32,cereals and tubers,Maize flour (white),134,KG,actual,Retail,KES,100.0,0.77
2025-09-15,North Eastern,Garissa,IFO (Daadab),3255,0.11,40.32,milk and dairy,"Milk (cow, pasteurized)",472,L,actual,Retail,KES,153.0,1.18
2025-09-15,North Eastern,Garissa,IFO (Daadab),3255,0.11,40.32,oil and fats,"Oil (vegetable, fortified)",494,L,actual,Retail,KES,261.0,2.02
2025-09-15,North Eastern,Garissa,IFO (Daadab),3255,0.11,40.32,pulses and nuts,Beans,50,KG,actual,Retail,KES,120.0,0.93
2025-09-15,North Eastern,Garissa,IFO (Daadab),3255,0.11,40.32,pulses and nuts,Cowpeas (dry),901,KG,actual,Retail,KES,138.0,1.07
2025-09-15,North Eastern,Garissa,IFO (Daadab),3255,0.11,40.32,vegetables and fruits,Kale,796,KG,actual,Retail,KES,97.0,0.75
2025-09-15,North Eastern,Mandera,Mandera,189,3.94,41.86,cereals and tubers,"Maize (white, dry)",440,KG,actual,Retail,KES,117.0,0.91
2025-09-15,North Eastern,Mandera,Mandera,189,3.94,41.86,cereals and tubers,Rice (aromatic),894,KG,actual,Retail,KES,120.0,0.93
2025-09-15,North Eastern,Mandera,Mandera,189,3.94,41.86,cereals and tubers,Wheat flour,58,KG,actual,Retail,KES,103.0,0.8
2025-09-15,North Eastern,Mandera,Mandera,189,3.94,41.86,milk and dairy,"Milk (cow, pasteurized)",472,L,actual,Retail,KES,200.0,1.55
2025-09-15,North Eastern,Mandera,Mandera,189,3.94,41.86,miscellaneous food,Salt,185,200 G,actual,Retail,KES,30.0,0.23
2025-09-15,North Eastern,Mandera,Mandera,189,3.94,41.86,miscellaneous food,Sugar,97,KG,actual,Retail,KES,115.0,0.89
2025-09-15,North Eastern,Mandera,Mandera,189,3.94,41.86,oil and fats,"Oil (vegetable, fortified)",494,L,actual,Retail,KES,305.0,2.36
2025-09-15,North Eastern,Mandera,Mandera,189,3.94,41.86,pulses and nuts,Beans,50,KG,actual,Retail,KES,150.0,1.16
2025-09-15,North Eastern,Mandera,Mandera,189,3.94,41.86,pulses and nuts,Cowpeas (dry),901,KG,actual,Retail,KES,100.0,0.77
2025-09-15,North Eastern,Mandera,Mandera,189,3.94,41.86,vegetables and fruits,Kale,796,KG,actual,Retail,KES,90.0,0.7
2025-09-15,North Eastern,Mandera,Mandera,189,3.94,41.86,vegetables and fruits,Spinach,404,KG,actual,Retail,KES,65.0,0.5
2025-09-15,North Eastern,Mandera,Mandera town,3357,3.94,41.85,cereals and tubers,Rice (aromatic),894,KG,actual,Retail,KES,150.0,1.16
2025-09-15,North Eastern,Mandera,Mandera town,3357,3.94,41.85,cereals and tubers,Wheat flour,58,KG,actual,Retail,KES,100.0,0.77
2025-09-15,North Eastern,Mandera,Mandera town,3357,3.94,41.85,miscellaneous food,Salt,185,200 G,actual,Retail,KES,16.0,0.12
2025-09-15,North Eastern,Mandera,Mandera town,3357,3.94,41.85,miscellaneous food,Sugar,97,KG,actual,Retail,KES,154.0,1.19
2025-09-15,North Eastern,Mandera,Mandera town,3357,3.94,41.85,oil and fats,"Oil (vegetable, fortified)",494,L,actual,Retail,KES,250.0,1.93
2025-09-15,North Eastern,Mandera,Mandera town,3357,3.94,41.85,vegetables and fruits,Spinach,404,KG,actual,Retail,KES,83.0,0.64
2025-09-15,North Eastern,Mandera,Rhamu,3266,3.93,41.22,cereals and tubers,Rice (aromatic),894,KG,actual,Retail,KES,155.0,1.2
2025-09-15,North Eastern,Mandera,Rhamu,3266,3.93,41.22,cereals and tubers,Wheat flour,58,KG,actual,Retail,KES,125.0,0.97
2025-09-15,North Eastern,Mandera,Rhamu,3266,3.93,41.22,miscellaneous food,Salt,185,200 G,actual,Retail,KES,10.0,0.077
2025-09-15,North Eastern,Mandera,Rhamu,3266,3.93,41.22,miscellaneous food,Sugar,97,KG,actual,Retail,KES,120.0,0.93
2025-09-15,North Eastern,Mandera,Rhamu,3266,3.93,41.22,oil and fats,"Oil (vegetable, fortified)",494,L,actual,Retail,KES,250.0,1.93
2025-09-15,North Eastern,Mandera,Rhamu,3266,3.93,41.22,pulses and nuts,Beans,50,KG,actual,Retail,KES,138.0,1.07
2025-09-15,North Eastern,Mandera,Rhamu,3266,3.93,41.22,pulses and nuts,Cowpeas (dry),901,KG,actual,Retail,KES,100.0,0.77
2025-09-15,North Eastern,Wajir,Eldas,6645,2.49,39.57,cereals and tubers,"Maize (white, dry)",440,KG,actual,Retail,KES,95.0,0.74
2025-09-15,North Eastern,Wajir,Eldas,6645,2.49,39.57,cereals and tubers,Maize flour (white),134,KG,actual,Retail,KES,80.0,0.62
2025-09-15,North Eastern,Wajir,Eldas,6645,2.49,39.57,cereals and tubers,Wheat flour,58,KG,actual,Retail,KES,50.0,0.39
2025-09-15,North Eastern,Wajir,Eldas,6645,2.49,39.57,milk and dairy,"Milk (cow, pasteurized)",472,L,actual,Retail,KES,200.0,1.55
2025-09-15,North Eastern,Wajir,Eldas,6645,2.49,39.57,miscellaneous food,Salt,185,200 G,actual,Retail,KES,13.0,0.1
2025-09-15,North Eastern,Wajir,Eldas,6645,2.49,39.57,miscellaneous food,Sugar,97,KG,actual,Retail,KES,145.0,1.12
2025-09-15,North Eastern,Wajir,Eldas,6645,2.49,39.57,oil and fats,"Oil (vegetable, fortified)",494,L,actual,Retail,KES,305.0,2.36
2025-09-15,North Eastern,Wajir,Eldas,6645,2.49,39.57,pulses and nuts,Beans,50,KG,actual,Retail,KES,150.0,1.16
2025-09-15,North Eastern,Wajir,Eldas,6645,2.49,39.57,pulses and nuts,Cowpeas (dry),901,KG,actual,Retail,KES,220.0,1.7
2025-09-15,North Eastern,Wajir,Eldas,6645,2.49,39.57,pulses and nuts,Pigeon peas (dry),937,KG,actual,Retail,KES,200.0,1.55
2025-09-15,North Eastern,Wajir,Eldas,6645,2.49,39.57,vegetables and fruits,Kale,796,KG,actual,Retail,KES,100.0,0.77
2025-09-15,North Eastern,Wajir,Eldas,6645,2.49,39.57,vegetables and fruits,Spinach,404,KG,actual,Retail,KES,100.0,0.77
2025-09-15,North Eastern,Wajir,Griftu,6644,2.0,39.75,cereals and tubers,"Maize (white, dry)",440,KG,actual,Retail,KES,63.0,0.49
2025-09-15,North Eastern,Wajir,Griftu,6644,2.0,39.75,cereals and tubers,Maize flour (white),134,KG,actual,Retail,KES,100.0,0.77
2025-09-15,North Eastern,Wajir,Griftu,6644,2.0,39.75,milk and dairy,"Milk (cow, pasteurized)",472,L,actual,Retail,KES,160.0,1.24
2025-09-15,North Eastern,Wajir,Griftu,6644,2.0,39.75,miscellaneous food,Salt,185,200 G,actual,Retail,KES,22.0,0.17
2025-09-15,North Eastern,Wajir,Griftu,6644,2.0,39.75,miscellaneous food,Sugar,97,KG,actual,Retail,KES,140.0,1.08
2025-09-15,North Eastern,Wajir,Griftu,6644,2.0,39.75,oil and fats,"Oil (vegetable, fortified)",494,L,actual,Retail,KES,387.0,3.0
2025-09-15,North Eastern,Wajir,Griftu,6644,2.0,39.75,pulses and nuts,Cowpeas (dry),901,KG,actual,Retail,KES,157.0,1.22
2025-09-15,Nyanza,Kisumu,Kibuye (Kisumu),5671,-0.09,34.77,cereals and tubers,"Potatoes (Irish, white)",891,50 KG,actual,Wholesale,KES,3500.0,27.09
2025-09-15,Nyanza,Kisumu,Kibuye (Kisumu),5671,-0.09,34.77,vegetables and fruits,Kale,796,50 KG,actual,Wholesale,KES,1555.5,12.04
2025-09-15,Nyanza,Kisumu,Kibuye (Kisumu),5671,-0.09,34.77,vegetables and fruits,Tomatoes,114,64 KG,actual,Wholesale,KES,10056.96,77.84
2025-09-15,Rift Valley,Samburu,Loosuk,4532,1.02,36.58,cereals and tubers,Rice (aromatic),894,KG,actual,Retail,KES,130.0,1.01
2025-09-15,Rift Valley,Samburu,Loosuk,4532,1.02,36.58,cereals and tubers,Wheat flour,58,KG,actual,Retail,KES,120.0,0.93
2025-09-15,Rift Valley,Samburu,Loosuk,4532,1.02,36.58,milk and dairy,"Milk (cow, pasteurized)",472,L,actual,Retail,KES,120.0,0.93
2025-09-15,Rift Valley,Samburu,Loosuk,4532,1.02,36.58,miscellaneous food,Salt,185,200 G,actual,Retail,KES,15.0,0.12
2025-09-15,Rift Valley,Samburu,Loosuk,4532,1.02,36.58,miscellaneous food,Sugar,97,KG,actual,Retail,KES,180.0,1.39
2025-09-15,Rift Valley,Samburu,Loosuk,4532,1.02,36.58,oil and fats,"Oil (vegetable, fortified)",494,L,actual,Retail,KES,300.0,2.32
2025-09-15,Rift Valley,Samburu,Loosuk,4532,1.02,36.58,pulses and nuts,Beans,50,KG,actual,Retail,KES,150.0,1.16
2025-09-15,Rift Valley,Samburu,Suguta,4535,0.83,36.69,cereals and tubers,Maize flour (white),134,KG,actual,Retail,KES,70.0,0.54
2025-09-15,Rift Valley,Turkana,Ethiopia (Kakuma),3253,3.72,34.85,cereals and tubers,Rice (aromatic),894,KG,actual,Retail,KES,143.0,1.11
2025-09-15,Rift Valley,Turkana,Ethiopia (Kakuma),3253,3.72,34.85,pulses and nuts,Beans,50,KG,actual,Retail,KES,150.0,1.16
2025-09-15,Rift Valley,Turkana,Ethiopia (Kakuma),3253,3.72,34.85,vegetables and fruits,Kale,796,KG,actual,Retail,KES,100.0,0.77
2025-09-15,Rift Valley,Turkana,HongKong (Kakuma),3250,3.75,34.84,cereals and tubers,Rice (aromatic),894,KG,actual,Retail,KES,160.0,1.24
2025-09-15,Rift Valley,Turkana,HongKong (Kakuma),3250,3.75,34.84,miscellaneous food,Sugar,97,KG,actual,Retail,KES,180.0,1.39
2025-09-15,Rift Valley,Turkana,HongKong (Kakuma),3250,3.75,34.84,oil and fats,"Oil (vegetable, fortified)",494,L,actual,Retail,KES,300.0,2.32
2025-09-15,Rift Valley,Turkana,HongKong (Kakuma),3250,3.75,34.84,pulses and nuts,Beans,50,KG,actual,Retail,KES,158.0,1.22
2025-09-15,Rift Valley,Turkana,Kaikor,6890,4.52,35.42,cereals and tubers,"Maize (white, dry)",440,KG,actual,Retail,KES,140.0,1.08
2025-09-15,Rift Valley,Turkana,Kaikor,6890,4.52,35.42,cereals and tubers,Maize flour (white),134,KG,actual,Retail,KES,100.0,0.77
2025-09-15,Rift Valley,Turkana,Kaikor,6890,4.52,35.42,cereals and tubers,Rice (aromatic),894,KG,actual,Retail,KES,140.0,1.08
2025-09-15,Rift Valley,Turkana,Kaikor,6890,4.52,35.42,cereals and tubers,Wheat flour,58,KG,actual,Retail,KES,120.0,0.93
2025-09-15,Rift Valley,Turkana,Kaikor,6890,4.52,35.42,milk and dairy,"Milk (cow, pasteurized)",472,L,actual,Retail,KES,100.0,0.77
2025-09-15,Rift Valley,Turkana,Kaikor,6890,4.52,35.42,miscellaneous food,Salt,185,200 G,actual,Retail,KES,20.0,0.15
2025-09-15,Rift Valley,Turkana,Kaikor,6890,4.52,35.42,oil and fats,"Oil (vegetable, fortified)",494,L,actual,Retail,KES,350.0,2.71
2025-09-15,Rift Valley,Turkana,Kaikor,6890,4.52,35.42,pulses and nuts,Beans,50,KG,actual,Retail,KES,140.0,1.08
2025-09-15,Rift Valley,Turkana,Kakuma 2,3248,3.75,34.82,cereals and tubers,"Maize (white, dry)",440,KG,actual,Retail,KES,70.0,0.54
2025-09-15,Rift Valley,Turkana,Kakuma 2,3248,3.75,34.82,cereals and tubers,Rice (aromatic),894,KG,actual,Retail,KES,131.0,1.01
2025-09-15,Rift Valley,Turkana,Kakuma 2,3248,3.75,34.82,pulses and nuts,Beans,50,KG,actual,Retail,KES,122.0,0.94
2025-09-15,Rift Valley,Turkana,Kakuma 3,3251,3.77,34.82,cereals and tubers,"Maize (white, dry)",440,KG,actual,Retail,KES,60.0,0.46
2025-09-15,Rift Valley,Turkana,Kakuma 3,3251,3.77,34.82,cereals and tubers,Maize flour (white),134,KG,actual,Retail,KES,80.0,0.62
2025-09-15,Rift Valley,Turkana,Kakuma 3,3251,3.77,34.82,cereals and tubers,Rice (aromatic),894,KG,actual,Retail,KES,150.0,1.16
2025-09-15,Rift Valley,Turkana,Kakuma 3,3251,3.77,34.82,oil and fats,"Oil (vegetable, fortified)",494,L,actual,Retail,KES,277.0,2.14
2025-09-15,Rift Valley,Turkana,Kakuma 3,3251,3.77,34.82,pulses and nuts,Beans,50,KG,actual,Retail,KES,143.0,1.11
2025-09-15,Rift Valley,Turkana,Kakuma 3,3251,3.77,34.82,pulses and nuts,Cowpeas (dry),901,KG,actual,Retail,KES,115.0,0.89
2025-09-15,Rift Valley,Turkana,Kakuma 3,3251,3.77,34.82,vegetables and fruits,Kale,796,KG,actual,Retail,KES,60.0,0.46
2025-09-15,Rift Valley,Turkana,Kakuma 4,3249,3.74,34.81,cereals and tubers,Maize flour (white),134,KG,actual,Retail,KES,84.0,0.65
2025-09-15,Rift Valley,Turkana,Kakuma 4,3249,3.74,34.81,cereals and tubers,Wheat flour,58,KG,actual,Retail,KES,90.0,0.7
2025-09-15,Rift Valley,Turkana,Kakuma 4,3249,3.74,34.81,miscellaneous food,Salt,185,200 G,actual,Retail,KES,20.0,0.15
2025-09-15,Rift Valley,Turkana,Kakuma 4,3249,3.74,34.81,miscellaneous food,Sugar,97,KG,actual,Retail,KES,181.0,1.4
2025-09-15,Rift Valley,Turkana,Kakuma 4,3249,3.74,34.81,pulses and nuts,Beans,50,KG,actual,Retail,KES,130.0,1.01
2025-09-15,Rift Valley,Turkana,Kaleng,6887,4.37,35.55,cereals and tubers,"Maize (white, dry)",440,KG,actual,Retail,KES,100.0,0.77
2025-09-15,Rift Valley,Turkana,Kaleng,6887,4.37,35.55,cereals and tubers,Maize flour (white),134,KG,actual,Retail,KES,100.0,0.77
2025-09-15,Rift Valley,Turkana,Kaleng,6887,4.37,35.55,cereals and tubers,Rice (aromatic),894,KG,actual,Retail,KES,117.0,0.91
2025-09-15,Rift Valley,Turkana,Kaleng,6887,4.37,35.55,milk and dairy,"Milk (cow, pasteurized)",472,L,actual,Retail,KES,200.0,1.55
2025-09-15,Rift Valley,Turkana,Kaleng,6887,4.37,35.55,miscellaneous food,Salt,185,200 G,actual,Retail,KES,20.0,0.15
2025-09-15,Rift Valley,Turkana,Kaleng,6887,4.37,35.55,miscellaneous food,Sugar,97,KG,actual,Retail,KES,198.0,1.53
2025-09-15,Rift Valley,Turkana,Kaleng,6887,4.37,35.55,oil and fats,"Oil (vegetable, fortified)",494,L,actual,Retail,KES,300.0,2.32
2025-09-15,Rift Valley,Turkana,Kaleng,6887,4.37,35.55,vegetables and fruits,Kale,796,KG,actual,Retail,KES,50.0,0.39
2025-09-15,Rift Valley,Turkana,Kalobeyei (Village 1),3244,3.77,34.73,cereals and tubers,Rice (aromatic),894,KG,actual,Retail,KES,111.0,0.86
2025-09-15,Rift Valley,Turkana,Kalobeyei (Village 1),3244,3.77,34.73,milk and dairy,"Milk (cow, pasteurized)",472,L,actual,Retail,KES,99.0,0.77
2025-09-15,Rift Valley,Turkana,Kalobeyei (Village 1),3244,3.77,34.73,pulses and nuts,Beans,50,KG,actual,Retail,KES,124.0,0.96
2025-09-15,Rift Valley,Turkana,Kalobeyei (Village 1),3244,3.77,34.73,pulses and nuts,Cowpeas (dry),901,KG,actual,Retail,KES,147.0,1.14
2025-09-15,Rift Valley,Turkana,Kalobeyei (Village 2),3246,3.76,34.75,cereals and tubers,Rice (aromatic),894,KG,actual,Retail,KES,113.0,0.87
2025-09-15,Rift Valley,Turkana,Kalobeyei (Village 2),3246,3.76,34.75,oil and fats,"Oil (vegetable, fortified)",494,L,actual,Retail,KES,267.0,2.07
2025-09-15,Rift Valley,Turkana,Kalobeyei (Village 2),3246,3.76,34.75,pulses and nuts,Beans,50,KG,actual,Retail,KES,120.0,0.93
2025-09-15,Rift Valley,Turkana,Kalobeyei (Village 2),3246,3.76,34.75,pulses and nuts,Cowpeas (dry),901,KG,actual,Retail,KES,157.0,1.22
2025-09-15,Rift Valley,Turkana,Kalobeyei (Village 2),3246,3.76,34.75,vegetables and fruits,Kale,796,KG,actual,Retail,KES,67.0,0.52
2025-09-15,Rift Valley,Turkana,Kalobeyei (Village 3),3247,3.75,34.76,cereals and tubers,Rice (aromatic),894,KG,actual,Retail,KES,107.0,0.83
2025-09-15,Rift Valley,Turkana,Kalobeyei (Village 3),3247,3.75,34.76,milk and dairy,"Milk (cow, pasteurized)",472,L,actual,Retail,KES,153.0,1.18
2025-09-15,Rift Valley,Turkana,Kalobeyei (Village 3),3247,3.75,34.76,oil and fats,"Oil (vegetable, fortified)",494,L,actual,Retail,KES,293.0,2.27
2025-09-15,Rift Valley,Turkana,Kalobeyei (Village 3),3247,3.75,34.76,pulses and nuts,Beans,50,KG,actual,Retail,KES,107.0,0.83
2025-09-15,Rift Valley,Turkana,Kalobeyei (Village 3),3247,3.75,34.76,pulses and nuts,Cowpeas (dry),901,KG,actual,Retail,KES,130.0,1.01
2025-09-15,Rift Valley,Turkana,Kalobeyei (Village 3),3247,3.75,34.76,vegetables and fruits,Kale,796,KG,actual,Retail,KES,83.0,0.64
2025-09-15,Rift Valley,Turkana,Katilia,6898,2.14,36.14,cereals and tubers,"Maize (white, dry)",440,KG,actual,Retail,KES,98.0,0.76
2025-09-15,Rift Valley,Turkana,Katilia,6898,2.14,36.14,pulses and nuts,Beans,50,KG,actual,Retail,KES,164.0,1.27
2025-09-15,Rift Valley,Turkana,Katilia,6898,2.14,36.14,pulses and nuts,Cowpeas (dry),901,KG,actual,Retail,KES,100.0,0.77
2025-09-15,Rift Valley,Turkana,Kibish,6904,4.57,35.31,cereals and tubers,"Maize (white, dry)",440,KG,actual,Retail,KES,84.0,0.65
2025-09-15,Rift Valley,Turkana,Kibish,6904,4.57,35.31,cereals and tubers,Maize flour (white),134,KG,actual,Retail,KES,119.0,0.92
2025-09-15,Rift Valley,Turkana,Kibish,6904,4.57,35.31,cereals and tubers,Wheat flour,58,KG,actual,Retail,KES,140.0,1.08
2025-09-15,Rift Valley,Turkana,Kibish,6904,4.57,35.31,milk and dairy,"Milk (cow, pasteurized)",472,L,actual,Retail,KES,120.0,0.93
2025-09-15,Rift Valley,Turkana,Kibish,6904,4.57,35.31,miscellaneous food,Salt,185,200 G,actual,Retail,KES,25.0,0.19
2025-09-15,Rift Valley,Turkana,Kibish,6904,4.57,35.31,miscellaneous food,Sugar,97,KG,actual,Retail,KES,200.0,1.55
2025-09-15,Rift Valley,Turkana,Kibish,6904,4.57,35.31,oil and fats,"Oil (vegetable, fortified)",494,L,actual,Retail,KES,300.0,2.32
2025-09-15,Rift Valley,Turkana,Kibish,6904,4.57,35.31,pulses and nuts,Cowpeas (dry),901,KG,actual,Retail,KES,130.0,1.01
2025-09-15,Rift Valley,Turkana,Kibish,6904,4.57,35.31,vegetables and fruits,Spinach,404,KG,actual,Retail,KES,100.0,0.77
2025-09-15,Rift Valley,Turkana,Letea,6903,3.52,35.75,cereals and tubers,"Maize (white, dry)",440,KG,actual,Retail,KES,100.0,0.77
2025-09-15,Rift Valley,Turkana,Letea,6903,3.52,35.75,cereals and tubers,Maize flour (white),134,KG,actual,Retail,KES,110.0,0.85
2025-09-15,Rift Valley,Turkana,Lokori,6897,1.95,36.03,milk and dairy,"Milk (cow, pasteurized)",472,L,actual,Retail,KES,200.0,1.55
2025-09-15,Rift Valley,Turkana,Lokori,6897,1.95,36.03,miscellaneous food,Sugar,97,KG,actual,Retail,KES,177.0,1.37
2025-09-15,Rift Valley,Turkana,Lokori,6897,1.95,36.03,oil and fats,"Oil (vegetable, fortified)",494,L,actual,Retail,KES,313.0,2.42
2025-09-15,Rift Valley,Turkana,Lokori,6897,1.95,36.03,vegetables and fruits,Kale,796,KG,actual,Retail,KES,100.0,0.77
2025-09-15,Rift Valley,Turkana,Lokori,6897,1.95,36.03,vegetables and fruits,Spinach,404,KG,actual,Retail,KES,97.0,0.75
2025-09-15,Rift Valley,Turkana,Lorugum,6894,2.88,35.25,cereals and tubers,"Maize (white, dry)",440,KG,actual,Retail,KES,150.0,1.16
2025-09-15,Rift Valley,Turkana,Lorugum,6894,2.88,35.25,pulses and nuts,Beans,50,KG,actual,Retail,KES,150.0,1.16
2025-10-15,Eastern,Makueni,Kathonzweni (Makueni),5666,-1.91,37.73,cereals and tubers,"Maize (white, dry)",440,90 KG,actual,Wholesale,KES,50.0,34.84
2025-10-15,Eastern,Makueni,Kathonzweni (Makueni),5666,-1.91,37.73,cereals and tubers,"Potatoes (Irish, red)",890,50 KG,actual,Wholesale,KES,2500.0,19.36
2025-10-15,Eastern,Makueni,Kathonzweni (Makueni),5666,-1.91,37.73,pulses and nuts,Cowpeas,218,90 KG,actual,Wholesale,KES,80.0,55.75
2025-10-15,Eastern,Makueni,Kathonzweni (Makueni),5666,-1.91,37.73,vegetables and fruits,Cabbage,181,126 KG,actual,Wholesale,KES,3150.0,24.39
2025-10-15,Eastern,Makueni,Kathonzweni (Makueni),5666,-1.91,37.73,vegetables and fruits,Onions (dry),892,13 KG,actual,Wholesale,KES,910.0,7.05
2025-10-15,Nairobi,Nairobi,Kangemi (Nairobi),4626,-1.27,36.74,cereals and tubers,"Maize (white, dry)",440,90 KG,actual,Wholesale,KES,46.388888888888886,32.33
2025-10-15,Nairobi,Nairobi,Kangemi (Nairobi),4626,-1.27,36.74,cereals and tubers,Rice (aromatic),894,50 KG,actual,Wholesale,KES,7250.0,56.14
2025-10-15,Nairobi,Nairobi,Kangemi (Nairobi),4626,-1.27,36.74,pulses and nuts,Beans (dolichos),896,90 KG,actual,Wholesale,KES,63.333333333333336,44.13
2025-10-15,Nairobi,Nairobi,Kangemi (Nairobi),4626,-1.27,36.74,pulses and nuts,Beans (rosecoco),897,90 KG,actual,Wholesale,KES,114.44444444444444,79.75
2025-10-15,Nairobi,Nairobi,Kangemi (Nairobi),4626,-1.27,36.74,vegetables and fruits,Onions (dry),892,13 KG,actual,Wholesale,KES,1040.0,8.05
2025-10-15,Nairobi,Nairobi,Kangemi (Nairobi),4626,-1.27,36.74,vegetables and fruits,Tomatoes,114,64 KG,actual,Wholesale,KES,2880.0,22.3
2025-11-15,Nyanza,Kisumu,Kibuye (Kisumu),5671,-0.09,34.77,cereals and tubers,"Maize (white, dry)",440,90 KG,actual,Wholesale,KES,44.44444444444444,30.93
2025-11-15,Nyanza,Kisumu,Kibuye (Kisumu),5671,-0.09,34.77,cereals and tubers,"Potatoes (Irish, white)",891,50 KG,actual,Wholesale,KES,4300.0,33.25
2025-11-15,Nyanza,Kisumu,Kibuye (Kisumu),5671,-0.09,34.77,vegetables and fruits,Tomatoes,114,64 KG,actual,Wholesale,KES,8114.5,62.74
2025-12-15,Coast,Tana River,Masalani,10366,-1.7,40.17,cereals and tubers,"Maize (white, dry)",440,KG,actual,Retail,KES,95.0,0.74
2025-12-15,Coast,Tana River,Masalani,10366,-1.7,40.17,cereals and tubers,Maize flour (white),134,KG,actual,Retail,KES,97.0,0.75
2025-12-15,Coast,Tana River,Masalani,10366,-1.7,40.17,cereals and tubers,Wheat flour,58,KG,actual,Retail,KES,99.0,0.77
2025-12-15,Coast,Tana River,Masalani,10366,-1.7,40.17,miscellaneous food,Sugar,97,KG,actual,Retail,KES,131.0,1.02
2025-12-15,Coast,Tana River,Masalani,10366,-1.7,40.17,oil and fats,"Oil (vegetable, fortified)",494,L,actual,Retail,KES,249.0,1.93
2025-12-15,Coast,Tana River,Masalani,10366,-1.7,40.17,pulses and nuts,Beans,50,KG,actual,Retail,KES,125.0,0.97
2025-12-15,Coast,Tana River,Masalani,10366,-1.7,40.17,pulses and nuts,Cowpeas (dry),901,KG,actual,Retail,KES,152.0,1.18
2025-12-15,Coast,Tana River,Masalani,10366,-1.7,40.17,pulses and nuts,Pigeon peas (dry),937,KG,actual,Retail,KES,153.0,1.19
2025-12-15,Coast,Tana River,Masalani,10366,-1.7,40.17,vegetables and fruits,Kale,796,KG,actual,Retail,KES,60.0,0.47
2025-12-15,Coast,Tana River,Masalani,10366,-1.7,40.17,vegetables and fruits,Spinach,404,KG,actual,Retail,KES,80.0,0.62
2025-12-15,Eastern,Isiolo,Isiolo town,3262,0.35,37.58,cereals and tubers,"Maize (white, dry)",440,KG,actual,Retail,KES,80.0,0.62
2025-12-15,Eastern,Isiolo,Isiolo town,3262,0.35,37.58,cereals and tubers,Maize flour (white),134,KG,actual,Retail,KES,95.0,0.74
2025-12-15,Eastern,Isiolo,Isiolo town,3262,0.35,37.58,cereals and tubers,Rice (aromatic),894,KG,actual,Retail,KES,125.0,0.97
2025-12-15,Eastern,Isiolo,Isiolo town,3262,0.35,37.58,miscellaneous food,Salt,185,200 G,actual,Retail,KES,30.0,0.23
2025-12-15,Eastern,Isiolo,Isiolo town,3262,0.35,37.58,miscellaneous food,Sugar,97,KG,actual,Retail,KES,160.0,1.24
2025-12-15,Eastern,Isiolo,Isiolo town,3262,0.35,37.58,pulses and nuts,Beans,50,KG,actual,Retail,KES,135.0,1.05
2025-12-15,Eastern,Isiolo,Isiolo town,3262,0.35,37.58,pulses and nuts,Pigeon peas (dry),937,KG,actual,Retail,KES,120.0,0.93
2025-12-15,Eastern,Isiolo,Isiolo town,3262,0.35,37.58,vegetables and fruits,Kale,796,KG,actual,Retail,KES,50.0,0.39
2025-12-15,Eastern,Isiolo,Isiolo town,3262,0.35,37.58,vegetables and fruits,Spinach,404,KG,actual,Retail,KES,50.0,0.39
2025-12-15,Eastern,Isiolo,Merti CENTER,10378,1.07,38.67,cereals and tubers,"Maize (white, dry)",440,KG,actual,Retail,KES,85.0,0.66
2025-12-15,Eastern,Isiolo,Merti CENTER,10378,1.07,38.67,cereals and tubers,Wheat flour,58,KG,actual,Retail,KES,80.0,0.62
2025-12-15,Eastern,Isiolo,Merti CENTER,10378,1.07,38.67,milk and dairy,"Milk (cow, pasteurized)",472,L,actual,Retail,KES,153.0,1.19
2025-12-15,Eastern,Isiolo,Merti CENTER,10378,1.07,38.67,miscellaneous food,Salt,185,200 G,actual,Retail,KES,22.0,0.17
2025-12-15,Eastern,Isiolo,Merti CENTER,10378,1.07,38.67,pulses and nuts,Beans,50,KG,actual,Retail,KES,88.0,0.68
2025-12-15,Eastern,Isiolo,Merti CENTER,10378,1.07,38.67,pulses and nuts,Cowpeas (dry),901,KG,actual,Retail,KES,102.0,0.79
2025-12-15,Eastern,Isiolo,Merti CENTER,10378,1.07,38.67,pulses and nuts,Pigeon peas (dry),937,KG,actual,Retail,KES,87.0,0.67
2025-12-15,Eastern,Isiolo,Modogashe,10371,0.73,39.17,cereals and tubers,"Maize (white, dry)",440,KG,actual,Retail,KES,77.0,0.6
2025-12-15,Eastern,Isiolo,Modogashe,10371,0.73,39.17,cereals and tubers,Rice (aromatic),894,KG,actual,Retail,KES,183.0,1.42
2025-12-15,Eastern,Isiolo,Modogashe,10371,0.73,39.17,cereals and tubers,Wheat flour,58,KG,actual,Retail,KES,99.0,0.77
2025-12-15,Eastern,Isiolo,Modogashe,10371,0.73,39.17,miscellaneous food,Salt,185,200 G,actual,Retail,KES,12.0,0.093
2025-12-15,Eastern,Isiolo,Modogashe,10371,0.73,39.17,miscellaneous food,Sugar,97,KG,actual,Retail,KES,131.0,1.02
2025-12-15,Eastern,Isiolo,Modogashe,10371,0.73,39.17,pulses and nuts,Beans,50,KG,actual,Retail,KES,143.0,1.11
2025-12-15,Eastern,Isiolo,Modogashe,10371,0.73,39.17,pulses and nuts,Cowpeas (dry),901,KG,actual,Retail,KES,150.0,1.16
2025-12-15,Eastern,Isiolo,Modogashe,10371,0.73,39.17,pulses and nuts,Pigeon peas (dry),937,KG,actual,Retail,KES,150.0,1.16
2025-12-15,Eastern,Isiolo,Modogashe,10371,0.73,39.17,vegetables and fruits,Kale,796,KG,actual,Retail,KES,67.0,0.52
2025-12-15,Eastern,Moyale,Moyale town,3269,3.51,39.05,cereals and tubers,Maize flour (white),134,KG,actual,Retail,KES,100.0,0.78
2025-12-15,Eastern,Moyale,Moyale town,3269,3.51,39.05,cereals and tubers,Rice (aromatic),894,KG,actual,Retail,KES,113.0,0.88
2025-12-15,Eastern,Moyale,Moyale town,3269,3.51,39.05,milk and dairy,"Milk (cow, pasteurized)",472,L,actual,Retail,KES,100.0,0.78
2025-12-15,Eastern,Moyale,Moyale town,3269,3.51,39.05,miscellaneous food,Salt,185,200 G,actual,Retail,KES,17.0,0.13
2025-12-15,Eastern,Moyale,Moyale town,3269,3.51,39.05,miscellaneous food,Sugar,97,KG,actual,Retail,KES,127.0,0.98
2025-12-15,Eastern,Moyale,Moyale town,3269,3.51,39.05,oil and fats,"Oil (vegetable, fortified)",494,L,actual,Retail,KES,237.0,1.84
2025-12-15,Eastern,Moyale,Moyale town,3269,3.51,39.05,pulses and nuts,Beans,50,KG,actual,Retail,KES,113.0,0.88
2025-12-15,Eastern,Moyale,Moyale town,3269,3.51,39.05,pulses and nuts,Cowpeas (dry),901,KG,actual,Retail,KES,160.0,1.24
2025-12-15,Eastern,Moyale,Moyale town,3269,3.51,39.05,pulses and nuts,Pigeon peas (dry),937,KG,actual,Retail,KES,170.0,1.32
2025-12-15,Eastern,Moyale,Moyale town,3269,3.51,39.05,vegetables and fruits,Spinach,404,KG,actual,Retail,KES,100.0,0.78
2025-12-15,Eastern,Moyale,Sololo,6229,3.56,38.65,cereals and tubers,"Maize (white, dry)",440,KG,actual,Retail,KES,120.0,0.93
2025-12-15,Eastern,Moyale,Sololo,6229,3.56,38.65,cereals and tubers,Rice (aromatic),894,KG,actual,Retail,KES,133.0,1.03
2025-12-15,Eastern,Moyale,Sololo,6229,3.56,38.65,cereals and tubers,Wheat flour,58,KG,actual,Retail,KES,107.0,0.83
2025-12-15,Eastern,Moyale,Sololo,6229,3.56,38.65,miscellaneous food,Salt,185,200 G,actual,Retail,KES,14.0,0.11
2025-12-15,Eastern,Moyale,Sololo,6229,3.56,38.65,oil and fats,"Oil (vegetable, fortified)",494,L,actual,Retail,KES,333.0,2.58
2025-12-15,Eastern,Moyale,Sololo,6229,3.56,38.65,pulses and nuts,Beans,50,KG,actual,Retail,KES,107.0,0.83
2025-12-15,Eastern,Moyale,Sololo,6229,3.56,38.65,pulses and nuts,Pigeon peas (dry),937,KG,actual,Retail,KES,250.0,1.94
2025-12-15,Eastern,Moyale,Sololo,6229,3.56,38.65,vegetables and fruits,Kale,796,KG,actual,Retail,KES,65.0,0.5
2025-12-15,Eastern,Moyale,Sololo,6229,3.56,38.65,vegetables and fruits,Spinach,404,KG,actual,Retail,KES,90.0,0.7
2025-12-15,North Eastern,Garissa,Dagahaley (Daadab),3252,0.19,40.29,cereals and tubers,Rice (aromatic),894,KG,actual,Retail,KES,100.0,0.78
2025-12-15,North Eastern,Garissa,Dagahaley (Daadab),3252,0.19,40.29,milk and dairy,"Milk (cow, pasteurized)",472,L,actual,Retail,KES,210.0,1.63
2025-12-15,North Eastern,Garissa,Dagahaley (Daadab),3252,0.19,40.29,pulses and nuts,Beans,50,KG,actual,Retail,KES,110.0,0.85
2025-12-15,North Eastern,Garissa,Dagahaley (Daadab),3252,0.19,40.29,pulses and nuts,Cowpeas (dry),901,KG,actual,Retail,KES,120.0,0.93
2025-12-15,North Eastern,Garissa,Garissa,1855,-0.46,39.65,milk and dairy,"Milk (cow, pasteurized)",472,L,actual,Retail,KES,200.0,1.55
2025-12-15,North Eastern,Garissa,Garissa,1855,-0.46,39.65,miscellaneous food,Sugar,97,KG,actual,Retail,KES,120.0,0.93
2025-12-15,North Eastern,Garissa,Hagadera (Daadab),3254,0.01,40.37,cereals and tubers,Rice (aromatic),894,KG,actual,Retail,KES,100.0,0.78
2025-12-15,North Eastern,Garissa,Hagadera (Daadab),3254,0.01,40.37,milk and dairy,"Milk (cow, pasteurized)",472,L,actual,Retail,KES,150.0,1.16
2025-12-15,North Eastern,Garissa,Hagadera (Daadab),3254,0.01,40.37,miscellaneous food,Sugar,97,KG,actual,Retail,KES,120.0,0.93
2025-12-15,North Eastern,Garissa,Hagadera (Daadab),3254,0.01,40.37,oil and fats,"Oil (vegetable, fortified)",494,L,actual,Retail,KES,282.0,2.19
2025-12-15,North Eastern,Garissa,Hagadera (Daadab),3254,0.01,40.37,pulses and nuts,Beans,50,KG,actual,Retail,KES,116.0,0.9
2025-12-15,North Eastern,Garissa,Hagadera (Daadab),3254,0.01,40.37,pulses and nuts,Cowpeas (dry),901,KG,actual,Retail,KES,124.0,0.96
2025-12-15,North Eastern,Garissa,Hagadera (Daadab),3254,0.01,40.37,vegetables and fruits,Kale,796,KG,actual,Retail,KES,100.0,0.78
2025-12-15,North Eastern,Garissa,IFO (Daadab),3255,0.11,40.32,cereals and tubers,"Maize (white, dry)",440,KG,actual,Retail,KES,60.0,0.47
2025-12-15,North Eastern,Garissa,IFO (Daadab),3255,0.11,40.32,cereals and tubers,Rice (aromatic),894,KG,actual,Retail,KES,102.0,0.79
2025-12-15,North Eastern,Garissa,IFO (Daadab),3255,0.11,40.32,milk and dairy,"Milk (cow, pasteurized)",472,L,actual,Retail,KES,180.0,1.4
2025-12-15,North Eastern,Garissa,IFO (Daadab),3255,0.11,40.32,pulses and nuts,Beans,50,KG,actual,Retail,KES,100.0,0.78
2025-12-15,North Eastern,Garissa,IFO (Daadab),3255,0.11,40.32,pulses and nuts,Cowpeas (dry),901,KG,actual,Retail,KES,120.0,0.93
2025-12-15,North Eastern,Garissa,IFO (Daadab),3255,0.11,40.32,vegetables and fruits,Kale,796,KG,actual,Retail,KES,62.0,0.48
2025-12-15,North Eastern,Garissa,Jarajara,10352,-0.04,39.01,miscellaneous food,Salt,185,200 G,actual,Retail,KES,20.0,0.16
2025-12-15,North Eastern,Garissa,Jarajara,10352,-0.04,39.01,miscellaneous food,Sugar,97,KG,actual,Retail,KES,120.0,0.93
2025-12-15,North Eastern,Garissa,Jarajara,10352,-0.04,39.01,oil and fats,"Oil (vegetable, fortified)",494,L,actual,Retail,KES,100.0,0.78
2025-12-15,North Eastern,Mandera,Banissa,10398,3.94,40.34,cereals and tubers,"Maize (white, dry)",440,KG,actual,Retail,KES,125.0,0.97
2025-12-15,North Eastern,Mandera,Banissa,10398,3.94,40.34,cereals and tubers,Rice (aromatic),894,KG,actual,Retail,KES,146.0,1.13
2025-12-15,North Eastern,Mandera,Banissa,10398,3.94,40.34,cereals and tubers,Wheat flour,58,KG,actual,Retail,KES,100.0,0.78
2025-12-15,North Eastern,Mandera,Banissa,10398,3.94,40.34,miscellaneous food,Salt,185,200 G,actual,Retail,KES,27.0,0.21
2025-12-15,North Eastern,Mandera,Banissa,10398,3.94,40.34,miscellaneous food,Sugar,97,KG,actual,Retail,KES,130.0,1.01
2025-12-15,North Eastern,Mandera,Banissa,10398,3.94,40.34,vegetables and fruits,Kale,796,KG,actual,Retail,KES,100.0,0.78
2025-12-15,North Eastern,Mandera,Banissa,10398,3.94,40.34,vegetables and fruits,Spinach,404,KG,actual,Retail,KES,83.0,0.64
2025-12-15,North Eastern,Mandera,El Wak,3263,2.81,40.93,cereals and tubers,"Maize (white, dry)",440,KG,actual,Retail,KES,80.0,0.62
2025-12-15,North Eastern,Mandera,El Wak,3263,2.81,40.93,cereals and tubers,Maize flour (white),134,KG,actual,Retail,KES,100.0,0.78
2025-12-15,North Eastern,Mandera,El Wak,3263,2.81,40.93,cereals and tubers,Rice (aromatic),894,KG,actual,Retail,KES,100.0,0.78
2025-12-15,North Eastern,Mandera,El Wak,3263,2.81,40.93,cereals and tubers,Wheat flour,58,KG,actual,Retail,KES,100.0,0.78
2025-12-15,North Eastern,Mandera,El Wak,3263,2.81,40.93,miscellaneous food,Salt,185,200 G,actual,Retail,KES,20.0,0.16
2025-12-15,North Eastern,Mandera,El Wak,3263,2.81,40.93,miscellaneous food,Sugar,97,KG,actual,Retail,KES,135.0,1.05
2025-12-15,North Eastern,Mandera,El Wak,3263,2.81,40.93,oil and fats,"Oil (vegetable, fortified)",494,L,actual,Retail,KES,250.0,1.94
2025-12-15,North Eastern,Mandera,El Wak,3263,2.81,40.93,pulses and nuts,Beans,50,KG,actual,Retail,KES,150.0,1.16
2025-12-15,North Eastern,Mandera,El Wak,3263,2.81,40.93,vegetables and fruits,Kale,796,KG,actual,Retail,KES,100.0,0.78
2025-12-15,North Eastern,Mandera,Mandera,189,3.94,41.86,cereals and tubers,"Maize (white, dry)",440,KG,actual,Retail,KES,100.0,0.78
2025-12-15,North Eastern,Mandera,Mandera,189,3.94,41.86,cereals and tubers,Maize flour (white),134,KG,actual,Retail,KES,110.0,0.85
2025-12-15,North Eastern,Mandera,Mandera,189,3.94,41.86,cereals and tubers,Rice (aromatic),894,KG,actual,Retail,KES,190.0,1.47
2025-12-15,North Eastern,Mandera,Mandera,189,3.94,41.86,cereals and tubers,Wheat flour,58,KG,actual,Retail,KES,110.0,0.85
2025-12-15,North Eastern,Mandera,Mandera,189,3.94,41.86,miscellaneous food,Salt,185,200 G,actual,Retail,KES,20.0,0.16
2025-12-15,North Eastern,Mandera,Mandera,189,3.94,41.86,miscellaneous food,Sugar,97,KG,actual,Retail,KES,120.0,0.93
2025-12-15,North Eastern,Mandera,Mandera,189,3.94,41.86,oil and fats,"Oil (vegetable, fortified)",494,L,actual,Retail,KES,325.0,2.52
2025-12-15,North Eastern,Mandera,Mandera,189,3.94,41.86,pulses and nuts,Beans,50,KG,actual,Retail,KES,200.0,1.55
2025-12-15,North Eastern,Mandera,Mandera,189,3.94,41.86,pulses and nuts,Cowpeas (dry),901,KG,actual,Retail,KES,150.0,1.16
2025-12-15,North Eastern,Mandera,Mandera,189,3.94,41.86,vegetables and fruits,Kale,796,KG,actual,Retail,KES,50.0,0.39
2025-12-15,North Eastern,Mandera,Rhamu,3266,3.93,41.22,cereals and tubers,Rice (aromatic),894,KG,actual,Retail,KES,130.0,1.01
2025-12-15,North Eastern,Mandera,Rhamu,3266,3.93,41.22,miscellaneous food,Salt,185,200 G,actual,Retail,KES,20.0,0.16
2025-12-15,North Eastern,Mandera,Rhamu,3266,3.93,41.22,miscellaneous food,Sugar,97,KG,actual,Retail,KES,120.0,0.93
2025-12-15,North Eastern,Mandera,Rhamu,3266,3.93,41.22,oil and fats,"Oil (vegetable, fortified)",494,L,actual,Retail,KES,300.0,2.33
2025-12-15,North Eastern,Mandera,Rhamu,3266,3.93,41.22,pulses and nuts,Beans,50,KG,actual,Retail,KES,200.0,1.55
2025-12-15,North Eastern,Mandera,Takaba (Mandera),3267,3.39,40.23,cereals and tubers,Rice (aromatic),894,KG,actual,Retail,KES,100.0,0.78
2025-12-15,North Eastern,Mandera,Takaba (Mandera),3267,3.39,40.23,milk and dairy,"Milk (cow, pasteurized)",472,L,actual,Retail,KES,200.0,1.55
2025-12-15,North Eastern,Mandera,Takaba (Mandera),3267,3.39,40.23,miscellaneous food,Salt,185,200 G,actual,Retail,KES,12.0,0.093
2025-12-15,North Eastern,Mandera,Takaba (Mandera),3267,3.39,40.23,oil and fats,"Oil (vegetable, fortified)",494,L,actual,Retail,KES,250.0,1.94
2025-12-15,North Eastern,Mandera,Takaba (Mandera),3267,3.39,40.23,pulses and nuts,Beans,50,KG,actual,Retail,KES,100.0,0.78
2025-12-15,North Eastern,Mandera,Wargadud,10397,3.18,40.87,cereals and tubers,"Maize (white, dry)",440,KG,actual,Retail,KES,50.0,0.39
2025-12-15,North Eastern,Mandera,Wargadud,10397,3.18,40.87,cereals and tubers,Wheat flour,58,KG,actual,Retail,KES,120.0,0.93
2025-12-15,North Eastern,Mandera,Wargadud,10397,3.18,40.87,miscellaneous food,Salt,185,200 G,actual,Retail,KES,20.0,0.16
2025-12-15,North Eastern,Mandera,Wargadud,10397,3.18,40.87,miscellaneous food,Sugar,97,KG,actual,Retail,KES,147.0,1.14
2025-12-15,North Eastern,Wajir,Griftu,6644,2.0,39.75,cereals and tubers,Rice (aromatic),894,KG,actual,Retail,KES,126.0,0.98
2025-12-15,North Eastern,Wajir,Griftu,6644,2.0,39.75,cereals and tubers,Wheat flour,58,KG,actual,Retail,KES,107.0,0.83
2025-12-15,North Eastern,Wajir,Griftu,6644,2.0,39.75,miscellaneous food,Salt,185,200 G,actual,Retail,KES,17.0,0.13
2025-12-15,North Eastern,Wajir,Griftu,6644,2.0,39.75,miscellaneous food,Sugar,97,KG,actual,Retail,KES,120.0,0.93
2025-12-15,North Eastern,Wajir,Griftu,6644,2.0,39.75,pulses and nuts,Beans,50,KG,actual,Retail,KES,140.0,1.09
2025-12-15,North Eastern,Wajir,Griftu,6644,2.0,39.75,pulses and nuts,Cowpeas (dry),901,KG,actual,Retail,KES,160.0,1.24
2025-12-15,North Eastern,Wajir,Hadado,6656,1.53,39.43,cereals and tubers,"Maize (white, dry)",440,KG,actual,Retail,KES,90.0,0.7
2025-12-15,North Eastern,Wajir,Hadado,6656,1.53,39.43,cereals and tubers,Rice (aromatic),894,KG,actual,Retail,KES,113.0,0.88
2025-12-15,North Eastern,Wajir,Hadado,6656,1.53,39.43,cereals and tubers,Wheat flour,58,KG,actual,Retail,KES,113.0,0.88
2025-12-15,North Eastern,Wajir,Hadado,6656,1.53,39.43,miscellaneous food,Salt,185,200 G,actual,Retail,KES,20.0,0.16
2025-12-15,North Eastern,Wajir,Hadado,6656,1.53,39.43,miscellaneous food,Sugar,97,KG,actual,Retail,KES,160.0,1.24
2025-12-15,North Eastern,Wajir,Tarbaj,6647,2.21,40.12,cereals and tubers,"Maize (white, dry)",440,KG,actual,Retail,KES,72.0,0.56
2025-12-15,North Eastern,Wajir,Tarbaj,6647,2.21,40.12,cereals and tubers,Maize flour (white),134,KG,actual,Retail,KES,70.0,0.54
2025-12-15,North Eastern,Wajir,Tarbaj,6647,2.21,40.12,cereals and tubers,Wheat flour,58,KG,actual,Retail,KES,76.0,0.59
2025-12-15,North Eastern,Wajir,Tarbaj,6647,2.21,40.12,miscellaneous food,Salt,185,200 G,actual,Retail,KES,21.0,0.16
2025-12-15,North Eastern,Wajir,Tarbaj,6647,2.21,40.12,miscellaneous food,Sugar,97,KG,actual,Retail,KES,150.0,1.16
2025-12-15,North Eastern,Wajir,Tarbaj,6647,2.21,40.12,oil and fats,"Oil (vegetable, fortified)",494,L,actual,Retail,KES,160.0,1.24
2025-12-15,North Eastern,Wajir,Tarbaj,6647,2.21,40.12,pulses and nuts,Beans,50,KG,actual,Retail,KES,128.0,0.99
2025-12-15,North Eastern,Wajir,Tarbaj,6647,2.21,40.12,pulses and nuts,Cowpeas (dry),901,KG,actual,Retail,KES,85.0,0.66
2025-12-15,North Eastern,Wajir,Tarbaj,6647,2.21,40.12,vegetables and fruits,Kale,796,KG,actual,Retail,KES,50.0,0.39
2025-12-15,Nyanza,Kisumu,Kibuye (Kisumu),5671,-0.09,34.77,cereals and tubers,"Potatoes (Irish, white)",891,50 KG,actual,Wholesale,KES,3850.0,29.84
2025-12-15,Nyanza,Kisumu,Kibuye (Kisumu),5671,-0.09,34.77,vegetables and fruits,Tomatoes,114,64 KG,actual,Wholesale,KES,5180.8,40.16
2025-12-15,Rift Valley,Turkana,Ethiopia (Kakuma),3253,3.72,34.85,cereals and tubers,Rice (aromatic),894,KG,actual,Retail,KES,100.0,0.78
2025-12-15,Rift Valley,Turkana,Ethiopia (Kakuma),3253,3.72,34.85,miscellaneous food,Salt,185,200 G,actual,Retail,KES,20.0,0.16
2025-12-15,Rift Valley,Turkana,Ethiopia (Kakuma),3253,3.72,34.85,miscellaneous food,Sugar,97,KG,actual,Retail,KES,153.0,1.19
2025-12-15,Rift Valley,Turkana,Ethiopia (Kakuma),3253,3.72,34.85,pulses and nuts,Beans,50,KG,actual,Retail,KES,150.0,1.16
2025-12-15,Rift Valley,Turkana,HongKong (Kakuma),3250,3.75,34.84,cereals and tubers,"Maize (white, dry)",440,KG,actual,Retail,KES,58.0,0.45
2025-12-15,Rift Valley,Turkana,HongKong (Kakuma),3250,3.75,34.84,cereals and tubers,Maize flour (white),134,KG,actual,Retail,KES,80.0,0.62
2025-12-15,Rift Valley,Turkana,HongKong (Kakuma),3250,3.75,34.84,cereals and tubers,Rice (aromatic),894,KG,actual,Retail,KES,110.0,0.85
2025-12-15,Rift Valley,Turkana,HongKong (Kakuma),3250,3.75,34.84,cereals and tubers,Wheat flour,58,KG,actual,Retail,KES,90.0,0.7
2025-12-15,Rift Valley,Turkana,HongKong (Kakuma),3250,3.75,34.84,miscellaneous food,Sugar,97,KG,actual,Retail,KES,167.0,1.29
2025-12-15,Rift Valley,Turkana,HongKong (Kakuma),3250,3.75,34.84,pulses and nuts,Beans,50,KG,actual,Retail,KES,130.0,1.01
2025-12-15,Rift Valley,Turkana,HongKong (Kakuma),3250,3.75,34.84,vegetables and fruits,Kale,796,KG,actual,Retail,KES,93.0,0.72
2025-12-15,Rift Valley,Turkana,Kakuma 2,3248,3.75,34.82,cereals and tubers,"Maize (white, dry)",440,KG,actual,Retail,KES,63.0,0.49
2025-12-15,Rift Valley,Turkana,Kakuma 2,3248,3.75,34.82,miscellaneous food,Salt,185,200 G,actual,Retail,KES,15.0,0.12
2025-12-15,Rift Valley,Turkana,Kakuma 2,3248,3.75,34.82,miscellaneous food,Sugar,97,KG,actual,Retail,KES,167.0,1.29
2025-12-15,Rift Valley,Turkana,Kakuma 2,3248,3.75,34.82,oil and fats,"Oil (vegetable, fortified)",494,L,actual,Retail,KES,286.0,2.22
2025-12-15,Rift Valley,Turkana,Kakuma 2,3248,3.75,34.82,pulses and nuts,Beans,50,KG,actual,Retail,KES,120.0,0.93
2025-12-15,Rift Valley,Turkana,Kakuma 2,3248,3.75,34.82,vegetables and fruits,Kale,796,KG,actual,Retail,KES,130.0,1.01
2025-12-15,Rift Valley,Turkana,Kakuma 3,3251,3.77,34.82,cereals and tubers,"Maize (white, dry)",440,KG,actual,Retail,KES,50.0,0.39
2025-12-15,Rift Valley,Turkana,Kakuma 3,3251,3.77,34.82,cereals and tubers,Rice (aromatic),894,KG,actual,Retail,KES,130.0,1.01
2025-12-15,Rift Valley,Turkana,Kakuma 3,3251,3.77,34.82,milk and dairy,"Milk (cow, pasteurized)",472,L,actual,Retail,KES,160.0,1.24
2025-12-15,Rift Valley,Turkana,Kakuma 3,3251,3.77,34.82,miscellaneous food,Salt,185,200 G,actual,Retail,KES,20.0,0.16
2025-12-15,Rift Valley,Turkana,Kakuma 3,3251,3.77,34.82,miscellaneous food,Sugar,97,KG,actual,Retail,KES,160.0,1.24
2025-12-15,Rift Valley,Turkana,Kakuma 3,3251,3.77,34.82,oil and fats,"Oil (vegetable, fortified)",494,L,actual,Retail,KES,250.0,1.94
2025-12-15,Rift Valley,Turkana,Kakuma 3,3251,3.77,34.82,pulses and nuts,Beans,50,KG,actual,Retail,KES,120.0,0.93
2025-12-15,Rift Valley,Turkana,Kakuma 3,3251,3.77,34.82,pulses and nuts,Cowpeas (dry),901,KG,actual,Retail,KES,157.0,1.22
2025-12-15,Rift Valley,Turkana,Kakuma 3,3251,3.77,34.82,vegetables and fruits,Kale,796,KG,actual,Retail,KES,100.0,0.78
2025-12-15,Rift Valley,Turkana,Kakuma 4,3249,3.74,34.81,cereals and tubers,"Maize (white, dry)",440,KG,actual,Retail,KES,67.0,0.52
2025-12-15,Rift Valley,Turkana,Kakuma 4,3249,3.74,34.81,cereals and tubers,Maize flour (white),134,KG,actual,Retail,KES,73.0,0.57
2025-12-15,Rift Valley,Turkana,Kakuma 4,3249,3.74,34.81,cereals and tubers,Rice (aromatic),894,KG,actual,Retail,KES,103.0,0.8
2025-12-15,Rift Valley,Turkana,Kakuma 4,3249,3.74,34.81,miscellaneous food,Salt,185,200 G,actual,Retail,KES,18.0,0.14
2025-12-15,Rift Valley,Turkana,Kakuma 4,3249,3.74,34.81,miscellaneous food,Sugar,97,KG,actual,Retail,KES,167.0,1.29
2025-12-15,Rift Valley,Turkana,Kakuma 4,3249,3.74,34.81,pulses and nuts,Beans,50,KG,actual,Retail,KES,133.0,1.03
2025-12-15,Rift Valley,Turkana,Kakuma 4,3249,3.74,34.81,pulses and nuts,Cowpeas (dry),901,KG,actual,Retail,KES,80.0,0.62
2025-12-15,Rift Valley,Turkana,Kakuma 4,3249,3.74,34.81,vegetables and fruits,Kale,796,KG,actual,Retail,KES,118.0,0.91
2025-12-15,Rift Valley,Turkana,Kakuma town,3256,3.71,34.86,cereals and tubers,"Maize (white, dry)",440,KG,actual,Retail,KES,60.0,0.47
2025-12-15,Rift Valley,Turkana,Kakuma town,3256,3.71,34.86,cereals and tubers,Rice (aromatic),894,KG,actual,Retail,KES,100.0,0.78
2025-12-15,Rift Valley,Turkana,Kakuma town,3256,3.71,34.86,cereals and tubers,Wheat flour,58,KG,actual,Retail,KES,100.0,0.78
2025-12-15,Rift Valley,Turkana,Kakuma town,3256,3.71,34.86,miscellaneous food,Salt,185,200 G,actual,Retail,KES,16.0,0.12
2025-12-15,Rift Valley,Turkana,Kakuma town,3256,3.71,34.86,oil and fats,"Oil (vegetable, fortified)",494,L,actual,Retail,KES,258.0,2.0
2025-12-15,Rift Valley,Turkana,Kakuma town,3256,3.71,34.86,pulses and nuts,Beans,50,KG,actual,Retail,KES,113.0,0.88
2025-12-15,Rift Valley,Turkana,Kakuma town,3256,3.71,34.86,vegetables and fruits,Spinach,404,KG,actual,Retail,KES,50.0,0.39
2025-12-15,Rift Valley,Turkana,Kalobeyei (Village 1),3244,3.77,34.73,cereals and tubers,"Maize (white, dry)",440,KG,actual,Retail,KES,53.0,0.41
2025-12-15,Rift Valley,Turkana,Kalobeyei (Village 1),3244,3.77,34.73,cereals and tubers,Maize flour (white),134,KG,actual,Retail,KES,83.0,0.64
2025-12-15,Rift Valley,Turkana,Kalobeyei (Village 1),3244,3.77,34.73,cereals and tubers,Rice (aromatic),894,KG,actual,Retail,KES,100.0,0.78
2025-12-15,Rift Valley,Turkana,Kalobeyei (Village 1),3244,3.77,34.73,miscellaneous food,Sugar,97,KG,actual,Retail,KES,160.0,1.24
2025-12-15,Rift Valley,Turkana,Kalobeyei (Village 1),3244,3.77,34.73,pulses and nuts,Beans,50,KG,actual,Retail,KES,100.0,0.78
2025-12-15,Rift Valley,Turkana,Kalobeyei (Village 1),3244,3.77,34.73,pulses and nuts,Cowpeas (dry),901,KG,actual,Retail,KES,165.0,1.28
2025-12-15,Rift Valley,Turkana,Kalobeyei (Village 1),3244,3.77,34.73,vegetables and fruits,Kale,796,KG,actual,Retail,KES,90.0,0.7
2025-12-15,Rift Valley,Turkana,Kalobeyei (Village 2),3246,3.76,34.75,cereals and tubers,Rice (aromatic),894,KG,actual,Retail,KES,100.0,0.78
2025-12-15,Rift Valley,Turkana,Kalobeyei (Village 2),3246,3.76,34.75,miscellaneous food,Salt,185,200 G,actual,Retail,KES,12.0,0.093
2025-12-15,Rift Valley,Turkana,Kalobeyei (Village 2),3246,3.76,34.75,miscellaneous food,Sugar,97,KG,actual,Retail,KES,153.0,1.19
2025-12-15,Rift Valley,Turkana,Kalobeyei (Village 2),3246,3.76,34.75,oil and fats,"Oil (vegetable, fortified)",494,L,actual,Retail,KES,267.0,2.07
2025-12-15,Rift Valley,Turkana,Kalobeyei (Village 2),3246,3.76,34.75,pulses and nuts,Beans,50,KG,actual,Retail,KES,100.0,0.78
2025-12-15,Rift Valley,Turkana,Kalobeyei (Village 2),3246,3.76,34.75,pulses and nuts,Cowpeas (dry),901,KG,actual,Retail,KES,143.0,1.11
2025-12-15,Rift Valley,Turkana,Kalobeyei (Village 3),3247,3.75,34.76,cereals and tubers,Rice (aromatic),894,KG,actual,Retail,KES,100.0,0.78
2025-12-15,Rift Valley,Turkana,Kalobeyei (Village 3),3247,3.75,34.76,cereals and tubers,Wheat flour,58,KG,actual,Retail,KES,97.0,0.75
2025-12-15,Rift Valley,Turkana,Kalobeyei (Village 3),3247,3.75,34.76,miscellaneous food,Salt,185,200 G,actual,Retail,KES,15.0,0.12
2025-12-15,Rift Valley,Turkana,Kalobeyei (Village 3),3247,3.75,34.76,miscellaneous food,Sugar,97,KG,actual,Retail,KES,157.0,1.22
2025-12-15,Rift Valley,Turkana,Kalobeyei (Village 3),3247,3.75,34.76,oil and fats,"Oil (vegetable, fortified)",494,L,actual,Retail,KES,283.0,2.19
2025-12-15,Rift Valley,Turkana,Kalobeyei (Village 3),3247,3.75,34.76,pulses and nuts,Beans,50,KG,actual,Retail,KES,107.0,0.83
2025-12-15,Rift Valley,Turkana,Kalobeyei (Village 3),3247,3.75,34.76,pulses and nuts,Cowpeas (dry),901,KG,actual,Retail,KES,155.0,1.2
2025-12-15,Rift Valley,Turkana,Kalobeyei (Village 3),3247,3.75,34.76,vegetables and fruits,Kale,796,KG,actual,Retail,KES,100.0,0.78
2025-12-15,Rift Valley,Turkana,Katilia,6898,2.14,36.14,miscellaneous food,Salt,185,200 G,actual,Retail,KES,30.0,0.23
2025-12-15,Rift Valley,Turkana,Katilia,6898,2.14,36.14,miscellaneous food,Sugar,97,KG,actual,Retail,KES,150.0,1.16
2025-12-15,Rift Valley,Turkana,Katilia,6898,2.14,36.14,oil and fats,"Oil (vegetable, fortified)",494,L,actual,Retail,KES,300.0,2.33
2025-12-15,Rift Valley,Turkana,Lodwar town,3360,3.12,35.6,cereals and tubers,"Maize (white, dry)",440,KG,actual,Retail,KES,93.0,0.72
2025-12-15,Rift Valley,Turkana,Lodwar town,3360,3.12,35.6,cereals and tubers,Maize flour (white),134,KG,actual,Retail,KES,110.0,0.85
2025-12-15,Rift Valley,Turkana,Lodwar town,3360,3.12,35.6,cereals and tubers,Rice (aromatic),894,KG,actual,Retail,KES,120.0,0.93
2025-12-15,Rift Valley,Turkana,Lodwar town,3360,3.12,35.6,cereals and tubers,Wheat flour,58,KG,actual,Retail,KES,115.0,0.89
2025-12-15,Rift Valley,Turkana,Lodwar town,3360,3.12,35.6,milk and dairy,"Milk (cow, pasteurized)",472,L,actual,Retail,KES,100.0,0.78
2025-12-15,Rift Valley,Turkana,Lodwar town,3360,3.12,35.6,miscellaneous food,Salt,185,200 G,actual,Retail,KES,16.0,0.12
2025-12-15,Rift Valley,Turkana,Lodwar town,3360,3.12,35.6,miscellaneous food,Sugar,97,KG,actual,Retail,KES,198.0,1.53
2025-12-15,Rift Valley,Turkana,Lodwar town,3360,3.12,35.6,oil and fats,"Oil (vegetable, fortified)",494,L,actual,Retail,KES,256.0,1.98
2025-12-15,Rift Valley,Turkana,Lodwar town,3360,3.12,35.6,pulses and nuts,Beans,50,KG,actual,Retail,KES,147.0,1.14
2025-12-15,Rift Valley,Turkana,Lodwar town,3360,3.12,35.6,vegetables and fruits,Kale,796,KG,actual,Retail,KES,90.0,0.7
2025-12-15,Rift Valley,Turkana,Lodwar town,3360,3.12,35.6,vegetables and fruits,Spinach,404,KG,actual,Retail,KES,100.0,0.78
2026-01-15,Nairobi,Nairobi,Kangemi (Nairobi),4626,-1.27,36.74,cereals and tubers,Rice (aromatic),894,50 KG,actual,Wholesale,KES,7875.0,61.07
2026-01-15,Nairobi,Nairobi,Kangemi (Nairobi),4626,-1.27,36.74,pulses and nuts,Beans (rosecoco),897,90 KG,actual,Wholesale,KES,108.88888888888889,76.0
2026-01-15,Nairobi,Nairobi,Kangemi (Nairobi),4626,-1.27,36.74,vegetables and fruits,Tomatoes,114,64 KG,actual,Wholesale,KES,3938.56,30.54
2026-01-15,Nyanza,Kisumu,Kibuye (Kisumu),5671,-0.09,34.77,cereals and tubers,"Maize (white, dry)",440,90 KG,actual,Wholesale,KES,48.89,34.12
2026-01-15,Nyanza,Kisumu,Kibuye (Kisumu),5671,-0.09,34.77,vegetables and fruits,Tomatoes,114,64 KG,actual,Wholesale,KES,5943.04,46.09
2026-02-15,Nairobi,Nairobi,Kangemi (Nairobi),4626,-1.27,36.74,cereals and tubers,"Maize (white, dry)",440,90 KG,actual,Wholesale,KES,51.11,35.66
2026-02-15,Nairobi,Nairobi,Kangemi (Nairobi),4626,-1.27,36.74,cereals and tubers,Rice (aromatic),894,50 KG,actual,Wholesale,KES,7250.0,56.2
2026-02-15,Nairobi,Nairobi,Kangemi (Nairobi),4626,-1.27,36.74,pulses and nuts,Beans (rosecoco),897,90 KG,actual,Wholesale,KES,128.88888888888889,89.92
2026-02-15,Nairobi,Nairobi,Kangemi (Nairobi),4626,-1.27,36.74,vegetables and fruits,Onions (dry),892,13 KG,actual,Wholesale,KES,2535.0,19.65
2026-02-15,Nairobi,Nairobi,Kangemi (Nairobi),4626,-1.27,36.74,vegetables and fruits,Tomatoes,114,64 KG,actual,Wholesale,KES,4430.72,34.35
2026-02-15,Nyanza,Kisumu,Kibuye (Kisumu),5671,-0.09,34.77,cereals and tubers,"Maize (white, dry)",440,90 KG,actual,Wholesale,KES,57.78,40.31
2026-02-15,Nyanza,Kisumu,Kibuye (Kisumu),5671,-0.09,34.77,vegetables and fruits,Tomatoes,114,64 KG,actual,Wholesale,KES,6971.52,54.04
2025-03-15,North Eastern,Garissa,Dagahaley (Daadab),3252,0.19,40.29,cereals and tubers,Wheat flour,58,KG,"actual,aggregate",Retail,KES,96.72,0.75
2025-03-15,North Eastern,Garissa,Dagahaley (Daadab),3252,0.19,40.29,miscellaneous food,Salt,185,200 G,"actual,aggregate",Retail,KES,10.0,0.077
2025-03-15,North Eastern,Garissa,Dagahaley (Daadab),3252,0.19,40.29,miscellaneous food,Sugar,97,KG,"actual,aggregate",Retail,KES,128.56,1.0
2025-03-15,North Eastern,Garissa,Hagadera (Daadab),3254,0.01,40.37,cereals and tubers,Wheat flour,58,KG,"actual,aggregate",Retail,KES,99.56,0.77
2025-03-15,North Eastern,Garissa,Hagadera (Daadab),3254,0.01,40.37,miscellaneous food,Salt,185,200 G,"actual,aggregate",Retail,KES,10.0,0.077
2025-03-15,North Eastern,Garissa,Hagadera (Daadab),3254,0.01,40.37,miscellaneous food,Sugar,97,KG,"actual,aggregate",Retail,KES,129.68,1.0
2025-03-15,North Eastern,Garissa,IFO (Daadab),3255,0.11,40.32,miscellaneous food,Salt,185,200 G,"actual,aggregate",Retail,KES,10.0,0.077
2025-03-15,Rift Valley,Turkana,HongKong (Kakuma),3250,3.75,34.84,miscellaneous food,Salt,185,200 G,"actual,aggregate",Retail,KES,10.0,0.077
2025-03-15,Rift Valley,Turkana,HongKong (Kakuma),3250,3.75,34.84,miscellaneous food,Sugar,97,KG,"actual,aggregate",Retail,KES,169.83,1.32
2025-03-15,Rift Valley,Turkana,Kakuma 2,3248,3.75,34.82,miscellaneous food,Sugar,97,KG,"actual,aggregate",Retail,KES,161.83,1.25
2025-03-15,Rift Valley,Turkana,Kakuma 3,3251,3.77,34.82,cereals and tubers,Wheat flour,58,KG,"actual,aggregate",Retail,KES,85.83,0.66
2025-03-15,Rift Valley,Turkana,Kakuma 3,3251,3.77,34.82,miscellaneous food,Salt,185,200 G,"actual,aggregate",Retail,KES,10.0,0.077
2025-03-15,Rift Valley,Turkana,Kakuma 3,3251,3.77,34.82,miscellaneous food,Sugar,97,KG,"actual,aggregate",Retail,KES,163.17,1.26
2025-03-15,Rift Valley,Turkana,Kakuma 4,3249,3.74,34.81,miscellaneous food,Sugar,97,KG,"actual,aggregate",Retail,KES,162.75,1.26
2025-03-15,Rift Valley,Turkana,Kalobeyei (Village 1),3244,3.77,34.73,cereals and tubers,Wheat flour,58,KG,"actual,aggregate",Retail,KES,91.83,0.71
2025-03-15,Rift Valley,Turkana,Kalobeyei (Village 1),3244,3.77,34.73,miscellaneous food,Salt,185,200 G,"actual,aggregate",Retail,KES,10.0,0.077
2025-03-15,Rift Valley,Turkana,Kalobeyei (Village 1),3244,3.77,34.73,miscellaneous food,Sugar,97,KG,"actual,aggregate",Retail,KES,158.33,1.23
2025-03-15,Rift Valley,Turkana,Kalobeyei (Village 2),3246,3.76,34.75,miscellaneous food,Sugar,97,KG,"actual,aggregate",Retail,KES,151.5,1.17
2025-03-15,Rift Valley,Turkana,Kalobeyei (Village 3),3247,3.75,34.76,cereals and tubers,Wheat flour,58,KG,"actual,aggregate",Retail,KES,84.0,0.65
2025-03-15,Rift Valley,Turkana,Kalobeyei (Village 3),3247,3.75,34.76,miscellaneous food,Salt,185,200 G,"actual,aggregate",Retail,KES,10.0,0.077
2025-03-15,Rift Valley,Turkana,Kalobeyei (Village 3),3247,3.75,34.76,miscellaneous food,Sugar,97,KG,"actual,aggregate",Retail,KES,154.0,1.19
2025-03-15,Rift Valley,Turkana,Mogadishu (Kakuma),3245,3.72,34.85,miscellaneous food,Sugar,97,KG,"actual,aggregate",Retail,KES,176.67,1.37
2025-06-15,North Eastern,Garissa,Dagahaley (Daadab),3252,0.19,40.29,cereals and tubers,Wheat flour,58,KG,"actual,aggregate",Retail,KES,99.35,0.77
2025-06-15,North Eastern,Garissa,Dagahaley (Daadab),3252,0.19,40.29,miscellaneous food,Salt,185,200 G,"actual,aggregate",Retail,KES,10.0,0.077
2025-06-15,North Eastern,Garissa,Dagahaley (Daadab),3252,0.19,40.29,miscellaneous food,Sugar,97,KG,"actual,aggregate",Retail,KES,125.72,0.97
2025-06-15,North Eastern,Garissa,Hagadera (Daadab),3254,0.01,40.37,cereals and tubers,Wheat flour,58,KG,"actual,aggregate",Retail,KES,99.86,0.77
2025-06-15,North Eastern,Garissa,Hagadera (Daadab),3254,0.01,40.37,miscellaneous food,Salt,185,200 G,"actual,aggregate",Retail,KES,10.0,0.077
2025-06-15,North Eastern,Garissa,Hagadera (Daadab),3254,0.01,40.37,miscellaneous food,Sugar,97,KG,"actual,aggregate",Retail,KES,136.96,1.06
2025-06-15,North Eastern,Garissa,IFO (Daadab),3255,0.11,40.32,cereals and tubers,Wheat flour,58,KG,"actual,aggregate",Retail,KES,99.81,0.77
2025-06-15,North Eastern,Garissa,IFO (Daadab),3255,0.11,40.32,miscellaneous food,Salt,185,200 G,"actual,aggregate",Retail,KES,10.0,0.077
2025-06-15,Rift Valley,Turkana,HongKong (Kakuma),3250,3.75,34.84,cereals and tubers,Wheat flour,58,KG,"actual,aggregate",Retail,KES,90.0,0.7
2025-06-15,Rift Valley,Turkana,HongKong (Kakuma),3250,3.75,34.84,miscellaneous food,Salt,185,200 G,"actual,aggregate",Retail,KES,10.0,0.077
2025-06-15,Rift Valley,Turkana,HongKong (Kakuma),3250,3.75,34.84,miscellaneous food,Sugar,97,KG,"actual,aggregate",Retail,KES,186.0,1.44
2025-06-15,Rift Valley,Turkana,Kakuma 2,3248,3.75,34.82,miscellaneous food,Salt,185,200 G,"actual,aggregate",Retail,KES,10.0,0.077
2025-06-15,Rift Valley,Turkana,Kakuma 2,3248,3.75,34.82,miscellaneous food,Sugar,97,KG,"actual,aggregate",Retail,KES,175.0,1.35
2025-06-15,Rift Valley,Turkana,Kakuma 3,3251,3.77,34.82,cereals and tubers,Wheat flour,58,KG,"actual,aggregate",Retail,KES,90.0,0.7
2025-06-15,Rift Valley,Turkana,Kakuma 3,3251,3.77,34.82,miscellaneous food,Salt,185,200 G,"actual,aggregate",Retail,KES,10.0,0.077
2025-06-15,Rift Valley,Turkana,Kakuma 3,3251,3.77,34.82,miscellaneous food,Sugar,97,KG,"actual,aggregate",Retail,KES,173.5,1.34
2025-06-15,Rift Valley,Turkana,Kakuma 4,3249,3.74,34.81,cereals and tubers,Wheat flour,58,KG,"actual,aggregate",Retail,KES,86.5,0.67
2025-06-15,Rift Valley,Turkana,Kakuma 4,3249,3.74,34.81,miscellaneous food,Salt,185,200 G,"actual,aggregate",Retail,KES,12.5,0.097
2025-06-15,Rift Valley,Turkana,Kakuma 4,3249,3.74,34.81,miscellaneous food,Sugar,97,KG,"actual,aggregate",Retail,KES,178.33,1.38
2025-06-15,Rift Valley,Turkana,Kalobeyei (Village 1),3244,3.77,34.73,cereals and tubers,Wheat flour,58,KG,"actual,aggregate",Retail,KES,86.83,0.67
2025-06-15,Rift Valley,Turkana,Kalobeyei (Village 1),3244,3.77,34.73,miscellaneous food,Sugar,97,KG,"actual,aggregate",Retail,KES,171.67,1.33
2025-06-15,Rift Valley,Turkana,Kalobeyei (Village 2),3246,3.76,34.75,cereals and tubers,Wheat flour,58,KG,"actual,aggregate",Retail,KES,86.5,0.67
2025-06-15,Rift Valley,Turkana,Kalobeyei (Village 2),3246,3.76,34.75,miscellaneous food,Salt,185,200 G,"actual,aggregate",Retail,KES,11.0,0.085
2025-06-15,Rift Valley,Turkana,Kalobeyei (Village 2),3246,3.76,34.75,miscellaneous food,Sugar,97,KG,"actual,aggregate",Retail,KES,167.5,1.3
2025-06-15,Rift Valley,Turkana,Kalobeyei (Village 3),3247,3.75,34.76,cereals and tubers,Wheat flour,58,KG,"actual,aggregate",Retail,KES,85.0,0.66
2025-06-15,Rift Valley,Turkana,Kalobeyei (Village 3),3247,3.75,34.76,miscellaneous food,Sugar,97,KG,"actual,aggregate",Retail,KES,175.0,1.35
2025-06-15,Rift Valley,Turkana,Mogadishu (Kakuma),3245,3.72,34.85,miscellaneous food,Sugar,97,KG,"actual,aggregate",Retail,KES,170.0,1.32
2025-09-15,North Eastern,Garissa,Dagahaley (Daadab),3252,0.19,40.29,cereals and tubers,Wheat flour,58,KG,"actual,aggregate",Retail,KES,100.5,0.78
2025-09-15,North Eastern,Garissa,Dagahaley (Daadab),3252,0.19,40.29,miscellaneous food,Salt,185,200 G,"actual,aggregate",Retail,KES,10.5,0.081
2025-09-15,North Eastern,Garissa,Dagahaley (Daadab),3252,0.19,40.29,miscellaneous food,Sugar,97,KG,"actual,aggregate",Retail,KES,117.8,0.91
2025-09-15,North Eastern,Garissa,Hagadera (Daadab),3254,0.01,40.37,cereals and tubers,Wheat flour,58,KG,"actual,aggregate",Retail,KES,95.77,0.74
2025-09-15,North Eastern,Garissa,Hagadera (Daadab),3254,0.01,40.37,miscellaneous food,Salt,185,200 G,"actual,aggregate",Retail,KES,10.0,0.077
2025-09-15,North Eastern,Garissa,Hagadera (Daadab),3254,0.01,40.37,miscellaneous food,Sugar,97,KG,"actual,aggregate",Retail,KES,120.54,0.93
2025-09-15,North Eastern,Garissa,IFO (Daadab),3255,0.11,40.32,cereals and tubers,Wheat flour,58,KG,"actual,aggregate",Retail,KES,100.0,0.77
2025-09-15,North Eastern,Garissa,IFO (Daadab),3255,0.11,40.32,miscellaneous food,Salt,185,200 G,"actual,aggregate",Retail,KES,10.0,0.077
2025-09-15,North Eastern,Garissa,IFO (Daadab),3255,0.11,40.32,miscellaneous food,Sugar,97,KG,"actual,aggregate",Retail,KES,123.63,0.96
2025-09-15,Rift Valley,Turkana,Ethiopia (Kakuma),3253,3.72,34.85,cereals and tubers,Wheat flour,58,KG,"actual,aggregate",Retail,KES,92.75,0.72
2025-09-15,Rift Valley,Turkana,Kakuma 2,3248,3.75,34.82,cereals and tubers,Wheat flour,58,KG,"actual,aggregate",Retail,KES,82.5,0.64
2025-09-15,Rift Valley,Turkana,Kakuma 2,3248,3.75,34.82,miscellaneous food,Salt,185,200 G,"actual,aggregate",Retail,KES,12.75,0.099
2025-09-15,Rift Valley,Turkana,Kakuma 2,3248,3.75,34.82,miscellaneous food,Sugar,97,KG,"actual,aggregate",Retail,KES,171.5,1.33
2025-09-15,Rift Valley,Turkana,Kakuma 3,3251,3.77,34.82,miscellaneous food,Salt,185,200 G,"actual,aggregate",Retail,KES,13.38,0.1
2025-09-15,Rift Valley,Turkana,Kakuma 3,3251,3.77,34.82,miscellaneous food,Sugar,97,KG,"actual,aggregate",Retail,KES,171.0,1.32
2025-09-15,Rift Valley,Turkana,Kalobeyei (Village 1),3244,3.77,34.73,cereals and tubers,Wheat flour,58,KG,"actual,aggregate",Retail,KES,87.17,0.67
2025-09-15,Rift Valley,Turkana,Kalobeyei (Village 1),3244,3.77,34.73,miscellaneous food,Salt,185,200 G,"actual,aggregate",Retail,KES,11.5,0.089
2025-09-15,Rift Valley,Turkana,Kalobeyei (Village 1),3244,3.77,34.73,miscellaneous food,Sugar,97,KG,"actual,aggregate",Retail,KES,164.67,1.27
2025-09-15,Rift Valley,Turkana,Kalobeyei (Village 2),3246,3.76,34.75,cereals and tubers,Wheat flour,58,KG,"actual,aggregate",Retail,KES,88.33,0.68
2025-09-15,Rift Valley,Turkana,Kalobeyei (Village 2),3246,3.76,34.75,miscellaneous food,Salt,185,200 G,"actual,aggregate",Retail,KES,11.83,0.092
2025-09-15,Rift Valley,Turkana,Kalobeyei (Village 2),3246,3.76,34.75,miscellaneous food,Sugar,97,KG,"actual,aggregate",Retail,KES,168.33,1.3
2025-09-15,Rift Valley,Turkana,Kalobeyei (Village 3),3247,3.75,34.76,miscellaneous food,Salt,185,200 G,"actual,aggregate",Retail,KES,11.67,0.09
2025-09-15,Rift Valley,Turkana,Kalobeyei (Village 3),3247,3.75,34.76,miscellaneous food,Sugar,97,KG,"actual,aggregate",Retail,KES,160.17,1.24
2025-12-15,North Eastern,Garissa,Dagahaley (Daadab),3252,0.19,40.29,miscellaneous food,Salt,185,200 G,"actual,aggregate",Retail,KES,10.0,0.078
2025-12-15,North Eastern,Garissa,Dagahaley (Daadab),3252,0.19,40.29,miscellaneous food,Sugar,97,KG,"actual,aggregate",Retail,KES,105.0,0.81
2025-12-15,North Eastern,Garissa,IFO (Daadab),3255,0.11,40.32,miscellaneous food,Salt,185,200 G,"actual,aggregate",Retail,KES,16.07,0.12
2025-12-15,North Eastern,Garissa,IFO (Daadab),3255,0.11,40.32,miscellaneous food,Sugar,97,KG,"actual,aggregate",Retail,KES,112.0,0.87
2025-03-15,North Eastern,Garissa,Dagahaley (Daadab),3252,0.19,40.29,cereals and tubers,Maize flour,76,KG,aggregate,Retail,KES,92.57,0.72
2025-03-15,North Eastern,Garissa,Dagahaley (Daadab),3252,0.19,40.29,cereals and tubers,Potatoes (Irish),148,KG,aggregate,Retail,KES,68.21,0.53
2025-03-15,North Eastern,Garissa,Dagahaley (Daadab),3252,0.19,40.29,oil and fats,Oil (vegetable),96,L,aggregate,Retail,KES,268.1,2.08
2025-03-15,North Eastern,Garissa,Dagahaley (Daadab),3252,0.19,40.29,pulses and nuts,Beans (dry),262,KG,aggregate,Retail,KES,115.27,0.89
2025-03-15,North Eastern,Garissa,Hagadera (Daadab),3254,0.01,40.37,cereals and tubers,Maize,51,KG,aggregate,Retail,KES,60.0,0.46
2025-03-15,North Eastern,Garissa,Hagadera (Daadab),3254,0.01,40.37,cereals and tubers,Maize flour,76,KG,aggregate,Retail,KES,97.42,0.75
2025-03-15,North Eastern,Garissa,Hagadera (Daadab),3254,0.01,40.37,cereals and tubers,Rice,52,KG,aggregate,Retail,KES,107.71,0.83
2025-03-15,North Eastern,Garissa,Hagadera (Daadab),3254,0.01,40.37,"meat, fish and eggs",Meat (camel),344,KG,aggregate,Retail,KES,600.0,4.65
2025-03-15,North Eastern,Garissa,Hagadera (Daadab),3254,0.01,40.37,"meat, fish and eggs",Meat (goat),451,KG,aggregate,Retail,KES,722.22,5.59
2025-03-15,North Eastern,Garissa,IFO (Daadab),3255,0.11,40.32,cereals and tubers,Potatoes (Irish),148,KG,aggregate,Retail,KES,63.36,0.49
2025-03-15,North Eastern,Garissa,IFO (Daadab),3255,0.11,40.32,cereals and tubers,Rice,52,KG,aggregate,Retail,KES,117.12,0.91
2025-03-15,North Eastern,Garissa,IFO (Daadab),3255,0.11,40.32,"meat, fish and eggs",Meat (goat),451,KG,aggregate,Retail,KES,729.35,5.65
2025-03-15,North Eastern,Garissa,IFO (Daadab),3255,0.11,40.32,oil and fats,Oil (vegetable),96,L,aggregate,Retail,KES,290.71,2.25
2025-03-15,North Eastern,Garissa,IFO (Daadab),3255,0.11,40.32,pulses and nuts,Beans (dry),262,KG,aggregate,Retail,KES,119.97,0.93
2025-03-15,Rift Valley,Turkana,Ethiopia (Kakuma),3253,3.72,34.85,cereals and tubers,Maize,51,KG,aggregate,Retail,KES,75.0,0.58
2025-03-15,Rift Valley,Turkana,Ethiopia (Kakuma),3253,3.72,34.85,cereals and tubers,Maize flour,76,KG,aggregate,Retail,KES,85.0,0.66
2025-03-15,Rift Valley,Turkana,Ethiopia (Kakuma),3253,3.72,34.85,cereals and tubers,Potatoes (Irish),148,KG,aggregate,Retail,KES,80.0,0.62
2025-03-15,Rift Valley,Turkana,Ethiopia (Kakuma),3253,3.72,34.85,cereals and tubers,Sorghum,65,KG,aggregate,Retail,KES,60.0,0.46
2025-03-15,Rift Valley,Turkana,Ethiopia (Kakuma),3253,3.72,34.85,cereals and tubers,Wheat flour,58,KG,aggregate,Retail,KES,90.0,0.7
2025-03-15,Rift Valley,Turkana,Ethiopia (Kakuma),3253,3.72,34.85,"meat, fish and eggs",Meat (beef),141,KG,aggregate,Retail,KES,600.0,4.65
2025-03-15,Rift Valley,Turkana,Ethiopia (Kakuma),3253,3.72,34.85,"meat, fish and eggs",Meat (goat),451,KG,aggregate,Retail,KES,700.0,5.42
2025-03-15,Rift Valley,Turkana,Ethiopia (Kakuma),3253,3.72,34.85,miscellaneous food,Salt,185,200 G,aggregate,Retail,KES,10.0,0.077
2025-03-15,Rift Valley,Turkana,Ethiopia (Kakuma),3253,3.72,34.85,miscellaneous food,Sugar,97,KG,aggregate,Retail,KES,170.0,1.32
2025-03-15,Rift Valley,Turkana,Ethiopia (Kakuma),3253,3.72,34.85,oil and fats,Oil (vegetable),96,L,aggregate,Retail,KES,300.0,2.32
2025-03-15,Rift Valley,Turkana,Ethiopia (Kakuma),3253,3.72,34.85,pulses and nuts,Beans (dry),262,KG,aggregate,Retail,KES,175.0,1.36
2025-03-15,Rift Valley,Turkana,Ethiopia (Kakuma),3253,3.72,34.85,vegetables and fruits,Bananas,254,Unit,aggregate,Retail,KES,20.0,0.15
2025-03-15,Rift Valley,Turkana,HongKong (Kakuma),3250,3.75,34.84,cereals and tubers,Maize,51,KG,aggregate,Retail,KES,61.67,0.48
2025-03-15,Rift Valley,Turkana,HongKong (Kakuma),3250,3.75,34.84,cereals and tubers,Maize flour,76,KG,aggregate,Retail,KES,83.33,0.65
2025-03-15,Rift Valley,Turkana,HongKong (Kakuma),3250,3.75,34.84,cereals and tubers,Rice,52,KG,aggregate,Retail,KES,160.0,1.24
2025-03-15,Rift Valley,Turkana,HongKong (Kakuma),3250,3.75,34.84,cereals and tubers,Sorghum,65,KG,aggregate,Retail,KES,60.0,0.46
2025-03-15,Rift Valley,Turkana,HongKong (Kakuma),3250,3.75,34.84,"meat, fish and eggs",Meat (goat),451,KG,aggregate,Retail,KES,700.0,5.42
2025-03-15,Rift Valley,Turkana,HongKong (Kakuma),3250,3.75,34.84,milk and dairy,Milk (UHT),794,500 ML,aggregate,Retail,KES,100.0,0.77
2025-03-15,Rift Valley,Turkana,HongKong (Kakuma),3250,3.75,34.84,oil and fats,Oil (vegetable),96,L,aggregate,Retail,KES,306.67,2.38
2025-03-15,Rift Valley,Turkana,HongKong (Kakuma),3250,3.75,34.84,pulses and nuts,Beans (dry),262,KG,aggregate,Retail,KES,160.0,1.24
2025-03-15,Rift Valley,Turkana,Kakuma 2,3248,3.75,34.82,cereals and tubers,Maize,51,KG,aggregate,Retail,KES,60.0,0.46
2025-03-15,Rift Valley,Turkana,Kakuma 2,3248,3.75,34.82,cereals and tubers,Maize flour,76,KG,aggregate,Retail,KES,76.67,0.59
2025-03-15,Rift Valley,Turkana,Kakuma 2,3248,3.75,34.82,cereals and tubers,Potatoes (Irish),148,KG,aggregate,Retail,KES,93.33,0.72
2025-03-15,Rift Valley,Turkana,Kakuma 2,3248,3.75,34.82,cereals and tubers,Rice,52,KG,aggregate,Retail,KES,153.33,1.19
2025-03-15,Rift Valley,Turkana,Kakuma 2,3248,3.75,34.82,cereals and tubers,Sorghum,65,KG,aggregate,Retail,KES,40.0,0.31
2025-03-15,Rift Valley,Turkana,Kakuma 2,3248,3.75,34.82,"meat, fish and eggs",Meat (goat),451,KG,aggregate,Retail,KES,700.0,5.42
2025-03-15,Rift Valley,Turkana,Kakuma 2,3248,3.75,34.82,milk and dairy,Milk (UHT),794,500 ML,aggregate,Retail,KES,80.0,0.62
2025-03-15,Rift Valley,Turkana,Kakuma 2,3248,3.75,34.82,oil and fats,Oil (vegetable),96,L,aggregate,Retail,KES,300.0,2.32
2025-03-15,Rift Valley,Turkana,Kakuma 3,3251,3.77,34.82,cereals and tubers,Maize,51,KG,aggregate,Retail,KES,55.0,0.43
2025-03-15,Rift Valley,Turkana,Kakuma 3,3251,3.77,34.82,cereals and tubers,Maize flour,76,KG,aggregate,Retail,KES,75.0,0.58
2025-03-15,Rift Valley,Turkana,Kakuma 3,3251,3.77,34.82,cereals and tubers,Rice,52,KG,aggregate,Retail,KES,170.0,1.32
2025-03-15,Rift Valley,Turkana,Kakuma 3,3251,3.77,34.82,"meat, fish and eggs",Meat (beef),141,KG,aggregate,Retail,KES,600.0,4.65
2025-03-15,Rift Valley,Turkana,Kakuma 3,3251,3.77,34.82,"meat, fish and eggs",Meat (goat),451,KG,aggregate,Retail,KES,700.0,5.42
2025-03-15,Rift Valley,Turkana,Kakuma 3,3251,3.77,34.82,milk and dairy,Milk (UHT),794,500 ML,aggregate,Retail,KES,80.0,0.62
2025-03-15,Rift Valley,Turkana,Kakuma 4,3249,3.74,34.81,cereals and tubers,Maize,51,KG,aggregate,Retail,KES,62.5,0.48
2025-03-15,Rift Valley,Turkana,Kakuma 4,3249,3.74,34.81,cereals and tubers,Maize flour,76,KG,aggregate,Retail,KES,77.5,0.6
2025-03-15,Rift Valley,Turkana,Kakuma 4,3249,3.74,34.81,cereals and tubers,Potatoes (Irish),148,KG,aggregate,Retail,KES,96.67,0.75
2025-03-15,Rift Valley,Turkana,Kakuma 4,3249,3.74,34.81,cereals and tubers,Rice,52,KG,aggregate,Retail,KES,125.0,0.97
2025-03-15,Rift Valley,Turkana,Kakuma 4,3249,3.74,34.81,"meat, fish and eggs",Meat (beef),141,KG,aggregate,Retail,KES,600.0,4.65
2025-03-15,Rift Valley,Turkana,Kakuma 4,3249,3.74,34.81,"meat, fish and eggs",Meat (goat),451,KG,aggregate,Retail,KES,700.0,5.42
2025-03-15,Rift Valley,Turkana,Kakuma 4,3249,3.74,34.81,milk and dairy,Milk (UHT),794,500 ML,aggregate,Retail,KES,77.5,0.6
2025-03-15,Rift Valley,Turkana,Kakuma 4,3249,3.74,34.81,pulses and nuts,Beans (dry),262,KG,aggregate,Retail,KES,155.0,1.2
2025-03-15,Rift Valley,Turkana,Kalobeyei (Village 1),3244,3.77,34.73,cereals and tubers,Maize flour,76,KG,aggregate,Retail,KES,80.0,0.62
2025-03-15,Rift Valley,Turkana,Kalobeyei (Village 1),3244,3.77,34.73,cereals and tubers,Potatoes (Irish),148,KG,aggregate,Retail,KES,100.0,0.77
2025-03-15,Rift Valley,Turkana,Kalobeyei (Village 1),3244,3.77,34.73,cereals and tubers,Rice,52,KG,aggregate,Retail,KES,120.0,0.93
2025-03-15,Rift Valley,Turkana,Kalobeyei (Village 1),3244,3.77,34.73,"meat, fish and eggs",Meat (goat),451,KG,aggregate,Retail,KES,700.0,5.42
2025-03-15,Rift Valley,Turkana,Kalobeyei (Village 1),3244,3.77,34.73,milk and dairy,Milk (UHT),794,500 ML,aggregate,Retail,KES,76.67,0.59
2025-03-15,Rift Valley,Turkana,Kalobeyei (Village 1),3244,3.77,34.73,oil and fats,Oil (vegetable),96,L,aggregate,Retail,KES,300.0,2.32
2025-03-15,Rift Valley,Turkana,Kalobeyei (Village 1),3244,3.77,34.73,pulses and nuts,Beans (dry),262,KG,aggregate,Retail,KES,136.67,1.06
2025-03-15,Rift Valley,Turkana,Kalobeyei (Village 2),3246,3.76,34.75,cereals and tubers,Maize flour,76,KG,aggregate,Retail,KES,77.5,0.6
2025-03-15,Rift Valley,Turkana,Kalobeyei (Village 2),3246,3.76,34.75,cereals and tubers,Potatoes (Irish),148,KG,aggregate,Retail,KES,90.0,0.7
2025-03-15,Rift Valley,Turkana,Kalobeyei (Village 2),3246,3.76,34.75,"meat, fish and eggs",Meat (beef),141,KG,aggregate,Retail,KES,600.0,4.65
2025-03-15,Rift Valley,Turkana,Kalobeyei (Village 2),3246,3.76,34.75,"meat, fish and eggs",Meat (camel),344,KG,aggregate,Retail,KES,600.0,4.65
2025-03-15,Rift Valley,Turkana,Kalobeyei (Village 2),3246,3.76,34.75,milk and dairy,Milk (UHT),794,500 ML,aggregate,Retail,KES,75.0,0.58
2025-03-15,Rift Valley,Turkana,Kalobeyei (Village 2),3246,3.76,34.75,miscellaneous food,Salt,185,200 G,aggregate,Retail,KES,12.5,0.097
2025-03-15,Rift Valley,Turkana,Kalobeyei (Village 2),3246,3.76,34.75,pulses and nuts,Beans (dry),262,KG,aggregate,Retail,KES,150.0,1.16
2025-03-15,Rift Valley,Turkana,Kalobeyei (Village 3),3247,3.75,34.76,cereals and tubers,Maize,51,KG,aggregate,Retail,KES,60.0,0.46
2025-03-15,Rift Valley,Turkana,Kalobeyei (Village 3),3247,3.75,34.76,cereals and tubers,Maize flour,76,KG,aggregate,Retail,KES,80.0,0.62
2025-03-15,Rift Valley,Turkana,Kalobeyei (Village 3),3247,3.75,34.76,cereals and tubers,Potatoes (Irish),148,KG,aggregate,Retail,KES,100.0,0.77
2025-03-15,Rift Valley,Turkana,Kalobeyei (Village 3),3247,3.75,34.76,cereals and tubers,Rice,52,KG,aggregate,Retail,KES,127.5,0.99
2025-03-15,Rift Valley,Turkana,Kalobeyei (Village 3),3247,3.75,34.76,"meat, fish and eggs",Meat (beef),141,KG,aggregate,Retail,KES,600.0,4.65
2025-03-15,Rift Valley,Turkana,Kalobeyei (Village 3),3247,3.75,34.76,"meat, fish and eggs",Meat (goat),451,KG,aggregate,Retail,KES,700.0,5.42
2025-03-15,Rift Valley,Turkana,Kalobeyei (Village 3),3247,3.75,34.76,milk and dairy,Milk (UHT),794,500 ML,aggregate,Retail,KES,77.5,0.6
2025-03-15,Rift Valley,Turkana,Mogadishu (Kakuma),3245,3.72,34.85,cereals and tubers,Maize,51,KG,aggregate,Retail,KES,85.0,0.66
2025-03-15,Rift Valley,Turkana,Mogadishu (Kakuma),3245,3.72,34.85,cereals and tubers,Maize flour,76,KG,aggregate,Retail,KES,86.67,0.67
2025-03-15,Rift Valley,Turkana,Mogadishu (Kakuma),3245,3.72,34.85,cereals and tubers,Potatoes (Irish),148,KG,aggregate,Retail,KES,80.0,0.62
2025-03-15,Rift Valley,Turkana,Mogadishu (Kakuma),3245,3.72,34.85,cereals and tubers,Sorghum,65,KG,aggregate,Retail,KES,60.0,0.46
2025-03-15,Rift Valley,Turkana,Mogadishu (Kakuma),3245,3.72,34.85,"meat, fish and eggs",Meat (beef),141,KG,aggregate,Retail,KES,600.0,4.65
2025-03-15,Rift Valley,Turkana,Mogadishu (Kakuma),3245,3.72,34.85,"meat, fish and eggs",Meat (goat),451,KG,aggregate,Retail,KES,700.0,5.42
2025-03-15,Rift Valley,Turkana,Mogadishu (Kakuma),3245,3.72,34.85,milk and dairy,Milk (UHT),794,500 ML,aggregate,Retail,KES,93.33,0.72
2025-03-15,Rift Valley,Turkana,Mogadishu (Kakuma),3245,3.72,34.85,oil and fats,Oil (vegetable),96,L,aggregate,Retail,KES,316.67,2.45
2025-03-15,Rift Valley,Turkana,Mogadishu (Kakuma),3245,3.72,34.85,pulses and nuts,Beans (dry),262,KG,aggregate,Retail,KES,166.67,1.29
2025-03-15,Rift Valley,Turkana,Mogadishu (Kakuma),3245,3.72,34.85,vegetables and fruits,Bananas,254,Unit,aggregate,Retail,KES,20.0,0.15
2025-04-15,North Eastern,Garissa,IFO (Daadab),3255,0.11,40.32,cereals and tubers,Maize flour,76,KG,aggregate,Retail,KES,100.0,0.77
2025-04-15,North Eastern,Garissa,IFO (Daadab),3255,0.11,40.32,cereals and tubers,Potatoes (Irish),148,KG,aggregate,Retail,KES,100.0,0.77
2025-04-15,North Eastern,Garissa,IFO (Daadab),3255,0.11,40.32,cereals and tubers,Rice,52,KG,aggregate,Retail,KES,113.33,0.88
2025-04-15,North Eastern,Garissa,IFO (Daadab),3255,0.11,40.32,cereals and tubers,Wheat flour,58,KG,aggregate,Retail,KES,100.0,0.77
2025-04-15,North Eastern,Garissa,IFO (Daadab),3255,0.11,40.32,miscellaneous food,Salt,185,200 G,aggregate,Retail,KES,10.0,0.077
2025-04-15,North Eastern,Garissa,IFO (Daadab),3255,0.11,40.32,oil and fats,Oil (vegetable),96,L,aggregate,Retail,KES,280.0,2.16
2025-04-15,Rift Valley,Turkana,Kakuma 2,3248,3.75,34.82,cereals and tubers,Maize flour,76,KG,aggregate,Retail,KES,80.0,0.62
2025-04-15,Rift Valley,Turkana,Kakuma 2,3248,3.75,34.82,cereals and tubers,Rice,52,KG,aggregate,Retail,KES,146.67,1.13
2025-04-15,Rift Valley,Turkana,Kakuma 2,3248,3.75,34.82,"meat, fish and eggs",Meat (beef),141,KG,aggregate,Retail,KES,600.0,4.63
2025-04-15,Rift Valley,Turkana,Kakuma 2,3248,3.75,34.82,"meat, fish and eggs",Meat (goat),451,KG,aggregate,Retail,KES,700.0,5.41
2025-04-15,Rift Valley,Turkana,Kakuma 2,3248,3.75,34.82,miscellaneous food,Salt,185,200 G,aggregate,Retail,KES,10.0,0.077
2025-04-15,Rift Valley,Turkana,Kakuma 2,3248,3.75,34.82,miscellaneous food,Sugar,97,KG,aggregate,Retail,KES,165.0,1.27
2025-04-15,Rift Valley,Turkana,Kakuma 2,3248,3.75,34.82,oil and fats,Oil (vegetable),96,L,aggregate,Retail,KES,296.67,2.29
2025-04-15,Rift Valley,Turkana,Kakuma 3,3251,3.77,34.82,cereals and tubers,Maize,51,KG,aggregate,Retail,KES,64.17,0.5
2025-04-15,Rift Valley,Turkana,Kakuma 3,3251,3.77,34.82,cereals and tubers,Maize flour,76,KG,aggregate,Retail,KES,81.38,0.63
2025-04-15,Rift Valley,Turkana,Kakuma 3,3251,3.77,34.82,cereals and tubers,Potatoes (Irish),148,KG,aggregate,Retail,KES,84.58,0.65
2025-04-15,Rift Valley,Turkana,Kakuma 3,3251,3.77,34.82,"meat, fish and eggs",Meat (beef),141,KG,aggregate,Retail,KES,612.5,4.73
2025-04-15,Rift Valley,Turkana,Kakuma 3,3251,3.77,34.82,"meat, fish and eggs",Meat (goat),451,KG,aggregate,Retail,KES,775.0,5.99
2025-04-15,Rift Valley,Turkana,Kakuma 3,3251,3.77,34.82,miscellaneous food,Salt,185,200 G,aggregate,Retail,KES,10.0,0.077
2025-04-15,Rift Valley,Turkana,Kakuma 3,3251,3.77,34.82,miscellaneous food,Sugar,97,KG,aggregate,Retail,KES,171.25,1.32
2025-04-15,Rift Valley,Turkana,Kakuma 3,3251,3.77,34.82,oil and fats,Oil (vegetable),96,L,aggregate,Retail,KES,289.75,2.24
2025-04-15,Rift Valley,Turkana,Kakuma 3,3251,3.77,34.82,pulses and nuts,Beans (dry),262,KG,aggregate,Retail,KES,153.0,1.18
2025-04-15,Rift Valley,Turkana,Kakuma 4,3249,3.74,34.81,cereals and tubers,Maize flour,76,KG,aggregate,Retail,KES,75.83,0.59
2025-04-15,Rift Valley,Turkana,Kakuma 4,3249,3.74,34.81,cereals and tubers,Rice,52,KG,aggregate,Retail,KES,140.0,1.08
2025-04-15,Rift Valley,Turkana,Kakuma 4,3249,3.74,34.81,cereals and tubers,Wheat flour,58,KG,aggregate,Retail,KES,85.83,0.66
2025-04-15,Rift Valley,Turkana,Kakuma 4,3249,3.74,34.81,"meat, fish and eggs",Meat (beef),141,KG,aggregate,Retail,KES,616.67,4.76
2025-04-15,Rift Valley,Turkana,Kakuma 4,3249,3.74,34.81,"meat, fish and eggs",Meat (goat),451,KG,aggregate,Retail,KES,716.67,5.54
2025-04-15,Rift Valley,Turkana,Kakuma 4,3249,3.74,34.81,milk and dairy,Milk (UHT),794,500 ML,aggregate,Retail,KES,83.33,0.64
2025-04-15,Rift Valley,Turkana,Kakuma 4,3249,3.74,34.81,miscellaneous food,Sugar,97,KG,aggregate,Retail,KES,158.33,1.22
2025-04-15,Rift Valley,Turkana,Kakuma 4,3249,3.74,34.81,pulses and nuts,Beans (dry),262,KG,aggregate,Retail,KES,151.67,1.17
2025-04-15,Rift Valley,Turkana,Kakuma 4,3249,3.74,34.81,vegetables and fruits,Bananas,254,Unit,aggregate,Retail,KES,20.0,0.15
2025-05-15,North Eastern,Garissa,Dagahaley (Daadab),3252,0.19,40.29,cereals and tubers,Maize flour,76,KG,aggregate,Retail,KES,97.55,0.75
2025-05-15,North Eastern,Garissa,Dagahaley (Daadab),3252,0.19,40.29,cereals and tubers,Potatoes (Irish),148,KG,aggregate,Retail,KES,73.72,0.57
2025-05-15,North Eastern,Garissa,Dagahaley (Daadab),3252,0.19,40.29,cereals and tubers,Rice,52,KG,aggregate,Retail,KES,119.08,0.92
2025-05-15,North Eastern,Garissa,Dagahaley (Daadab),3252,0.19,40.29,"meat, fish and eggs",Meat (camel),344,KG,aggregate,Retail,KES,600.0,4.64
2025-05-15,North Eastern,Garissa,Dagahaley (Daadab),3252,0.19,40.29,"meat, fish and eggs",Meat (goat),451,KG,aggregate,Retail,KES,800.0,6.19
2025-05-15,North Eastern,Garissa,Dagahaley (Daadab),3252,0.19,40.29,milk and dairy,Milk (UHT),794,500 ML,aggregate,Retail,KES,57.0,0.44
2025-05-15,North Eastern,Garissa,Dagahaley (Daadab),3252,0.19,40.29,milk and dairy,"Milk (camel, fresh)",817,L,aggregate,Retail,KES,182.21,1.41
2025-05-15,North Eastern,Garissa,Dagahaley (Daadab),3252,0.19,40.29,milk and dairy,"Milk (cow, fresh)",439,L,aggregate,Retail,KES,181.96,1.41
2025-05-15,North Eastern,Garissa,Dagahaley (Daadab),3252,0.19,40.29,miscellaneous food,Salt,185,200 G,aggregate,Retail,KES,10.0,0.077
2025-05-15,North Eastern,Garissa,Dagahaley (Daadab),3252,0.19,40.29,miscellaneous food,Sugar,97,KG,aggregate,Retail,KES,137.81,1.07
2025-05-15,North Eastern,Garissa,Dagahaley (Daadab),3252,0.19,40.29,pulses and nuts,Beans (dry),262,KG,aggregate,Retail,KES,131.99,1.02
2025-05-15,North Eastern,Garissa,Dagahaley (Daadab),3252,0.19,40.29,vegetables and fruits,Bananas,254,Unit,aggregate,Retail,KES,10.0,0.077
2025-05-15,North Eastern,Garissa,Hagadera (Daadab),3254,0.01,40.37,cereals and tubers,Maize,51,KG,aggregate,Retail,KES,60.0,0.46
2025-05-15,North Eastern,Garissa,Hagadera (Daadab),3254,0.01,40.37,cereals and tubers,Potatoes (Irish),148,KG,aggregate,Retail,KES,78.43,0.61
2025-05-15,North Eastern,Garissa,Hagadera (Daadab),3254,0.01,40.37,cereals and tubers,Rice,52,KG,aggregate,Retail,KES,114.9,0.89
2025-05-15,North Eastern,Garissa,Hagadera (Daadab),3254,0.01,40.37,cereals and tubers,Sorghum,65,KG,aggregate,Retail,KES,50.0,0.39
2025-05-15,North Eastern,Garissa,Hagadera (Daadab),3254,0.01,40.37,"meat, fish and eggs",Meat (goat),451,KG,aggregate,Retail,KES,750.0,5.8
2025-05-15,North Eastern,Garissa,Hagadera (Daadab),3254,0.01,40.37,miscellaneous food,Salt,185,200 G,aggregate,Retail,KES,10.0,0.077
2025-05-15,North Eastern,Garissa,Hagadera (Daadab),3254,0.01,40.37,miscellaneous food,Sugar,97,KG,aggregate,Retail,KES,140.72,1.09
2025-05-15,North Eastern,Garissa,Hagadera (Daadab),3254,0.01,40.37,pulses and nuts,Beans (dry),262,KG,aggregate,Retail,KES,134.13,1.04
2025-05-15,North Eastern,Garissa,IFO (Daadab),3255,0.11,40.32,cereals and tubers,Maize,51,KG,aggregate,Retail,KES,70.0,0.54
2025-05-15,North Eastern,Garissa,IFO (Daadab),3255,0.11,40.32,cereals and tubers,Maize flour,76,KG,aggregate,Retail,KES,100.0,0.77
2025-05-15,North Eastern,Garissa,IFO (Daadab),3255,0.11,40.32,cereals and tubers,Rice,52,KG,aggregate,Retail,KES,119.34,0.92
2025-05-15,North Eastern,Garissa,IFO (Daadab),3255,0.11,40.32,"meat, fish and eggs",Meat (camel),344,KG,aggregate,Retail,KES,660.37,5.11
2025-05-15,North Eastern,Garissa,IFO (Daadab),3255,0.11,40.32,milk and dairy,"Milk (camel, fresh)",817,L,aggregate,Retail,KES,200.0,1.55
2025-05-15,North Eastern,Garissa,IFO (Daadab),3255,0.11,40.32,miscellaneous food,Salt,185,200 G,aggregate,Retail,KES,10.0,0.077
2025-05-15,North Eastern,Garissa,IFO (Daadab),3255,0.11,40.32,miscellaneous food,Sugar,97,KG,aggregate,Retail,KES,131.62,1.02
2025-05-15,North Eastern,Garissa,IFO (Daadab),3255,0.11,40.32,oil and fats,Oil (vegetable),96,L,aggregate,Retail,KES,286.76,2.22
2025-05-15,North Eastern,Garissa,IFO (Daadab),3255,0.11,40.32,pulses and nuts,Beans (dry),262,KG,aggregate,Retail,KES,132.07,1.02
2025-05-15,Rift Valley,Turkana,Kakuma 3,3251,3.77,34.82,cereals and tubers,Maize,51,KG,aggregate,Retail,KES,70.0,0.54
2025-05-15,Rift Valley,Turkana,Kakuma 3,3251,3.77,34.82,cereals and tubers,Maize flour,76,KG,aggregate,Retail,KES,85.0,0.66
2025-05-15,Rift Valley,Turkana,Kakuma 3,3251,3.77,34.82,cereals and tubers,Potatoes (Irish),148,KG,aggregate,Retail,KES,73.33,0.57
2025-05-15,Rift Valley,Turkana,Kakuma 3,3251,3.77,34.82,cereals and tubers,Wheat flour,58,KG,aggregate,Retail,KES,90.0,0.7
2025-05-15,Rift Valley,Turkana,Kakuma 3,3251,3.77,34.82,"meat, fish and eggs",Meat (goat),451,KG,aggregate,Retail,KES,633.33,4.9
2025-05-15,Rift Valley,Turkana,Kakuma 3,3251,3.77,34.82,milk and dairy,Milk (UHT),794,500 ML,aggregate,Retail,KES,75.0,0.58
2025-05-15,Rift Valley,Turkana,Kakuma 3,3251,3.77,34.82,miscellaneous food,Salt,185,200 G,aggregate,Retail,KES,10.0,0.077
2025-05-15,Rift Valley,Turkana,Kakuma 3,3251,3.77,34.82,miscellaneous food,Sugar,97,KG,aggregate,Retail,KES,175.0,1.35
2025-05-15,Rift Valley,Turkana,Kakuma 3,3251,3.77,34.82,oil and fats,Oil (vegetable),96,L,aggregate,Retail,KES,275.0,2.13
2025-05-15,Rift Valley,Turkana,Kakuma 3,3251,3.77,34.82,pulses and nuts,Beans (dry),262,KG,aggregate,Retail,KES,160.0,1.24
2025-05-15,Rift Valley,Turkana,Kakuma 3,3251,3.77,34.82,vegetables and fruits,Bananas,254,Unit,aggregate,Retail,KES,20.0,0.15
2025-05-15,Rift Valley,Turkana,Kakuma 4,3249,3.74,34.81,cereals and tubers,Maize,51,KG,aggregate,Retail,KES,67.5,0.52
2025-05-15,Rift Valley,Turkana,Kakuma 4,3249,3.74,34.81,cereals and tubers,Maize flour,76,KG,aggregate,Retail,KES,90.0,0.7
2025-05-15,Rift Valley,Turkana,Kakuma 4,3249,3.74,34.81,cereals and tubers,Sorghum,65,KG,aggregate,Retail,KES,60.0,0.46
2025-05-15,Rift Valley,Turkana,Kakuma 4,3249,3.74,34.81,cereals and tubers,Wheat flour,58,KG,aggregate,Retail,KES,85.0,0.66
2025-05-15,Rift Valley,Turkana,Kakuma 4,3249,3.74,34.81,"meat, fish and eggs",Meat (beef),141,KG,aggregate,Retail,KES,700.0,5.42
2025-05-15,Rift Valley,Turkana,Kakuma 4,3249,3.74,34.81,"meat, fish and eggs",Meat (goat),451,KG,aggregate,Retail,KES,700.0,5.42
2025-05-15,Rift Valley,Turkana,Kakuma 4,3249,3.74,34.81,milk and dairy,Milk (UHT),794,500 ML,aggregate,Retail,KES,90.0,0.7
2025-05-15,Rift Valley,Turkana,Kakuma 4,3249,3.74,34.81,miscellaneous food,Salt,185,200 G,aggregate,Retail,KES,12.5,0.097
2025-05-15,Rift Valley,Turkana,Kakuma 4,3249,3.74,34.81,miscellaneous food,Sugar,97,KG,aggregate,Retail,KES,180.0,1.39
2025-05-15,Rift Valley,Turkana,Kakuma 4,3249,3.74,34.81,pulses and nuts,Beans (dry),262,KG,aggregate,Retail,KES,155.0,1.2
2025-05-15,Rift Valley,Turkana,Kalobeyei (Village 1),3244,3.77,34.73,cereals and tubers,Maize,51,KG,aggregate,Retail,KES,63.33,0.49
2025-05-15,Rift Valley,Turkana,Kalobeyei (Village 1),3244,3.77,34.73,cereals and tubers,Maize flour,76,KG,aggregate,Retail,KES,90.0,0.7
2025-05-15,Rift Valley,Turkana,Kalobeyei (Village 1),3244,3.77,34.73,cereals and tubers,Potatoes (Irish),148,KG,aggregate,Retail,KES,83.33,0.64
2025-05-15,Rift Valley,Turkana,Kalobeyei (Village 1),3244,3.77,34.73,cereals and tubers,Rice,52,KG,aggregate,Retail,KES,113.33,0.88
2025-05-15,Rift Valley,Turkana,Kalobeyei (Village 1),3244,3.77,34.73,cereals and tubers,Wheat flour,58,KG,aggregate,Retail,KES,86.67,0.67
2025-05-15,Rift Valley,Turkana,Kalobeyei (Village 1),3244,3.77,34.73,"meat, fish and eggs",Meat (beef),141,KG,aggregate,Retail,KES,600.0,4.64
2025-05-15,Rift Valley,Turkana,Kalobeyei (Village 1),3244,3.77,34.73,"meat, fish and eggs",Meat (goat),451,KG,aggregate,Retail,KES,600.0,4.64
2025-05-15,Rift Valley,Turkana,Kalobeyei (Village 1),3244,3.77,34.73,milk and dairy,Milk (UHT),794,500 ML,aggregate,Retail,KES,80.0,0.62
2025-05-15,Rift Valley,Turkana,Kalobeyei (Village 1),3244,3.77,34.73,miscellaneous food,Salt,185,200 G,aggregate,Retail,KES,10.0,0.077
2025-05-15,Rift Valley,Turkana,Kalobeyei (Village 1),3244,3.77,34.73,miscellaneous food,Sugar,97,KG,aggregate,Retail,KES,173.33,1.34
2025-05-15,Rift Valley,Turkana,Kalobeyei (Village 1),3244,3.77,34.73,oil and fats,Oil (vegetable),96,L,aggregate,Retail,KES,300.0,2.32
2025-05-15,Rift Valley,Turkana,Kalobeyei (Village 1),3244,3.77,34.73,vegetables and fruits,Bananas,254,Unit,aggregate,Retail,KES,20.0,0.15
2025-05-15,Rift Valley,Turkana,Kalobeyei (Village 2),3246,3.76,34.75,cereals and tubers,Maize,51,KG,aggregate,Retail,KES,60.0,0.46
2025-05-15,Rift Valley,Turkana,Kalobeyei (Village 2),3246,3.76,34.75,cereals and tubers,Maize flour,76,KG,aggregate,Retail,KES,85.0,0.66
2025-05-15,Rift Valley,Turkana,Kalobeyei (Village 2),3246,3.76,34.75,cereals and tubers,Rice,52,KG,aggregate,Retail,KES,170.0,1.32
2025-05-15,Rift Valley,Turkana,Kalobeyei (Village 2),3246,3.76,34.75,"meat, fish and eggs",Meat (camel),344,KG,aggregate,Retail,KES,700.0,5.42
2025-05-15,Rift Valley,Turkana,Kalobeyei (Village 2),3246,3.76,34.75,"meat, fish and eggs",Meat (goat),451,KG,aggregate,Retail,KES,700.0,5.42
2025-05-15,Rift Valley,Turkana,Kalobeyei (Village 2),3246,3.76,34.75,milk and dairy,Milk (UHT),794,500 ML,aggregate,Retail,KES,70.0,0.54
2025-05-15,Rift Valley,Turkana,Kalobeyei (Village 2),3246,3.76,34.75,miscellaneous food,Salt,185,200 G,aggregate,Retail,KES,15.0,0.12
2025-05-15,Rift Valley,Turkana,Kalobeyei (Village 2),3246,3.76,34.75,miscellaneous food,Sugar,97,KG,aggregate,Retail,KES,180.0,1.39
2025-05-15,Rift Valley,Turkana,Kalobeyei (Village 2),3246,3.76,34.75,oil and fats,Oil (vegetable),96,L,aggregate,Retail,KES,320.0,2.48
2025-05-15,Rift Valley,Turkana,Kalobeyei (Village 3),3247,3.75,34.76,cereals and tubers,Maize flour,76,KG,aggregate,Retail,KES,80.0,0.62
2025-05-15,Rift Valley,Turkana,Kalobeyei (Village 3),3247,3.75,34.76,cereals and tubers,Rice,52,KG,aggregate,Retail,KES,145.0,1.12
2025-05-15,Rift Valley,Turkana,Kalobeyei (Village 3),3247,3.75,34.76,"meat, fish and eggs",Meat (beef),141,KG,aggregate,Retail,KES,600.0,4.64
2025-05-15,Rift Valley,Turkana,Kalobeyei (Village 3),3247,3.75,34.76,milk and dairy,Milk (UHT),794,500 ML,aggregate,Retail,KES,75.0,0.58
2025-05-15,Rift Valley,Turkana,Kalobeyei (Village 3),3247,3.75,34.76,miscellaneous food,Sugar,97,KG,aggregate,Retail,KES,180.0,1.39
2025-05-15,Rift Valley,Turkana,Kalobeyei (Village 3),3247,3.75,34.76,pulses and nuts,Beans (dry),262,KG,aggregate,Retail,KES,130.0,1.01
2025-06-15,North Eastern,Garissa,Dagahaley (Daadab),3252,0.19,40.29,cereals and tubers,Potatoes (Irish),148,KG,aggregate,Retail,KES,60.57,0.47
2025-06-15,North Eastern,Garissa,Dagahaley (Daadab),3252,0.19,40.29,cereals and tubers,Rice,52,KG,aggregate,Retail,KES,120.2,0.93
2025-06-15,North Eastern,Garissa,Dagahaley (Daadab),3252,0.19,40.29,"meat, fish and eggs",Meat (goat),451,KG,aggregate,Retail,KES,800.0,6.19
2025-06-15,North Eastern,Garissa,Dagahaley (Daadab),3252,0.19,40.29,milk and dairy,Milk (UHT),794,500 ML,aggregate,Retail,KES,57.33,0.44
2025-06-15,North Eastern,Garissa,Dagahaley (Daadab),3252,0.19,40.29,milk and dairy,"Milk (cow, fresh)",439,L,aggregate,Retail,KES,119.0,0.92
2025-06-15,North Eastern,Garissa,Dagahaley (Daadab),3252,0.19,40.29,pulses and nuts,Beans (dry),262,KG,aggregate,Retail,KES,146.69,1.13
2025-06-15,North Eastern,Garissa,Dagahaley (Daadab),3252,0.19,40.29,vegetables and fruits,Bananas,254,Unit,aggregate,Retail,KES,10.0,0.077
2025-06-15,North Eastern,Garissa,Hagadera (Daadab),3254,0.01,40.37,cereals and tubers,Maize,51,KG,aggregate,Retail,KES,70.0,0.54
2025-06-15,North Eastern,Garissa,Hagadera (Daadab),3254,0.01,40.37,cereals and tubers,Potatoes (Irish),148,KG,aggregate,Retail,KES,63.44,0.49
2025-06-15,North Eastern,Garissa,Hagadera (Daadab),3254,0.01,40.37,"meat, fish and eggs",Meat (camel),344,KG,aggregate,Retail,KES,600.0,4.64
2025-06-15,North Eastern,Garissa,Hagadera (Daadab),3254,0.01,40.37,"meat, fish and eggs",Meat (goat),451,KG,aggregate,Retail,KES,800.0,6.19
2025-06-15,North Eastern,Garissa,Hagadera (Daadab),3254,0.01,40.37,oil and fats,Oil (vegetable),96,L,aggregate,Retail,KES,267.06,2.07
2025-06-15,North Eastern,Garissa,Hagadera (Daadab),3254,0.01,40.37,pulses and nuts,Beans (dry),262,KG,aggregate,Retail,KES,130.97,1.01
2025-06-15,North Eastern,Garissa,IFO (Daadab),3255,0.11,40.32,cereals and tubers,Potatoes (Irish),148,KG,aggregate,Retail,KES,63.31,0.49
2025-06-15,North Eastern,Garissa,IFO (Daadab),3255,0.11,40.32,cereals and tubers,Rice,52,KG,aggregate,Retail,KES,118.25,0.91
2025-06-15,North Eastern,Garissa,IFO (Daadab),3255,0.11,40.32,"meat, fish and eggs",Meat (camel),344,KG,aggregate,Retail,KES,695.47,5.38
2025-06-15,North Eastern,Garissa,IFO (Daadab),3255,0.11,40.32,"meat, fish and eggs",Meat (goat),451,KG,aggregate,Retail,KES,793.06,6.14
2025-06-15,North Eastern,Garissa,IFO (Daadab),3255,0.11,40.32,pulses and nuts,Beans (dry),262,KG,aggregate,Retail,KES,138.07,1.07
2025-06-15,North Eastern,Garissa,IFO (Daadab),3255,0.11,40.32,vegetables and fruits,Bananas,254,Unit,aggregate,Retail,KES,10.0,0.077
2025-06-15,Rift Valley,Turkana,Ethiopia (Kakuma),3253,3.72,34.85,cereals and tubers,Maize,51,KG,aggregate,Retail,KES,70.0,0.54
2025-06-15,Rift Valley,Turkana,Ethiopia (Kakuma),3253,3.72,34.85,cereals and tubers,Maize flour,76,KG,aggregate,Retail,KES,95.0,0.73
2025-06-15,Rift Valley,Turkana,Ethiopia (Kakuma),3253,3.72,34.85,cereals and tubers,Potatoes (Irish),148,KG,aggregate,Retail,KES,65.0,0.5
2025-06-15,Rift Valley,Turkana,Ethiopia (Kakuma),3253,3.72,34.85,cereals and tubers,Rice,52,KG,aggregate,Retail,KES,120.0,0.93
2025-06-15,Rift Valley,Turkana,Ethiopia (Kakuma),3253,3.72,34.85,cereals and tubers,Wheat flour,58,KG,aggregate,Retail,KES,95.0,0.73
2025-06-15,Rift Valley,Turkana,Ethiopia (Kakuma),3253,3.72,34.85,"meat, fish and eggs",Meat (beef),141,KG,aggregate,Retail,KES,600.0,4.64
2025-06-15,Rift Valley,Turkana,Ethiopia (Kakuma),3253,3.72,34.85,milk and dairy,Milk (UHT),794,500 ML,aggregate,Retail,KES,100.0,0.77
2025-06-15,Rift Valley,Turkana,Ethiopia (Kakuma),3253,3.72,34.85,miscellaneous food,Salt,185,200 G,aggregate,Retail,KES,10.0,0.077
2025-06-15,Rift Valley,Turkana,Ethiopia (Kakuma),3253,3.72,34.85,miscellaneous food,Sugar,97,KG,aggregate,Retail,KES,180.0,1.39
2025-06-15,Rift Valley,Turkana,Ethiopia (Kakuma),3253,3.72,34.85,vegetables and fruits,Bananas,254,Unit,aggregate,Retail,KES,20.0,0.15
2025-06-15,Rift Valley,Turkana,HongKong (Kakuma),3250,3.75,34.84,cereals and tubers,Maize,51,KG,aggregate,Retail,KES,65.0,0.5
2025-06-15,Rift Valley,Turkana,HongKong (Kakuma),3250,3.75,34.84,cereals and tubers,Maize flour,76,KG,aggregate,Retail,KES,90.0,0.7
2025-06-15,Rift Valley,Turkana,HongKong (Kakuma),3250,3.75,34.84,cereals and tubers,Potatoes (Irish),148,KG,aggregate,Retail,KES,100.0,0.77
2025-06-15,Rift Valley,Turkana,HongKong (Kakuma),3250,3.75,34.84,cereals and tubers,Rice,52,KG,aggregate,Retail,KES,135.0,1.04
2025-06-15,Rift Valley,Turkana,HongKong (Kakuma),3250,3.75,34.84,cereals and tubers,Sorghum,65,KG,aggregate,Retail,KES,70.0,0.54
2025-06-15,Rift Valley,Turkana,HongKong (Kakuma),3250,3.75,34.84,"meat, fish and eggs",Meat (beef),141,KG,aggregate,Retail,KES,600.0,4.64
2025-06-15,Rift Valley,Turkana,HongKong (Kakuma),3250,3.75,34.84,"meat, fish and eggs",Meat (goat),451,KG,aggregate,Retail,KES,750.0,5.8
2025-06-15,Rift Valley,Turkana,HongKong (Kakuma),3250,3.75,34.84,milk and dairy,Milk (UHT),794,500 ML,aggregate,Retail,KES,95.0,0.73
2025-06-15,Rift Valley,Turkana,HongKong (Kakuma),3250,3.75,34.84,pulses and nuts,Beans (dry),262,KG,aggregate,Retail,KES,170.0,1.32
2025-06-15,Rift Valley,Turkana,HongKong (Kakuma),3250,3.75,34.84,vegetables and fruits,Bananas,254,Unit,aggregate,Retail,KES,20.0,0.15
2025-06-15,Rift Valley,Turkana,Kakuma 2,3248,3.75,34.82,cereals and tubers,Maize flour,76,KG,aggregate,Retail,KES,85.0,0.66
2025-06-15,Rift Valley,Turkana,Kakuma 2,3248,3.75,34.82,cereals and tubers,Potatoes (Irish),148,KG,aggregate,Retail,KES,63.33,0.49
2025-06-15,Rift Valley,Turkana,Kakuma 2,3248,3.75,34.82,cereals and tubers,Rice,52,KG,aggregate,Retail,KES,176.67,1.37
2025-06-15,Rift Valley,Turkana,Kakuma 2,3248,3.75,34.82,"meat, fish and eggs",Meat (camel),344,KG,aggregate,Retail,KES,600.0,4.64
2025-06-15,Rift Valley,Turkana,Kakuma 2,3248,3.75,34.82,"meat, fish and eggs",Meat (goat),451,KG,aggregate,Retail,KES,666.67,5.16
2025-06-15,Rift Valley,Turkana,Kakuma 2,3248,3.75,34.82,milk and dairy,Milk (UHT),794,500 ML,aggregate,Retail,KES,80.0,0.62
2025-06-15,Rift Valley,Turkana,Kakuma 2,3248,3.75,34.82,pulses and nuts,Beans (dry),262,KG,aggregate,Retail,KES,143.33,1.11
2025-06-15,Rift Valley,Turkana,Kakuma 2,3248,3.75,34.82,vegetables and fruits,Bananas,254,Unit,aggregate,Retail,KES,20.0,0.15
2025-06-15,Rift Valley,Turkana,Kakuma 3,3251,3.77,34.82,cereals and tubers,Maize,51,KG,aggregate,Retail,KES,63.33,0.49
2025-06-15,Rift Valley,Turkana,Kakuma 3,3251,3.77,34.82,cereals and tubers,Maize flour,76,KG,aggregate,Retail,KES,85.0,0.66
2025-06-15,Rift Valley,Turkana,Kakuma 3,3251,3.77,34.82,cereals and tubers,Potatoes (Irish),148,KG,aggregate,Retail,KES,70.0,0.54
2025-06-15,Rift Valley,Turkana,Kakuma 3,3251,3.77,34.82,cereals and tubers,Rice,52,KG,aggregate,Retail,KES,153.33,1.19
2025-06-15,Rift Valley,Turkana,Kakuma 3,3251,3.77,34.82,"meat, fish and eggs",Meat (beef),141,KG,aggregate,Retail,KES,600.0,4.64
2025-06-15,Rift Valley,Turkana,Kakuma 3,3251,3.77,34.82,"meat, fish and eggs",Meat (goat),451,KG,aggregate,Retail,KES,700.0,5.42
2025-06-15,Rift Valley,Turkana,Kakuma 3,3251,3.77,34.82,milk and dairy,Milk (UHT),794,500 ML,aggregate,Retail,KES,80.0,0.62
2025-06-15,Rift Valley,Turkana,Kakuma 3,3251,3.77,34.82,oil and fats,Oil (vegetable),96,L,aggregate,Retail,KES,290.0,2.24
2025-06-15,Rift Valley,Turkana,Kakuma 3,3251,3.77,34.82,pulses and nuts,Beans (dry),262,KG,aggregate,Retail,KES,160.0,1.24
2025-06-15,Rift Valley,Turkana,Kakuma 3,3251,3.77,34.82,vegetables and fruits,Bananas,254,Unit,aggregate,Retail,KES,20.0,0.15
2025-06-15,Rift Valley,Turkana,Kakuma 4,3249,3.74,34.81,cereals and tubers,Maize,51,KG,aggregate,Retail,KES,56.67,0.44
2025-06-15,Rift Valley,Turkana,Kakuma 4,3249,3.74,34.81,cereals and tubers,Potatoes (Irish),148,KG,aggregate,Retail,KES,66.67,0.52
2025-06-15,Rift Valley,Turkana,Kakuma 4,3249,3.74,34.81,"meat, fish and eggs",Meat (goat),451,KG,aggregate,Retail,KES,700.0,5.42
2025-06-15,Rift Valley,Turkana,Kakuma 4,3249,3.74,34.81,milk and dairy,Milk (UHT),794,500 ML,aggregate,Retail,KES,80.0,0.62
2025-06-15,Rift Valley,Turkana,Kakuma 4,3249,3.74,34.81,oil and fats,Oil (vegetable),96,L,aggregate,Retail,KES,286.67,2.22
2025-06-15,Rift Valley,Turkana,Kakuma 4,3249,3.74,34.81,pulses and nuts,Beans (dry),262,KG,aggregate,Retail,KES,163.33,1.26
2025-06-15,Rift Valley,Turkana,Kalobeyei (Village 1),3244,3.77,34.73,cereals and tubers,Maize,51,KG,aggregate,Retail,KES,57.5,0.44
2025-06-15,Rift Valley,Turkana,Kalobeyei (Village 1),3244,3.77,34.73,cereals and tubers,Potatoes (Irish),148,KG,aggregate,Retail,KES,90.0,0.7
2025-06-15,Rift Valley,Turkana,Kalobeyei (Village 1),3244,3.77,34.73,cereals and tubers,Rice,52,KG,aggregate,Retail,KES,113.33,0.88
2025-06-15,Rift Valley,Turkana,Kalobeyei (Village 1),3244,3.77,34.73,"meat, fish and eggs",Meat (goat),451,KG,aggregate,Retail,KES,600.0,4.64
2025-06-15,Rift Valley,Turkana,Kalobeyei (Village 1),3244,3.77,34.73,milk and dairy,Milk (UHT),794,500 ML,aggregate,Retail,KES,83.33,0.64
2025-06-15,Rift Valley,Turkana,Kalobeyei (Village 1),3244,3.77,34.73,miscellaneous food,Salt,185,200 G,aggregate,Retail,KES,10.0,0.077
2025-06-15,Rift Valley,Turkana,Kalobeyei (Village 1),3244,3.77,34.73,oil and fats,Oil (vegetable),96,L,aggregate,Retail,KES,300.0,2.32
2025-06-15,Rift Valley,Turkana,Kalobeyei (Village 1),3244,3.77,34.73,pulses and nuts,Beans (dry),262,KG,aggregate,Retail,KES,133.33,1.03
2025-06-15,Rift Valley,Turkana,Kalobeyei (Village 2),3246,3.76,34.75,cereals and tubers,Maize,51,KG,aggregate,Retail,KES,60.0,0.46
2025-06-15,Rift Valley,Turkana,Kalobeyei (Village 2),3246,3.76,34.75,cereals and tubers,Maize flour,76,KG,aggregate,Retail,KES,87.5,0.68
2025-06-15,Rift Valley,Turkana,Kalobeyei (Village 2),3246,3.76,34.75,cereals and tubers,Potatoes (Irish),148,KG,aggregate,Retail,KES,60.0,0.46
2025-06-15,Rift Valley,Turkana,Kalobeyei (Village 2),3246,3.76,34.75,cereals and tubers,Rice,52,KG,aggregate,Retail,KES,175.0,1.35
2025-06-15,Rift Valley,Turkana,Kalobeyei (Village 2),3246,3.76,34.75,cereals and tubers,Sorghum,65,KG,aggregate,Retail,KES,60.0,0.46
2025-06-15,Rift Valley,Turkana,Kalobeyei (Village 2),3246,3.76,34.75,"meat, fish and eggs",Meat (goat),451,KG,aggregate,Retail,KES,600.0,4.64
2025-06-15,Rift Valley,Turkana,Kalobeyei (Village 2),3246,3.76,34.75,milk and dairy,Milk (UHT),794,500 ML,aggregate,Retail,KES,75.0,0.58
2025-06-15,Rift Valley,Turkana,Kalobeyei (Village 2),3246,3.76,34.75,oil and fats,Oil (vegetable),96,L,aggregate,Retail,KES,310.0,2.4
2025-06-15,Rift Valley,Turkana,Kalobeyei (Village 2),3246,3.76,34.75,pulses and nuts,Beans (dry),262,KG,aggregate,Retail,KES,135.0,1.04
2025-06-15,Rift Valley,Turkana,Kalobeyei (Village 3),3247,3.75,34.76,cereals and tubers,Maize,51,KG,aggregate,Retail,KES,60.0,0.46
2025-06-15,Rift Valley,Turkana,Kalobeyei (Village 3),3247,3.75,34.76,cereals and tubers,Maize flour,76,KG,aggregate,Retail,KES,86.67,0.67
2025-06-15,Rift Valley,Turkana,Kalobeyei (Village 3),3247,3.75,34.76,cereals and tubers,Potatoes (Irish),148,KG,aggregate,Retail,KES,76.67,0.59
2025-06-15,Rift Valley,Turkana,Kalobeyei (Village 3),3247,3.75,34.76,cereals and tubers,Rice,52,KG,aggregate,Retail,KES,130.0,1.01
2025-06-15,Rift Valley,Turkana,Kalobeyei (Village 3),3247,3.75,34.76,"meat, fish and eggs",Meat (camel),344,KG,aggregate,Retail,KES,650.0,5.03
2025-06-15,Rift Valley,Turkana,Kalobeyei (Village 3),3247,3.75,34.76,"meat, fish and eggs",Meat (goat),451,KG,aggregate,Retail,KES,650.0,5.03
2025-06-15,Rift Valley,Turkana,Kalobeyei (Village 3),3247,3.75,34.76,milk and dairy,Milk (UHT),794,500 ML,aggregate,Retail,KES,76.67,0.59
2025-06-15,Rift Valley,Turkana,Kalobeyei (Village 3),3247,3.75,34.76,pulses and nuts,Beans (dry),262,KG,aggregate,Retail,KES,130.0,1.01
2025-06-15,Rift Valley,Turkana,Kalobeyei (Village 3),3247,3.75,34.76,vegetables and fruits,Bananas,254,Unit,aggregate,Retail,KES,18.33,0.14
2025-06-15,Rift Valley,Turkana,Mogadishu (Kakuma),3245,3.72,34.85,"meat, fish and eggs",Meat (camel),344,KG,aggregate,Retail,KES,500.0,3.87
2025-06-15,Rift Valley,Turkana,Mogadishu (Kakuma),3245,3.72,34.85,milk and dairy,Milk (UHT),794,500 ML,aggregate,Retail,KES,100.0,0.77
2025-06-15,Rift Valley,Turkana,Mogadishu (Kakuma),3245,3.72,34.85,miscellaneous food,Salt,185,200 G,aggregate,Retail,KES,10.0,0.077
2025-06-15,Rift Valley,Turkana,Mogadishu (Kakuma),3245,3.72,34.85,oil and fats,Oil (vegetable),96,L,aggregate,Retail,KES,300.0,2.32
2025-06-15,Rift Valley,Turkana,Mogadishu (Kakuma),3245,3.72,34.85,pulses and nuts,Beans (dry),262,KG,aggregate,Retail,KES,160.0,1.24
2025-07-15,North Eastern,Garissa,Dagahaley (Daadab),3252,0.19,40.29,cereals and tubers,Maize flour,76,KG,aggregate,Retail,KES,100.0,0.77
2025-07-15,North Eastern,Garissa,Dagahaley (Daadab),3252,0.19,40.29,cereals and tubers,Potatoes (Irish),148,KG,aggregate,Retail,KES,53.89,0.42
2025-07-15,North Eastern,Garissa,Dagahaley (Daadab),3252,0.19,40.29,cereals and tubers,Rice,52,KG,aggregate,Retail,KES,117.09,0.91
2025-07-15,North Eastern,Garissa,Dagahaley (Daadab),3252,0.19,40.29,cereals and tubers,Wheat flour,58,KG,aggregate,Retail,KES,100.58,0.78
2025-07-15,North Eastern,Garissa,Dagahaley (Daadab),3252,0.19,40.29,"meat, fish and eggs",Meat (camel),344,KG,aggregate,Retail,KES,600.0,4.64
2025-07-15,North Eastern,Garissa,Dagahaley (Daadab),3252,0.19,40.29,"meat, fish and eggs",Meat (goat),451,KG,aggregate,Retail,KES,800.0,6.19
2025-07-15,North Eastern,Garissa,Dagahaley (Daadab),3252,0.19,40.29,milk and dairy,Milk (UHT),794,500 ML,aggregate,Retail,KES,58.0,0.45
2025-07-15,North Eastern,Garissa,Dagahaley (Daadab),3252,0.19,40.29,milk and dairy,"Milk (camel, fresh)",817,L,aggregate,Retail,KES,200.0,1.55
2025-07-15,North Eastern,Garissa,Dagahaley (Daadab),3252,0.19,40.29,milk and dairy,"Milk (cow, fresh)",439,L,aggregate,Retail,KES,50.0,0.39
2025-07-15,North Eastern,Garissa,Dagahaley (Daadab),3252,0.19,40.29,miscellaneous food,Salt,185,200 G,aggregate,Retail,KES,10.0,0.077
2025-07-15,North Eastern,Garissa,Dagahaley (Daadab),3252,0.19,40.29,miscellaneous food,Sugar,97,KG,aggregate,Retail,KES,125.25,0.97
2025-07-15,North Eastern,Garissa,Dagahaley (Daadab),3252,0.19,40.29,pulses and nuts,Beans (dry),262,KG,aggregate,Retail,KES,141.93,1.1
2025-07-15,North Eastern,Garissa,Dagahaley (Daadab),3252,0.19,40.29,vegetables and fruits,Bananas,254,Unit,aggregate,Retail,KES,10.0,0.077
2025-07-15,North Eastern,Garissa,Hagadera (Daadab),3254,0.01,40.37,cereals and tubers,Maize flour,76,KG,aggregate,Retail,KES,100.0,0.77
2025-07-15,North Eastern,Garissa,Hagadera (Daadab),3254,0.01,40.37,cereals and tubers,Potatoes (Irish),148,KG,aggregate,Retail,KES,55.9,0.43
2025-07-15,North Eastern,Garissa,Hagadera (Daadab),3254,0.01,40.37,"meat, fish and eggs",Meat (camel),344,KG,aggregate,Retail,KES,600.0,4.64
2025-07-15,North Eastern,Garissa,Hagadera (Daadab),3254,0.01,40.37,"meat, fish and eggs",Meat (goat),451,KG,aggregate,Retail,KES,800.0,6.19
2025-07-15,North Eastern,Garissa,Hagadera (Daadab),3254,0.01,40.37,miscellaneous food,Salt,185,200 G,aggregate,Retail,KES,10.0,0.077
2025-07-15,North Eastern,Garissa,Hagadera (Daadab),3254,0.01,40.37,miscellaneous food,Sugar,97,KG,aggregate,Retail,KES,134.78,1.04
2025-07-15,North Eastern,Garissa,Hagadera (Daadab),3254,0.01,40.37,oil and fats,Oil (vegetable),96,L,aggregate,Retail,KES,289.37,2.24
2025-07-15,North Eastern,Garissa,Hagadera (Daadab),3254,0.01,40.37,pulses and nuts,Beans (dry),262,KG,aggregate,Retail,KES,127.86,0.99
2025-07-15,North Eastern,Garissa,IFO (Daadab),3255,0.11,40.32,cereals and tubers,Maize,51,KG,aggregate,Retail,KES,70.0,0.54
2025-07-15,North Eastern,Garissa,IFO (Daadab),3255,0.11,40.32,cereals and tubers,Maize flour,76,KG,aggregate,Retail,KES,100.0,0.77
2025-07-15,North Eastern,Garissa,IFO (Daadab),3255,0.11,40.32,cereals and tubers,Potatoes (Irish),148,KG,aggregate,Retail,KES,55.97,0.43
2025-07-15,North Eastern,Garissa,IFO (Daadab),3255,0.11,40.32,cereals and tubers,Wheat flour,58,KG,aggregate,Retail,KES,100.0,0.77
2025-07-15,North Eastern,Garissa,IFO (Daadab),3255,0.11,40.32,"meat, fish and eggs",Meat (goat),451,KG,aggregate,Retail,KES,791.67,6.13
2025-07-15,North Eastern,Garissa,IFO (Daadab),3255,0.11,40.32,miscellaneous food,Salt,185,200 G,aggregate,Retail,KES,10.0,0.077
2025-07-15,North Eastern,Garissa,IFO (Daadab),3255,0.11,40.32,miscellaneous food,Sugar,97,KG,aggregate,Retail,KES,130.32,1.01
2025-07-15,North Eastern,Garissa,IFO (Daadab),3255,0.11,40.32,oil and fats,Oil (vegetable),96,L,aggregate,Retail,KES,284.14,2.2
2025-07-15,Rift Valley,Turkana,Kakuma 2,3248,3.75,34.82,cereals and tubers,Maize,51,KG,aggregate,Retail,KES,80.0,0.62
2025-07-15,Rift Valley,Turkana,Kakuma 2,3248,3.75,34.82,cereals and tubers,Potatoes (Irish),148,KG,aggregate,Retail,KES,70.0,0.54
2025-07-15,Rift Valley,Turkana,Kakuma 2,3248,3.75,34.82,cereals and tubers,Rice,52,KG,aggregate,Retail,KES,180.0,1.39
2025-07-15,Rift Valley,Turkana,Kakuma 2,3248,3.75,34.82,"meat, fish and eggs",Meat (goat),451,KG,aggregate,Retail,KES,700.0,5.42
2025-07-15,Rift Valley,Turkana,Kakuma 2,3248,3.75,34.82,milk and dairy,Milk (UHT),794,500 ML,aggregate,Retail,KES,80.0,0.62
2025-07-15,Rift Valley,Turkana,Kakuma 2,3248,3.75,34.82,miscellaneous food,Sugar,97,KG,aggregate,Retail,KES,160.0,1.24
2025-07-15,Rift Valley,Turkana,Kakuma 2,3248,3.75,34.82,oil and fats,Oil (vegetable),96,L,aggregate,Retail,KES,250.0,1.93
2025-07-15,Rift Valley,Turkana,Kakuma 2,3248,3.75,34.82,pulses and nuts,Beans (dry),262,KG,aggregate,Retail,KES,136.67,1.06
2025-07-15,Rift Valley,Turkana,Kakuma 2,3248,3.75,34.82,vegetables and fruits,Bananas,254,Unit,aggregate,Retail,KES,20.0,0.15
2025-07-15,Rift Valley,Turkana,Kakuma 3,3251,3.77,34.82,cereals and tubers,Maize,51,KG,aggregate,Retail,KES,76.67,0.59
2025-07-15,Rift Valley,Turkana,Kakuma 3,3251,3.77,34.82,cereals and tubers,Maize flour,76,KG,aggregate,Retail,KES,88.0,0.68
2025-07-15,Rift Valley,Turkana,Kakuma 3,3251,3.77,34.82,cereals and tubers,Wheat flour,58,KG,aggregate,Retail,KES,84.0,0.65
2025-07-15,Rift Valley,Turkana,Kakuma 3,3251,3.77,34.82,"meat, fish and eggs",Meat (camel),344,KG,aggregate,Retail,KES,500.0,3.87
2025-07-15,Rift Valley,Turkana,Kakuma 3,3251,3.77,34.82,"meat, fish and eggs",Meat (goat),451,KG,aggregate,Retail,KES,633.33,4.9
2025-07-15,Rift Valley,Turkana,Kakuma 3,3251,3.77,34.82,miscellaneous food,Salt,185,200 G,aggregate,Retail,KES,10.0,0.077
2025-07-15,Rift Valley,Turkana,Kakuma 3,3251,3.77,34.82,miscellaneous food,Sugar,97,KG,aggregate,Retail,KES,162.0,1.25
2025-07-15,Rift Valley,Turkana,Kakuma 3,3251,3.77,34.82,oil and fats,Oil (vegetable),96,L,aggregate,Retail,KES,264.0,2.04
2025-07-15,Rift Valley,Turkana,Kakuma 3,3251,3.77,34.82,pulses and nuts,Beans (dry),262,KG,aggregate,Retail,KES,157.5,1.22
2025-07-15,Rift Valley,Turkana,Kakuma 4,3249,3.74,34.81,cereals and tubers,Maize,51,KG,aggregate,Retail,KES,61.25,0.47
2025-07-15,Rift Valley,Turkana,Kakuma 4,3249,3.74,34.81,cereals and tubers,Maize flour,76,KG,aggregate,Retail,KES,90.0,0.7
2025-07-15,Rift Valley,Turkana,Kakuma 4,3249,3.74,34.81,cereals and tubers,Potatoes (Irish),148,KG,aggregate,Retail,KES,55.0,0.43
2025-07-15,Rift Valley,Turkana,Kakuma 4,3249,3.74,34.81,cereals and tubers,Wheat flour,58,KG,aggregate,Retail,KES,81.25,0.63
2025-07-15,Rift Valley,Turkana,Kakuma 4,3249,3.74,34.81,"meat, fish and eggs",Meat (goat),451,KG,aggregate,Retail,KES,700.0,5.42
2025-07-15,Rift Valley,Turkana,Kakuma 4,3249,3.74,34.81,milk and dairy,Milk (UHT),794,500 ML,aggregate,Retail,KES,85.0,0.66
2025-07-15,Rift Valley,Turkana,Kakuma 4,3249,3.74,34.81,miscellaneous food,Salt,185,200 G,aggregate,Retail,KES,12.5,0.097
2025-07-15,Rift Valley,Turkana,Kakuma 4,3249,3.74,34.81,miscellaneous food,Sugar,97,KG,aggregate,Retail,KES,177.5,1.37
2025-07-15,Rift Valley,Turkana,Kakuma 4,3249,3.74,34.81,oil and fats,Oil (vegetable),96,L,aggregate,Retail,KES,305.0,2.36
2025-07-15,Rift Valley,Turkana,Kakuma 4,3249,3.74,34.81,vegetables and fruits,Bananas,254,Unit,aggregate,Retail,KES,20.0,0.15
2025-07-15,Rift Valley,Turkana,Kalobeyei (Village 1),3244,3.77,34.73,cereals and tubers,Maize flour,76,KG,aggregate,Retail,KES,86.0,0.67
2025-07-15,Rift Valley,Turkana,Kalobeyei (Village 1),3244,3.77,34.73,cereals and tubers,Potatoes (Irish),148,KG,aggregate,Retail,KES,75.0,0.58
2025-07-15,Rift Valley,Turkana,Kalobeyei (Village 1),3244,3.77,34.73,cereals and tubers,Wheat flour,58,KG,aggregate,Retail,KES,82.0,0.63
2025-07-15,Rift Valley,Turkana,Kalobeyei (Village 1),3244,3.77,34.73,milk and dairy,Milk (UHT),794,500 ML,aggregate,Retail,KES,82.0,0.63
2025-07-15,Rift Valley,Turkana,Kalobeyei (Village 1),3244,3.77,34.73,miscellaneous food,Salt,185,200 G,aggregate,Retail,KES,10.0,0.077
2025-07-15,Rift Valley,Turkana,Kalobeyei (Village 1),3244,3.77,34.73,miscellaneous food,Sugar,97,KG,aggregate,Retail,KES,174.0,1.35
2025-07-15,Rift Valley,Turkana,Kalobeyei (Village 1),3244,3.77,34.73,oil and fats,Oil (vegetable),96,L,aggregate,Retail,KES,270.0,2.09
2025-07-15,Rift Valley,Turkana,Kalobeyei (Village 1),3244,3.77,34.73,vegetables and fruits,Bananas,254,Unit,aggregate,Retail,KES,20.0,0.15
2025-07-15,Rift Valley,Turkana,Kalobeyei (Village 2),3246,3.76,34.75,cereals and tubers,Maize,51,KG,aggregate,Retail,KES,57.5,0.45
2025-07-15,Rift Valley,Turkana,Kalobeyei (Village 2),3246,3.76,34.75,cereals and tubers,Potatoes (Irish),148,KG,aggregate,Retail,KES,46.67,0.36
2025-07-15,Rift Valley,Turkana,Kalobeyei (Village 2),3246,3.76,34.75,cereals and tubers,Rice,52,KG,aggregate,Retail,KES,152.5,1.18
2025-07-15,Rift Valley,Turkana,Kalobeyei (Village 2),3246,3.76,34.75,cereals and tubers,Wheat flour,58,KG,aggregate,Retail,KES,80.0,0.62
2025-07-15,Rift Valley,Turkana,Kalobeyei (Village 2),3246,3.76,34.75,miscellaneous food,Salt,185,200 G,aggregate,Retail,KES,10.0,0.077
2025-07-15,Rift Valley,Turkana,Kalobeyei (Village 2),3246,3.76,34.75,miscellaneous food,Sugar,97,KG,aggregate,Retail,KES,170.0,1.32
2025-07-15,Rift Valley,Turkana,Kalobeyei (Village 2),3246,3.76,34.75,oil and fats,Oil (vegetable),96,L,aggregate,Retail,KES,295.0,2.28
2025-07-15,Rift Valley,Turkana,Kalobeyei (Village 2),3246,3.76,34.75,pulses and nuts,Beans (dry),262,KG,aggregate,Retail,KES,142.5,1.1
2025-07-15,Rift Valley,Turkana,Kalobeyei (Village 2),3246,3.76,34.75,vegetables and fruits,Bananas,254,Unit,aggregate,Retail,KES,20.0,0.15
2025-07-15,Rift Valley,Turkana,Kalobeyei (Village 3),3247,3.75,34.76,cereals and tubers,Maize,51,KG,aggregate,Retail,KES,60.0,0.46
2025-07-15,Rift Valley,Turkana,Kalobeyei (Village 3),3247,3.75,34.76,cereals and tubers,Potatoes (Irish),148,KG,aggregate,Retail,KES,50.0,0.39
2025-07-15,Rift Valley,Turkana,Kalobeyei (Village 3),3247,3.75,34.76,cereals and tubers,Rice,52,KG,aggregate,Retail,KES,120.0,0.93
2025-07-15,Rift Valley,Turkana,Kalobeyei (Village 3),3247,3.75,34.76,cereals and tubers,Wheat flour,58,KG,aggregate,Retail,KES,80.0,0.62
2025-07-15,Rift Valley,Turkana,Kalobeyei (Village 3),3247,3.75,34.76,milk and dairy,Milk (UHT),794,500 ML,aggregate,Retail,KES,80.0,0.62
2025-07-15,Rift Valley,Turkana,Kalobeyei (Village 3),3247,3.75,34.76,miscellaneous food,Salt,185,200 G,aggregate,Retail,KES,10.0,0.077
2025-07-15,Rift Valley,Turkana,Kalobeyei (Village 3),3247,3.75,34.76,miscellaneous food,Sugar,97,KG,aggregate,Retail,KES,165.0,1.28
2025-07-15,Rift Valley,Turkana,Kalobeyei (Village 3),3247,3.75,34.76,oil and fats,Oil (vegetable),96,L,aggregate,Retail,KES,250.0,1.93
2025-07-15,Rift Valley,Turkana,Kalobeyei (Village 3),3247,3.75,34.76,pulses and nuts,Beans (dry),262,KG,aggregate,Retail,KES,140.0,1.08
2025-07-15,Rift Valley,Turkana,Kalobeyei (Village 3),3247,3.75,34.76,vegetables and fruits,Bananas,254,Unit,aggregate,Retail,KES,20.0,0.15
2025-08-15,North Eastern,Garissa,Hagadera (Daadab),3254,0.01,40.37,cereals and tubers,Maize flour,76,KG,aggregate,Retail,KES,100.0,0.77
2025-08-15,North Eastern,Garissa,Hagadera (Daadab),3254,0.01,40.37,cereals and tubers,Wheat flour,58,KG,aggregate,Retail,KES,100.0,0.77
2025-08-15,North Eastern,Garissa,Hagadera (Daadab),3254,0.01,40.37,"meat, fish and eggs",Meat (camel),344,KG,aggregate,Retail,KES,600.0,4.64
2025-08-15,North Eastern,Garissa,Hagadera (Daadab),3254,0.01,40.37,"meat, fish and eggs",Meat (goat),451,KG,aggregate,Retail,KES,800.0,6.19
2025-08-15,North Eastern,Garissa,Hagadera (Daadab),3254,0.01,40.37,miscellaneous food,Salt,185,200 G,aggregate,Retail,KES,10.0,0.077
2025-08-15,North Eastern,Garissa,Hagadera (Daadab),3254,0.01,40.37,miscellaneous food,Sugar,97,KG,aggregate,Retail,KES,123.0,0.95
2025-08-15,North Eastern,Garissa,Hagadera (Daadab),3254,0.01,40.37,vegetables and fruits,Bananas,254,Unit,aggregate,Retail,KES,10.0,0.077
2025-08-15,North Eastern,Garissa,IFO (Daadab),3255,0.11,40.32,cereals and tubers,Maize,51,KG,aggregate,Retail,KES,70.0,0.54
2025-08-15,North Eastern,Garissa,IFO (Daadab),3255,0.11,40.32,cereals and tubers,Maize flour,76,KG,aggregate,Retail,KES,100.0,0.77
2025-08-15,North Eastern,Garissa,IFO (Daadab),3255,0.11,40.32,cereals and tubers,Potatoes (Irish),148,KG,aggregate,Retail,KES,50.0,0.39
2025-08-15,North Eastern,Garissa,IFO (Daadab),3255,0.11,40.32,cereals and tubers,Rice,52,KG,aggregate,Retail,KES,120.0,0.93
2025-08-15,North Eastern,Garissa,IFO (Daadab),3255,0.11,40.32,"meat, fish and eggs",Meat (goat),451,KG,aggregate,Retail,KES,800.0,6.19
2025-08-15,North Eastern,Garissa,IFO (Daadab),3255,0.11,40.32,miscellaneous food,Salt,185,200 G,aggregate,Retail,KES,10.0,0.077
2025-08-15,North Eastern,Garissa,IFO (Daadab),3255,0.11,40.32,miscellaneous food,Sugar,97,KG,aggregate,Retail,KES,130.59,1.01
2025-08-15,Rift Valley,Turkana,Ethiopia (Kakuma),3253,3.72,34.85,cereals and tubers,Maize,51,KG,aggregate,Retail,KES,80.0,0.62
2025-08-15,Rift Valley,Turkana,Ethiopia (Kakuma),3253,3.72,34.85,cereals and tubers,Wheat flour,58,KG,aggregate,Retail,KES,80.0,0.62
2025-08-15,Rift Valley,Turkana,Ethiopia (Kakuma),3253,3.72,34.85,"meat, fish and eggs",Meat (beef),141,KG,aggregate,Retail,KES,500.0,3.87
2025-08-15,Rift Valley,Turkana,Ethiopia (Kakuma),3253,3.72,34.85,milk and dairy,Milk (UHT),794,500 ML,aggregate,Retail,KES,100.0,0.77
2025-08-15,Rift Valley,Turkana,Ethiopia (Kakuma),3253,3.72,34.85,miscellaneous food,Salt,185,200 G,aggregate,Retail,KES,10.0,0.077
2025-08-15,Rift Valley,Turkana,Ethiopia (Kakuma),3253,3.72,34.85,miscellaneous food,Sugar,97,KG,aggregate,Retail,KES,173.33,1.34
2025-08-15,Rift Valley,Turkana,Ethiopia (Kakuma),3253,3.72,34.85,oil and fats,Oil (vegetable),96,L,aggregate,Retail,KES,266.67,2.06
2025-08-15,Rift Valley,Turkana,Ethiopia (Kakuma),3253,3.72,34.85,pulses and nuts,Beans (dry),262,KG,aggregate,Retail,KES,100.0,0.77
2025-08-15,Rift Valley,Turkana,HongKong (Kakuma),3250,3.75,34.84,cereals and tubers,Maize flour,76,KG,aggregate,Retail,KES,86.67,0.67
2025-08-15,Rift Valley,Turkana,HongKong (Kakuma),3250,3.75,34.84,cereals and tubers,Wheat flour,58,KG,aggregate,Retail,KES,80.0,0.62
2025-08-15,Rift Valley,Turkana,HongKong (Kakuma),3250,3.75,34.84,milk and dairy,Milk (UHT),794,500 ML,aggregate,Retail,KES,100.0,0.77
2025-08-15,Rift Valley,Turkana,HongKong (Kakuma),3250,3.75,34.84,miscellaneous food,Salt,185,200 G,aggregate,Retail,KES,10.0,0.077
2025-08-15,Rift Valley,Turkana,HongKong (Kakuma),3250,3.75,34.84,miscellaneous food,Sugar,97,KG,aggregate,Retail,KES,173.33,1.34
2025-08-15,Rift Valley,Turkana,HongKong (Kakuma),3250,3.75,34.84,vegetables and fruits,Bananas,254,Unit,aggregate,Retail,KES,20.0,0.15
2025-08-15,Rift Valley,Turkana,Kakuma 2,3248,3.75,34.82,cereals and tubers,Maize flour,76,KG,aggregate,Retail,KES,80.0,0.62
2025-08-15,Rift Valley,Turkana,Kakuma 2,3248,3.75,34.82,cereals and tubers,Wheat flour,58,KG,aggregate,Retail,KES,80.0,0.62
2025-08-15,Rift Valley,Turkana,Kakuma 2,3248,3.75,34.82,"meat, fish and eggs",Meat (goat),451,KG,aggregate,Retail,KES,600.0,4.64
2025-08-15,Rift Valley,Turkana,Kakuma 2,3248,3.75,34.82,milk and dairy,Milk (UHT),794,500 ML,aggregate,Retail,KES,100.0,0.77
2025-08-15,Rift Valley,Turkana,Kakuma 2,3248,3.75,34.82,miscellaneous food,Salt,185,200 G,aggregate,Retail,KES,10.0,0.077
2025-08-15,Rift Valley,Turkana,Kakuma 2,3248,3.75,34.82,miscellaneous food,Sugar,97,KG,aggregate,Retail,KES,170.0,1.32
2025-08-15,Rift Valley,Turkana,Kakuma 2,3248,3.75,34.82,oil and fats,Oil (vegetable),96,L,aggregate,Retail,KES,270.0,2.09
2025-08-15,Rift Valley,Turkana,Kakuma 3,3251,3.77,34.82,cereals and tubers,Maize flour,76,KG,aggregate,Retail,KES,80.0,0.62
2025-08-15,Rift Valley,Turkana,Kakuma 3,3251,3.77,34.82,cereals and tubers,Rice,52,KG,aggregate,Retail,KES,110.0,0.85
2025-08-15,Rift Valley,Turkana,Kakuma 3,3251,3.77,34.82,"meat, fish and eggs",Meat (beef),141,KG,aggregate,Retail,KES,500.0,3.87
2025-08-15,Rift Valley,Turkana,Kakuma 3,3251,3.77,34.82,"meat, fish and eggs",Meat (goat),451,KG,aggregate,Retail,KES,600.0,4.64
2025-08-15,Rift Valley,Turkana,Kakuma 3,3251,3.77,34.82,milk and dairy,Milk (UHT),794,500 ML,aggregate,Retail,KES,100.0,0.77
2025-08-15,Rift Valley,Turkana,Kakuma 3,3251,3.77,34.82,miscellaneous food,Salt,185,200 G,aggregate,Retail,KES,55.0,0.43
2025-08-15,Rift Valley,Turkana,Kakuma 3,3251,3.77,34.82,miscellaneous food,Sugar,97,KG,aggregate,Retail,KES,170.0,1.32
2025-08-15,Rift Valley,Turkana,Kakuma 3,3251,3.77,34.82,oil and fats,Oil (vegetable),96,L,aggregate,Retail,KES,290.0,2.24
2025-08-15,Rift Valley,Turkana,Kakuma 3,3251,3.77,34.82,vegetables and fruits,Bananas,254,Unit,aggregate,Retail,KES,20.0,0.15
2025-08-15,Rift Valley,Turkana,Kakuma 4,3249,3.74,34.81,cereals and tubers,Maize,51,KG,aggregate,Retail,KES,73.33,0.57
2025-08-15,Rift Valley,Turkana,Kakuma 4,3249,3.74,34.81,cereals and tubers,Maize flour,76,KG,aggregate,Retail,KES,80.0,0.62
2025-08-15,Rift Valley,Turkana,Kakuma 4,3249,3.74,34.81,cereals and tubers,Potatoes (Irish),148,KG,aggregate,Retail,KES,60.0,0.46
2025-08-15,Rift Valley,Turkana,Kakuma 4,3249,3.74,34.81,cereals and tubers,Rice,52,KG,aggregate,Retail,KES,113.33,0.88
2025-08-15,Rift Valley,Turkana,Kakuma 4,3249,3.74,34.81,cereals and tubers,Wheat flour,58,KG,aggregate,Retail,KES,90.0,0.7
2025-08-15,Rift Valley,Turkana,Kakuma 4,3249,3.74,34.81,milk and dairy,Milk (UHT),794,500 ML,aggregate,Retail,KES,100.0,0.77
2025-08-15,Rift Valley,Turkana,Kakuma 4,3249,3.74,34.81,miscellaneous food,Sugar,97,KG,aggregate,Retail,KES,170.0,1.32
2025-08-15,Rift Valley,Turkana,Kakuma 4,3249,3.74,34.81,oil and fats,Oil (vegetable),96,L,aggregate,Retail,KES,280.0,2.17
2025-08-15,Rift Valley,Turkana,Kakuma 4,3249,3.74,34.81,vegetables and fruits,Bananas,254,Unit,aggregate,Retail,KES,20.0,0.15
2025-08-15,Rift Valley,Turkana,Kalobeyei (Village 1),3244,3.77,34.73,cereals and tubers,Maize,51,KG,aggregate,Retail,KES,70.0,0.54
2025-08-15,Rift Valley,Turkana,Kalobeyei (Village 1),3244,3.77,34.73,cereals and tubers,Wheat flour,58,KG,aggregate,Retail,KES,90.0,0.7
2025-08-15,Rift Valley,Turkana,Kalobeyei (Village 1),3244,3.77,34.73,milk and dairy,Milk (UHT),794,500 ML,aggregate,Retail,KES,100.0,0.77
2025-08-15,Rift Valley,Turkana,Kalobeyei (Village 1),3244,3.77,34.73,miscellaneous food,Salt,185,200 G,aggregate,Retail,KES,10.0,0.077
2025-08-15,Rift Valley,Turkana,Kalobeyei (Village 1),3244,3.77,34.73,miscellaneous food,Sugar,97,KG,aggregate,Retail,KES,170.0,1.32
2025-08-15,Rift Valley,Turkana,Kalobeyei (Village 1),3244,3.77,34.73,oil and fats,Oil (vegetable),96,L,aggregate,Retail,KES,280.0,2.17
2025-08-15,Rift Valley,Turkana,Kalobeyei (Village 2),3246,3.76,34.75,cereals and tubers,Potatoes (Irish),148,KG,aggregate,Retail,KES,75.0,0.58
2025-08-15,Rift Valley,Turkana,Kalobeyei (Village 2),3246,3.76,34.75,"meat, fish and eggs",Meat (goat),451,KG,aggregate,Retail,KES,600.0,4.64
2025-08-15,Rift Valley,Turkana,Kalobeyei (Village 2),3246,3.76,34.75,miscellaneous food,Salt,185,200 G,aggregate,Retail,KES,10.0,0.077
2025-08-15,Rift Valley,Turkana,Kalobeyei (Village 2),3246,3.76,34.75,miscellaneous food,Sugar,97,KG,aggregate,Retail,KES,170.0,1.32
2025-08-15,Rift Valley,Turkana,Kalobeyei (Village 2),3246,3.76,34.75,oil and fats,Oil (vegetable),96,L,aggregate,Retail,KES,280.0,2.17
2025-08-15,Rift Valley,Turkana,Kalobeyei (Village 2),3246,3.76,34.75,pulses and nuts,Beans (dry),262,KG,aggregate,Retail,KES,100.0,0.77
2025-08-15,Rift Valley,Turkana,Kalobeyei (Village 2),3246,3.76,34.75,vegetables and fruits,Bananas,254,Unit,aggregate,Retail,KES,20.0,0.15
2025-08-15,Rift Valley,Turkana,Kalobeyei (Village 3),3247,3.75,34.76,cereals and tubers,Potatoes (Irish),148,KG,aggregate,Retail,KES,80.0,0.62
2025-08-15,Rift Valley,Turkana,Kalobeyei (Village 3),3247,3.75,34.76,cereals and tubers,Rice,52,KG,aggregate,Retail,KES,120.0,0.93
2025-08-15,Rift Valley,Turkana,Kalobeyei (Village 3),3247,3.75,34.76,cereals and tubers,Wheat flour,58,KG,aggregate,Retail,KES,90.0,0.7
2025-08-15,Rift Valley,Turkana,Kalobeyei (Village 3),3247,3.75,34.76,milk and dairy,Milk (UHT),794,500 ML,aggregate,Retail,KES,100.0,0.77
2025-08-15,Rift Valley,Turkana,Kalobeyei (Village 3),3247,3.75,34.76,miscellaneous food,Salt,185,200 G,aggregate,Retail,KES,10.0,0.077
2025-08-15,Rift Valley,Turkana,Kalobeyei (Village 3),3247,3.75,34.76,miscellaneous food,Sugar,97,KG,aggregate,Retail,KES,170.0,1.32
2025-08-15,Rift Valley,Turkana,Kalobeyei (Village 3),3247,3.75,34.76,oil and fats,Oil (vegetable),96,L,aggregate,Retail,KES,293.33,2.27
2025-08-15,Rift Valley,Turkana,Kalobeyei (Village 3),3247,3.75,34.76,pulses and nuts,Beans (dry),262,KG,aggregate,Retail,KES,100.0,0.77
2025-08-15,Rift Valley,Turkana,Mogadishu (Kakuma),3245,3.72,34.85,cereals and tubers,Maize,51,KG,aggregate,Retail,KES,80.0,0.62
2025-08-15,Rift Valley,Turkana,Mogadishu (Kakuma),3245,3.72,34.85,cereals and tubers,Maize flour,76,KG,aggregate,Retail,KES,90.0,0.7
2025-08-15,Rift Valley,Turkana,Mogadishu (Kakuma),3245,3.72,34.85,cereals and tubers,Potatoes (Irish),148,KG,aggregate,Retail,KES,50.0,0.39
2025-08-15,Rift Valley,Turkana,Mogadishu (Kakuma),3245,3.72,34.85,cereals and tubers,Rice,52,KG,aggregate,Retail,KES,110.0,0.85
2025-08-15,Rift Valley,Turkana,Mogadishu (Kakuma),3245,3.72,34.85,cereals and tubers,Wheat flour,58,KG,aggregate,Retail,KES,90.0,0.7
2025-08-15,Rift Valley,Turkana,Mogadishu (Kakuma),3245,3.72,34.85,milk and dairy,Milk (UHT),794,500 ML,aggregate,Retail,KES,100.0,0.77
2025-08-15,Rift Valley,Turkana,Mogadishu (Kakuma),3245,3.72,34.85,miscellaneous food,Salt,185,200 G,aggregate,Retail,KES,10.0,0.077
2025-08-15,Rift Valley,Turkana,Mogadishu (Kakuma),3245,3.72,34.85,miscellaneous food,Sugar,97,KG,aggregate,Retail,KES,170.0,1.32
2025-08-15,Rift Valley,Turkana,Mogadishu (Kakuma),3245,3.72,34.85,oil and fats,Oil (vegetable),96,L,aggregate,Retail,KES,270.0,2.09
2025-08-15,Rift Valley,Turkana,Mogadishu (Kakuma),3245,3.72,34.85,pulses and nuts,Beans (dry),262,KG,aggregate,Retail,KES,100.0,0.77
2025-08-15,Rift Valley,Turkana,Mogadishu (Kakuma),3245,3.72,34.85,vegetables and fruits,Bananas,254,Unit,aggregate,Retail,KES,20.0,0.15
2025-09-15,North Eastern,Garissa,Dagahaley (Daadab),3252,0.19,40.29,cereals and tubers,Maize,51,KG,aggregate,Retail,KES,60.0,0.46
2025-09-15,North Eastern,Garissa,Dagahaley (Daadab),3252,0.19,40.29,cereals and tubers,Maize flour,76,KG,aggregate,Retail,KES,100.0,0.77
2025-09-15,North Eastern,Garissa,Dagahaley (Daadab),3252,0.19,40.29,cereals and tubers,Potatoes (Irish),148,KG,aggregate,Retail,KES,53.57,0.41
2025-09-15,North Eastern,Garissa,Dagahaley (Daadab),3252,0.19,40.29,cereals and tubers,Rice,52,KG,aggregate,Retail,KES,101.25,0.78
2025-09-15,North Eastern,Garissa,Dagahaley (Daadab),3252,0.19,40.29,cereals and tubers,Sorghum,65,KG,aggregate,Retail,KES,76.67,0.59
2025-09-15,North Eastern,Garissa,Dagahaley (Daadab),3252,0.19,40.29,"meat, fish and eggs",Meat (goat),451,KG,aggregate,Retail,KES,791.67,6.13
2025-09-15,North Eastern,Garissa,Dagahaley (Daadab),3252,0.19,40.29,milk and dairy,Milk (UHT),794,500 ML,aggregate,Retail,KES,80.0,0.62
2025-09-15,North Eastern,Garissa,Dagahaley (Daadab),3252,0.19,40.29,milk and dairy,"Milk (camel, fresh)",817,L,aggregate,Retail,KES,160.5,1.24
2025-09-15,North Eastern,Garissa,Dagahaley (Daadab),3252,0.19,40.29,milk and dairy,"Milk (cow, fresh)",439,L,aggregate,Retail,KES,166.0,1.28
2025-09-15,North Eastern,Garissa,Dagahaley (Daadab),3252,0.19,40.29,oil and fats,Oil (vegetable),96,L,aggregate,Retail,KES,248.29,1.92
2025-09-15,North Eastern,Garissa,Dagahaley (Daadab),3252,0.19,40.29,vegetables and fruits,Bananas,254,Unit,aggregate,Retail,KES,10.0,0.077
2025-09-15,North Eastern,Garissa,Hagadera (Daadab),3254,0.01,40.37,cereals and tubers,Maize flour,76,KG,aggregate,Retail,KES,91.81,0.71
2025-09-15,North Eastern,Garissa,Hagadera (Daadab),3254,0.01,40.37,cereals and tubers,Rice,52,KG,aggregate,Retail,KES,105.0,0.81
2025-09-15,North Eastern,Garissa,Hagadera (Daadab),3254,0.01,40.37,"meat, fish and eggs",Meat (camel),344,KG,aggregate,Retail,KES,600.0,4.64
2025-09-15,North Eastern,Garissa,Hagadera (Daadab),3254,0.01,40.37,oil and fats,Oil (vegetable),96,L,aggregate,Retail,KES,257.6,1.99
2025-09-15,North Eastern,Garissa,Hagadera (Daadab),3254,0.01,40.37,pulses and nuts,Beans (dry),262,KG,aggregate,Retail,KES,112.14,0.87
2025-09-15,North Eastern,Garissa,IFO (Daadab),3255,0.11,40.32,cereals and tubers,Maize,51,KG,aggregate,Retail,KES,70.0,0.54
2025-09-15,North Eastern,Garissa,IFO (Daadab),3255,0.11,40.32,cereals and tubers,Maize flour,76,KG,aggregate,Retail,KES,100.0,0.77
2025-09-15,North Eastern,Garissa,IFO (Daadab),3255,0.11,40.32,cereals and tubers,Rice,52,KG,aggregate,Retail,KES,113.27,0.88
2025-09-15,North Eastern,Garissa,IFO (Daadab),3255,0.11,40.32,"meat, fish and eggs",Meat (camel),344,KG,aggregate,Retail,KES,691.67,5.35
2025-09-15,North Eastern,Garissa,IFO (Daadab),3255,0.11,40.32,"meat, fish and eggs",Meat (goat),451,KG,aggregate,Retail,KES,775.0,6.0
2025-09-15,North Eastern,Garissa,IFO (Daadab),3255,0.11,40.32,milk and dairy,"Milk (camel, fresh)",817,L,aggregate,Retail,KES,200.0,1.55
2025-09-15,North Eastern,Garissa,IFO (Daadab),3255,0.11,40.32,oil and fats,Oil (vegetable),96,L,aggregate,Retail,KES,250.22,1.94
2025-09-15,North Eastern,Garissa,IFO (Daadab),3255,0.11,40.32,pulses and nuts,Beans (dry),262,KG,aggregate,Retail,KES,116.77,0.9
2025-09-15,Rift Valley,Turkana,Ethiopia (Kakuma),3253,3.72,34.85,cereals and tubers,Maize flour,76,KG,aggregate,Retail,KES,92.5,0.72
2025-09-15,Rift Valley,Turkana,Ethiopia (Kakuma),3253,3.72,34.85,cereals and tubers,Potatoes (Irish),148,KG,aggregate,Retail,KES,60.0,0.46
2025-09-15,Rift Valley,Turkana,Ethiopia (Kakuma),3253,3.72,34.85,cereals and tubers,Rice,52,KG,aggregate,Retail,KES,133.33,1.03
2025-09-15,Rift Valley,Turkana,Ethiopia (Kakuma),3253,3.72,34.85,milk and dairy,Milk (UHT),794,500 ML,aggregate,Retail,KES,86.67,0.67
2025-09-15,Rift Valley,Turkana,Ethiopia (Kakuma),3253,3.72,34.85,miscellaneous food,Salt,185,200 G,aggregate,Retail,KES,11.25,0.087
2025-09-15,Rift Valley,Turkana,Ethiopia (Kakuma),3253,3.72,34.85,pulses and nuts,Beans (dry),262,KG,aggregate,Retail,KES,136.67,1.06
2025-09-15,Rift Valley,Turkana,Kakuma 2,3248,3.75,34.82,cereals and tubers,Maize,51,KG,aggregate,Retail,KES,55.0,0.43
2025-09-15,Rift Valley,Turkana,Kakuma 2,3248,3.75,34.82,cereals and tubers,Maize flour,76,KG,aggregate,Retail,KES,80.0,0.62
2025-09-15,Rift Valley,Turkana,Kakuma 2,3248,3.75,34.82,cereals and tubers,Potatoes (Irish),148,KG,aggregate,Retail,KES,70.0,0.54
2025-09-15,Rift Valley,Turkana,Kakuma 2,3248,3.75,34.82,"meat, fish and eggs",Meat (goat),451,KG,aggregate,Retail,KES,700.0,5.42
2025-09-15,Rift Valley,Turkana,Kakuma 2,3248,3.75,34.82,milk and dairy,Milk (UHT),794,500 ML,aggregate,Retail,KES,75.0,0.58
2025-09-15,Rift Valley,Turkana,Kakuma 2,3248,3.75,34.82,oil and fats,Oil (vegetable),96,L,aggregate,Retail,KES,275.0,2.13
2025-09-15,Rift Valley,Turkana,Kakuma 3,3251,3.77,34.82,cereals and tubers,Maize,51,KG,aggregate,Retail,KES,66.67,0.52
2025-09-15,Rift Valley,Turkana,Kakuma 3,3251,3.77,34.82,cereals and tubers,Maize flour,76,KG,aggregate,Retail,KES,80.0,0.62
2025-09-15,Rift Valley,Turkana,Kakuma 3,3251,3.77,34.82,cereals and tubers,Sorghum,65,KG,aggregate,Retail,KES,100.0,0.77
2025-09-15,Rift Valley,Turkana,Kakuma 3,3251,3.77,34.82,"meat, fish and eggs",Meat (camel),344,KG,aggregate,Retail,KES,400.0,3.1
2025-09-15,Rift Valley,Turkana,Kakuma 3,3251,3.77,34.82,"meat, fish and eggs",Meat (goat),451,KG,aggregate,Retail,KES,625.0,4.84
2025-09-15,Rift Valley,Turkana,Kakuma 3,3251,3.77,34.82,milk and dairy,Milk (UHT),794,500 ML,aggregate,Retail,KES,70.0,0.54
2025-09-15,Rift Valley,Turkana,Kakuma 3,3251,3.77,34.82,milk and dairy,"Milk (camel, fresh)",817,L,aggregate,Retail,KES,200.0,1.55
2025-09-15,Rift Valley,Turkana,Kakuma 3,3251,3.77,34.82,pulses and nuts,Beans (dry),262,KG,aggregate,Retail,KES,150.0,1.16
2025-09-15,Rift Valley,Turkana,Kalobeyei (Village 1),3244,3.77,34.73,cereals and tubers,Rice,52,KG,aggregate,Retail,KES,106.67,0.83
2025-09-15,Rift Valley,Turkana,Kalobeyei (Village 1),3244,3.77,34.73,milk and dairy,Milk (UHT),794,500 ML,aggregate,Retail,KES,80.0,0.62
2025-09-15,Rift Valley,Turkana,Kalobeyei (Village 1),3244,3.77,34.73,oil and fats,Oil (vegetable),96,L,aggregate,Retail,KES,275.0,2.13
2025-09-15,Rift Valley,Turkana,Kalobeyei (Village 2),3246,3.76,34.75,cereals and tubers,Maize,51,KG,aggregate,Retail,KES,56.67,0.44
2025-09-15,Rift Valley,Turkana,Kalobeyei (Village 2),3246,3.76,34.75,cereals and tubers,Rice,52,KG,aggregate,Retail,KES,100.0,0.77
2025-09-15,Rift Valley,Turkana,Kalobeyei (Village 2),3246,3.76,34.75,milk and dairy,Milk (UHT),794,500 ML,aggregate,Retail,KES,80.0,0.62
2025-09-15,Rift Valley,Turkana,Kalobeyei (Village 2),3246,3.76,34.75,oil and fats,Oil (vegetable),96,L,aggregate,Retail,KES,276.67,2.14
2025-09-15,Rift Valley,Turkana,Kalobeyei (Village 2),3246,3.76,34.75,pulses and nuts,Beans (dry),262,KG,aggregate,Retail,KES,130.0,1.01
2025-09-15,Rift Valley,Turkana,Kalobeyei (Village 3),3247,3.75,34.76,cereals and tubers,Rice,52,KG,aggregate,Retail,KES,116.67,0.9
2025-09-15,Rift Valley,Turkana,Kalobeyei (Village 3),3247,3.75,34.76,cereals and tubers,Sorghum,65,KG,aggregate,Retail,KES,80.0,0.62
2025-09-15,Rift Valley,Turkana,Kalobeyei (Village 3),3247,3.75,34.76,milk and dairy,Milk (UHT),794,500 ML,aggregate,Retail,KES,80.0,0.62
2025-09-15,Rift Valley,Turkana,Kalobeyei (Village 3),3247,3.75,34.76,pulses and nuts,Beans (dry),262,KG,aggregate,Retail,KES,93.33,0.72
2025-09-15,Rift Valley,Turkana,Kalobeyei (Village 3),3247,3.75,34.76,vegetables and fruits,Bananas,254,Unit,aggregate,Retail,KES,20.0,0.15
2025-09-15,Rift Valley,Turkana,Mogadishu (Kakuma),3245,3.72,34.85,cereals and tubers,Maize,51,KG,aggregate,Retail,KES,60.0,0.46
2025-09-15,Rift Valley,Turkana,Mogadishu (Kakuma),3245,3.72,34.85,cereals and tubers,Potatoes (Irish),148,KG,aggregate,Retail,KES,56.67,0.44
2025-09-15,Rift Valley,Turkana,Mogadishu (Kakuma),3245,3.72,34.85,cereals and tubers,Wheat flour,58,KG,aggregate,Retail,KES,86.67,0.67
2025-09-15,Rift Valley,Turkana,Mogadishu (Kakuma),3245,3.72,34.85,milk and dairy,Milk (UHT),794,500 ML,aggregate,Retail,KES,80.0,0.62
2025-09-15,Rift Valley,Turkana,Mogadishu (Kakuma),3245,3.72,34.85,miscellaneous food,Salt,185,200 G,aggregate,Retail,KES,11.67,0.09
2025-09-15,Rift Valley,Turkana,Mogadishu (Kakuma),3245,3.72,34.85,miscellaneous food,Sugar,97,KG,aggregate,Retail,KES,180.0,1.39
2025-09-15,Rift Valley,Turkana,Mogadishu (Kakuma),3245,3.72,34.85,oil and fats,Oil (vegetable),96,L,aggregate,Retail,KES,293.33,2.27
2025-09-15,Rift Valley,Turkana,Mogadishu (Kakuma),3245,3.72,34.85,pulses and nuts,Beans (dry),262,KG,aggregate,Retail,KES,146.67,1.14
2025-09-15,Rift Valley,Turkana,Mogadishu (Kakuma),3245,3.72,34.85,vegetables and fruits,Bananas,254,Unit,aggregate,Retail,KES,17.5,0.14
2025-10-15,North Eastern,Garissa,Dagahaley (Daadab),3252,0.19,40.29,cereals and tubers,Maize,51,KG,aggregate,Retail,KES,85.0,0.66
2025-10-15,North Eastern,Garissa,Dagahaley (Daadab),3252,0.19,40.29,cereals and tubers,Potatoes (Irish),148,KG,aggregate,Retail,KES,57.87,0.45
2025-10-15,North Eastern,Garissa,Dagahaley (Daadab),3252,0.19,40.29,cereals and tubers,Rice,52,KG,aggregate,Retail,KES,108.34,0.84
2025-10-15,North Eastern,Garissa,Dagahaley (Daadab),3252,0.19,40.29,cereals and tubers,Wheat flour,58,KG,aggregate,Retail,KES,94.07,0.73
2025-10-15,North Eastern,Garissa,Dagahaley (Daadab),3252,0.19,40.29,"meat, fish and eggs",Meat (camel),344,KG,aggregate,Retail,KES,628.51,4.87
2025-10-15,North Eastern,Garissa,Dagahaley (Daadab),3252,0.19,40.29,"meat, fish and eggs",Meat (goat),451,KG,aggregate,Retail,KES,765.35,5.93
2025-10-15,North Eastern,Garissa,Dagahaley (Daadab),3252,0.19,40.29,miscellaneous food,Salt,185,200 G,aggregate,Retail,KES,10.0,0.077
2025-10-15,North Eastern,Garissa,Dagahaley (Daadab),3252,0.19,40.29,miscellaneous food,Sugar,97,KG,aggregate,Retail,KES,117.29,0.91
2025-10-15,North Eastern,Garissa,Hagadera (Daadab),3254,0.01,40.37,cereals and tubers,Maize,51,KG,aggregate,Retail,KES,54.04,0.42
2025-10-15,North Eastern,Garissa,Hagadera (Daadab),3254,0.01,40.37,cereals and tubers,Maize flour,76,KG,aggregate,Retail,KES,92.4,0.72
2025-10-15,North Eastern,Garissa,Hagadera (Daadab),3254,0.01,40.37,cereals and tubers,Rice,52,KG,aggregate,Retail,KES,105.42,0.82
2025-10-15,North Eastern,Garissa,Hagadera (Daadab),3254,0.01,40.37,cereals and tubers,Wheat flour,58,KG,aggregate,Retail,KES,95.04,0.74
2025-10-15,North Eastern,Garissa,Hagadera (Daadab),3254,0.01,40.37,"meat, fish and eggs",Meat (goat),451,KG,aggregate,Retail,KES,781.58,6.05
2025-10-15,North Eastern,Garissa,Hagadera (Daadab),3254,0.01,40.37,milk and dairy,"Milk (cow, fresh)",439,L,aggregate,Retail,KES,167.5,1.3
2025-10-15,North Eastern,Garissa,Hagadera (Daadab),3254,0.01,40.37,miscellaneous food,Salt,185,200 G,aggregate,Retail,KES,10.0,0.077
2025-10-15,North Eastern,Garissa,Hagadera (Daadab),3254,0.01,40.37,miscellaneous food,Sugar,97,KG,aggregate,Retail,KES,120.36,0.93
2025-10-15,North Eastern,Garissa,Hagadera (Daadab),3254,0.01,40.37,pulses and nuts,Beans (dry),262,KG,aggregate,Retail,KES,110.64,0.86
2025-10-15,North Eastern,Garissa,Hagadera (Daadab),3254,0.01,40.37,vegetables and fruits,Bananas,254,Unit,aggregate,Retail,KES,10.0,0.077
2025-10-15,North Eastern,Garissa,IFO (Daadab),3255,0.11,40.32,cereals and tubers,Maize,51,KG,aggregate,Retail,KES,67.15,0.52
2025-10-15,North Eastern,Garissa,IFO (Daadab),3255,0.11,40.32,cereals and tubers,Maize flour,76,KG,aggregate,Retail,KES,101.06,0.78
2025-10-15,North Eastern,Garissa,IFO (Daadab),3255,0.11,40.32,cereals and tubers,Potatoes (Irish),148,KG,aggregate,Retail,KES,57.58,0.45
2025-10-15,North Eastern,Garissa,IFO (Daadab),3255,0.11,40.32,cereals and tubers,Sorghum,65,KG,aggregate,Retail,KES,100.18,0.78
2025-10-15,North Eastern,Garissa,IFO (Daadab),3255,0.11,40.32,"meat, fish and eggs",Meat (beef),141,KG,aggregate,Retail,KES,5.0,0.039
2025-10-15,North Eastern,Garissa,IFO (Daadab),3255,0.11,40.32,"meat, fish and eggs",Meat (camel),344,KG,aggregate,Retail,KES,616.28,4.77
2025-10-15,North Eastern,Garissa,IFO (Daadab),3255,0.11,40.32,"meat, fish and eggs",Meat (goat),451,KG,aggregate,Retail,KES,797.26,6.17
2025-10-15,North Eastern,Garissa,IFO (Daadab),3255,0.11,40.32,milk and dairy,Milk (UHT),794,500 ML,aggregate,Retail,KES,100.45,0.78
2025-10-15,North Eastern,Garissa,IFO (Daadab),3255,0.11,40.32,milk and dairy,"Milk (camel, fresh)",817,L,aggregate,Retail,KES,155.29,1.2
2025-10-15,North Eastern,Garissa,IFO (Daadab),3255,0.11,40.32,milk and dairy,"Milk (cow, fresh)",439,L,aggregate,Retail,KES,150.0,1.16
2025-10-15,North Eastern,Garissa,IFO (Daadab),3255,0.11,40.32,miscellaneous food,Salt,185,200 G,aggregate,Retail,KES,11.02,0.085
2025-10-15,North Eastern,Garissa,IFO (Daadab),3255,0.11,40.32,miscellaneous food,Sugar,97,KG,aggregate,Retail,KES,120.07,0.93
2025-10-15,North Eastern,Garissa,IFO (Daadab),3255,0.11,40.32,pulses and nuts,Beans (dry),262,KG,aggregate,Retail,KES,119.13,0.92
2025-10-15,North Eastern,Garissa,IFO (Daadab),3255,0.11,40.32,vegetables and fruits,Bananas,254,Unit,aggregate,Retail,KES,7.73,0.06
2025-10-15,Rift Valley,Turkana,Ethiopia (Kakuma),3253,3.72,34.85,cereals and tubers,Potatoes (Irish),148,KG,aggregate,Retail,KES,73.33,0.57
2025-10-15,Rift Valley,Turkana,Ethiopia (Kakuma),3253,3.72,34.85,cereals and tubers,Rice,52,KG,aggregate,Retail,KES,116.0,0.9
2025-10-15,Rift Valley,Turkana,Ethiopia (Kakuma),3253,3.72,34.85,cereals and tubers,Sorghum,65,KG,aggregate,Retail,KES,80.0,0.62
2025-10-15,Rift Valley,Turkana,Ethiopia (Kakuma),3253,3.72,34.85,cereals and tubers,Wheat flour,58,KG,aggregate,Retail,KES,90.0,0.7
2025-10-15,Rift Valley,Turkana,Ethiopia (Kakuma),3253,3.72,34.85,"meat, fish and eggs",Meat (beef),141,KG,aggregate,Retail,KES,700.0,5.42
2025-10-15,Rift Valley,Turkana,Ethiopia (Kakuma),3253,3.72,34.85,"meat, fish and eggs",Meat (goat),451,KG,aggregate,Retail,KES,650.0,5.03
2025-10-15,Rift Valley,Turkana,Ethiopia (Kakuma),3253,3.72,34.85,miscellaneous food,Salt,185,200 G,aggregate,Retail,KES,12.5,0.097
2025-10-15,Rift Valley,Turkana,Ethiopia (Kakuma),3253,3.72,34.85,miscellaneous food,Sugar,97,KG,aggregate,Retail,KES,172.5,1.34
2025-10-15,Rift Valley,Turkana,Ethiopia (Kakuma),3253,3.72,34.85,oil and fats,Oil (vegetable),96,L,aggregate,Retail,KES,291.67,2.26
2025-10-15,Rift Valley,Turkana,Ethiopia (Kakuma),3253,3.72,34.85,pulses and nuts,Beans (dry),262,KG,aggregate,Retail,KES,125.0,0.97
2025-10-15,Rift Valley,Turkana,HongKong (Kakuma),3250,3.75,34.84,cereals and tubers,Maize,51,KG,aggregate,Retail,KES,65.0,0.5
2025-10-15,Rift Valley,Turkana,HongKong (Kakuma),3250,3.75,34.84,cereals and tubers,Maize flour,76,KG,aggregate,Retail,KES,83.33,0.65
2025-10-15,Rift Valley,Turkana,HongKong (Kakuma),3250,3.75,34.84,cereals and tubers,Potatoes (Irish),148,KG,aggregate,Retail,KES,90.0,0.7
2025-10-15,Rift Valley,Turkana,HongKong (Kakuma),3250,3.75,34.84,cereals and tubers,Sorghum,65,KG,aggregate,Retail,KES,80.0,0.62
2025-10-15,Rift Valley,Turkana,HongKong (Kakuma),3250,3.75,34.84,cereals and tubers,Wheat flour,58,KG,aggregate,Retail,KES,86.67,0.67
2025-10-15,Rift Valley,Turkana,HongKong (Kakuma),3250,3.75,34.84,"meat, fish and eggs",Meat (beef),141,KG,aggregate,Retail,KES,700.0,5.42
2025-10-15,Rift Valley,Turkana,HongKong (Kakuma),3250,3.75,34.84,"meat, fish and eggs",Meat (goat),451,KG,aggregate,Retail,KES,700.0,5.42
2025-10-15,Rift Valley,Turkana,HongKong (Kakuma),3250,3.75,34.84,milk and dairy,Milk (UHT),794,500 ML,aggregate,Retail,KES,90.0,0.7
2025-10-15,Rift Valley,Turkana,HongKong (Kakuma),3250,3.75,34.84,miscellaneous food,Salt,185,200 G,aggregate,Retail,KES,15.0,0.12
2025-10-15,Rift Valley,Turkana,HongKong (Kakuma),3250,3.75,34.84,miscellaneous food,Sugar,97,KG,aggregate,Retail,KES,183.33,1.42
2025-10-15,Rift Valley,Turkana,HongKong (Kakuma),3250,3.75,34.84,oil and fats,Oil (vegetable),96,L,aggregate,Retail,KES,290.0,2.25
2025-10-15,Rift Valley,Turkana,HongKong (Kakuma),3250,3.75,34.84,vegetables and fruits,Bananas,254,Unit,aggregate,Retail,KES,20.0,0.15
2025-10-15,Rift Valley,Turkana,Kakuma 2,3248,3.75,34.82,cereals and tubers,Maize,51,KG,aggregate,Retail,KES,50.0,0.39
2025-10-15,Rift Valley,Turkana,Kakuma 2,3248,3.75,34.82,cereals and tubers,Potatoes (Irish),148,KG,aggregate,Retail,KES,72.0,0.56
2025-10-15,Rift Valley,Turkana,Kakuma 2,3248,3.75,34.82,cereals and tubers,Wheat flour,58,KG,aggregate,Retail,KES,80.0,0.62
2025-10-15,Rift Valley,Turkana,Kakuma 2,3248,3.75,34.82,"meat, fish and eggs",Meat (beef),141,KG,aggregate,Retail,KES,600.0,4.65
2025-10-15,Rift Valley,Turkana,Kakuma 2,3248,3.75,34.82,"meat, fish and eggs",Meat (goat),451,KG,aggregate,Retail,KES,650.0,5.03
2025-10-15,Rift Valley,Turkana,Kakuma 2,3248,3.75,34.82,milk and dairy,Milk (UHT),794,500 ML,aggregate,Retail,KES,75.0,0.58
2025-10-15,Rift Valley,Turkana,Kakuma 2,3248,3.75,34.82,miscellaneous food,Sugar,97,KG,aggregate,Retail,KES,160.0,1.24
2025-10-15,Rift Valley,Turkana,Kakuma 2,3248,3.75,34.82,oil and fats,Oil (vegetable),96,L,aggregate,Retail,KES,270.0,2.09
2025-10-15,Rift Valley,Turkana,Kakuma 2,3248,3.75,34.82,pulses and nuts,Beans (dry),262,KG,aggregate,Retail,KES,116.0,0.9
2025-10-15,Rift Valley,Turkana,Kakuma 2,3248,3.75,34.82,vegetables and fruits,Bananas,254,Unit,aggregate,Retail,KES,16.67,0.13
2025-10-15,Rift Valley,Turkana,Kakuma 3,3251,3.77,34.82,cereals and tubers,Maize,51,KG,aggregate,Retail,KES,55.0,0.43
2025-10-15,Rift Valley,Turkana,Kakuma 3,3251,3.77,34.82,cereals and tubers,Maize flour,76,KG,aggregate,Retail,KES,80.0,0.62
2025-10-15,Rift Valley,Turkana,Kakuma 3,3251,3.77,34.82,cereals and tubers,Potatoes (Irish),148,KG,aggregate,Retail,KES,80.0,0.62
2025-10-15,Rift Valley,Turkana,Kakuma 3,3251,3.77,34.82,cereals and tubers,Sorghum,65,KG,aggregate,Retail,KES,70.0,0.54
2025-10-15,Rift Valley,Turkana,Kakuma 3,3251,3.77,34.82,cereals and tubers,Wheat flour,58,KG,aggregate,Retail,KES,80.0,0.62
2025-10-15,Rift Valley,Turkana,Kakuma 3,3251,3.77,34.82,"meat, fish and eggs",Meat (beef),141,KG,aggregate,Retail,KES,550.0,4.26
2025-10-15,Rift Valley,Turkana,Kakuma 3,3251,3.77,34.82,"meat, fish and eggs",Meat (goat),451,KG,aggregate,Retail,KES,650.0,5.03
2025-10-15,Rift Valley,Turkana,Kakuma 3,3251,3.77,34.82,milk and dairy,Milk (UHT),794,500 ML,aggregate,Retail,KES,80.0,0.62
2025-10-15,Rift Valley,Turkana,Kakuma 3,3251,3.77,34.82,miscellaneous food,Sugar,97,KG,aggregate,Retail,KES,160.0,1.24
2025-10-15,Rift Valley,Turkana,Kakuma 3,3251,3.77,34.82,vegetables and fruits,Bananas,254,Unit,aggregate,Retail,KES,20.0,0.15
2025-10-15,Rift Valley,Turkana,Kakuma 4,3249,3.74,34.81,cereals and tubers,Maize,51,KG,aggregate,Retail,KES,65.0,0.5
2025-10-15,Rift Valley,Turkana,Kakuma 4,3249,3.74,34.81,cereals and tubers,Maize flour,76,KG,aggregate,Retail,KES,74.0,0.57
2025-10-15,Rift Valley,Turkana,Kakuma 4,3249,3.74,34.81,cereals and tubers,Potatoes (Irish),148,KG,aggregate,Retail,KES,94.0,0.73
2025-10-15,Rift Valley,Turkana,Kakuma 4,3249,3.74,34.81,cereals and tubers,Rice,52,KG,aggregate,Retail,KES,120.0,0.93
2025-10-15,Rift Valley,Turkana,Kakuma 4,3249,3.74,34.81,cereals and tubers,Wheat flour,58,KG,aggregate,Retail,KES,80.0,0.62
2025-10-15,Rift Valley,Turkana,Kakuma 4,3249,3.74,34.81,"meat, fish and eggs",Meat (beef),141,KG,aggregate,Retail,KES,700.0,5.42
2025-10-15,Rift Valley,Turkana,Kakuma 4,3249,3.74,34.81,"meat, fish and eggs",Meat (goat),451,KG,aggregate,Retail,KES,666.67,5.16
2025-10-15,Rift Valley,Turkana,Kakuma 4,3249,3.74,34.81,milk and dairy,Milk (UHT),794,500 ML,aggregate,Retail,KES,80.0,0.62
2025-10-15,Rift Valley,Turkana,Kakuma 4,3249,3.74,34.81,miscellaneous food,Salt,185,200 G,aggregate,Retail,KES,13.0,0.1
2025-10-15,Rift Valley,Turkana,Kakuma 4,3249,3.74,34.81,miscellaneous food,Sugar,97,KG,aggregate,Retail,KES,165.0,1.28
2025-10-15,Rift Valley,Turkana,Kakuma 4,3249,3.74,34.81,pulses and nuts,Beans (dry),262,KG,aggregate,Retail,KES,135.0,1.05
2025-10-15,Rift Valley,Turkana,Kalobeyei (Village 1),3244,3.77,34.73,cereals and tubers,Potatoes (Irish),148,KG,aggregate,Retail,KES,70.0,0.54
2025-10-15,Rift Valley,Turkana,Kalobeyei (Village 1),3244,3.77,34.73,"meat, fish and eggs",Meat (beef),141,KG,aggregate,Retail,KES,600.0,4.65
2025-10-15,Rift Valley,Turkana,Kalobeyei (Village 1),3244,3.77,34.73,"meat, fish and eggs",Meat (goat),451,KG,aggregate,Retail,KES,600.0,4.65
2025-10-15,Rift Valley,Turkana,Kalobeyei (Village 1),3244,3.77,34.73,milk and dairy,Milk (UHT),794,500 ML,aggregate,Retail,KES,80.0,0.62
2025-10-15,Rift Valley,Turkana,Kalobeyei (Village 1),3244,3.77,34.73,miscellaneous food,Salt,185,200 G,aggregate,Retail,KES,12.14,0.094
2025-10-15,Rift Valley,Turkana,Kalobeyei (Village 1),3244,3.77,34.73,miscellaneous food,Sugar,97,KG,aggregate,Retail,KES,160.0,1.24
2025-10-15,Rift Valley,Turkana,Kalobeyei (Village 1),3244,3.77,34.73,oil and fats,Oil (vegetable),96,L,aggregate,Retail,KES,271.43,2.1
2025-10-15,Rift Valley,Turkana,Mogadishu (Kakuma),3245,3.72,34.85,cereals and tubers,Maize,51,KG,aggregate,Retail,KES,60.0,0.46
2025-10-15,Rift Valley,Turkana,Mogadishu (Kakuma),3245,3.72,34.85,cereals and tubers,Potatoes (Irish),148,KG,aggregate,Retail,KES,70.0,0.54
2025-10-15,Rift Valley,Turkana,Mogadishu (Kakuma),3245,3.72,34.85,cereals and tubers,Wheat flour,58,KG,aggregate,Retail,KES,90.0,0.7
2025-10-15,Rift Valley,Turkana,Mogadishu (Kakuma),3245,3.72,34.85,miscellaneous food,Salt,185,200 G,aggregate,Retail,KES,15.0,0.12
2025-10-15,Rift Valley,Turkana,Mogadishu (Kakuma),3245,3.72,34.85,miscellaneous food,Sugar,97,KG,aggregate,Retail,KES,160.0,1.24
2025-11-15,North Eastern,Garissa,Dagahaley (Daadab),3252,0.19,40.29,cereals and tubers,Maize,51,KG,aggregate,Retail,KES,60.0,0.46
2025-11-15,North Eastern,Garissa,Dagahaley (Daadab),3252,0.19,40.29,cereals and tubers,Potatoes (Irish),148,KG,aggregate,Retail,KES,60.16,0.47
2025-11-15,North Eastern,Garissa,Dagahaley (Daadab),3252,0.19,40.29,cereals and tubers,Rice,52,KG,aggregate,Retail,KES,110.56,0.85
2025-11-15,North Eastern,Garissa,Dagahaley (Daadab),3252,0.19,40.29,cereals and tubers,Wheat flour,58,KG,aggregate,Retail,KES,99.65,0.77
2025-11-15,North Eastern,Garissa,Dagahaley (Daadab),3252,0.19,40.29,"meat, fish and eggs",Meat (camel),344,KG,aggregate,Retail,KES,766.67,5.93
2025-11-15,North Eastern,Garissa,Dagahaley (Daadab),3252,0.19,40.29,"meat, fish and eggs",Meat (goat),451,KG,aggregate,Retail,KES,881.25,6.81
2025-11-15,North Eastern,Garissa,Dagahaley (Daadab),3252,0.19,40.29,milk and dairy,Milk (UHT),794,500 ML,aggregate,Retail,KES,52.23,0.4
2025-11-15,North Eastern,Garissa,Dagahaley (Daadab),3252,0.19,40.29,milk and dairy,"Milk (cow, fresh)",439,L,aggregate,Retail,KES,208.0,1.61
2025-11-15,North Eastern,Garissa,Dagahaley (Daadab),3252,0.19,40.29,miscellaneous food,Salt,185,200 G,aggregate,Retail,KES,10.65,0.082
2025-11-15,North Eastern,Garissa,Dagahaley (Daadab),3252,0.19,40.29,miscellaneous food,Sugar,97,KG,aggregate,Retail,KES,119.15,0.92
2025-11-15,North Eastern,Garissa,Dagahaley (Daadab),3252,0.19,40.29,oil and fats,Oil (vegetable),96,L,aggregate,Retail,KES,247.52,1.91
2025-11-15,North Eastern,Garissa,Dagahaley (Daadab),3252,0.19,40.29,pulses and nuts,Beans (dry),262,KG,aggregate,Retail,KES,105.41,0.81
2025-11-15,North Eastern,Garissa,Dagahaley (Daadab),3252,0.19,40.29,vegetables and fruits,Bananas,254,Unit,aggregate,Retail,KES,10.0,0.077
2025-11-15,North Eastern,Garissa,Hagadera (Daadab),3254,0.01,40.37,cereals and tubers,Maize,51,KG,aggregate,Retail,KES,51.52,0.4
2025-11-15,North Eastern,Garissa,Hagadera (Daadab),3254,0.01,40.37,cereals and tubers,Maize flour,76,KG,aggregate,Retail,KES,93.25,0.72
2025-11-15,North Eastern,Garissa,Hagadera (Daadab),3254,0.01,40.37,cereals and tubers,Potatoes (Irish),148,KG,aggregate,Retail,KES,66.75,0.52
2025-11-15,North Eastern,Garissa,Hagadera (Daadab),3254,0.01,40.37,cereals and tubers,Rice,52,KG,aggregate,Retail,KES,111.97,0.87
2025-11-15,North Eastern,Garissa,Hagadera (Daadab),3254,0.01,40.37,cereals and tubers,Wheat flour,58,KG,aggregate,Retail,KES,97.06,0.75
2025-11-15,North Eastern,Garissa,Hagadera (Daadab),3254,0.01,40.37,"meat, fish and eggs",Meat (goat),451,KG,aggregate,Retail,KES,800.0,6.19
2025-11-15,North Eastern,Garissa,Hagadera (Daadab),3254,0.01,40.37,milk and dairy,"Milk (cow, fresh)",439,L,aggregate,Retail,KES,150.0,1.16
2025-11-15,North Eastern,Garissa,Hagadera (Daadab),3254,0.01,40.37,miscellaneous food,Salt,185,200 G,aggregate,Retail,KES,10.0,0.077
2025-11-15,North Eastern,Garissa,Hagadera (Daadab),3254,0.01,40.37,miscellaneous food,Sugar,97,KG,aggregate,Retail,KES,122.15,0.94
2025-11-15,North Eastern,Garissa,Hagadera (Daadab),3254,0.01,40.37,oil and fats,Oil (vegetable),96,L,aggregate,Retail,KES,251.69,1.95
2025-11-15,North Eastern,Garissa,Hagadera (Daadab),3254,0.01,40.37,pulses and nuts,Beans (dry),262,KG,aggregate,Retail,KES,119.26,0.92
2025-11-15,North Eastern,Garissa,IFO (Daadab),3255,0.11,40.32,cereals and tubers,Maize,51,KG,aggregate,Retail,KES,65.18,0.5
2025-11-15,North Eastern,Garissa,IFO (Daadab),3255,0.11,40.32,cereals and tubers,Maize flour,76,KG,aggregate,Retail,KES,101.28,0.78
2025-11-15,North Eastern,Garissa,IFO (Daadab),3255,0.11,40.32,cereals and tubers,Rice,52,KG,aggregate,Retail,KES,109.68,0.85
2025-11-15,North Eastern,Garissa,IFO (Daadab),3255,0.11,40.32,cereals and tubers,Wheat flour,58,KG,aggregate,Retail,KES,102.23,0.79
2025-11-15,North Eastern,Garissa,IFO (Daadab),3255,0.11,40.32,"meat, fish and eggs",Meat (camel),344,KG,aggregate,Retail,KES,638.59,4.94
2025-11-15,North Eastern,Garissa,IFO (Daadab),3255,0.11,40.32,"meat, fish and eggs",Meat (goat),451,KG,aggregate,Retail,KES,794.33,6.14
2025-11-15,North Eastern,Garissa,IFO (Daadab),3255,0.11,40.32,milk and dairy,Milk (UHT),794,500 ML,aggregate,Retail,KES,100.34,0.78
2025-11-15,North Eastern,Garissa,IFO (Daadab),3255,0.11,40.32,milk and dairy,"Milk (camel, fresh)",817,L,aggregate,Retail,KES,179.7,1.39
2025-11-15,North Eastern,Garissa,IFO (Daadab),3255,0.11,40.32,milk and dairy,"Milk (cow, fresh)",439,L,aggregate,Retail,KES,169.58,1.31
2025-11-15,North Eastern,Garissa,IFO (Daadab),3255,0.11,40.32,miscellaneous food,Salt,185,200 G,aggregate,Retail,KES,14.32,0.11
2025-11-15,North Eastern,Garissa,IFO (Daadab),3255,0.11,40.32,miscellaneous food,Sugar,97,KG,aggregate,Retail,KES,120.46,0.93
2025-11-15,North Eastern,Garissa,IFO (Daadab),3255,0.11,40.32,oil and fats,Oil (vegetable),96,L,aggregate,Retail,KES,264.68,2.05
2025-11-15,North Eastern,Garissa,IFO (Daadab),3255,0.11,40.32,pulses and nuts,Beans (dry),262,KG,aggregate,Retail,KES,117.41,0.91
2025-11-15,Rift Valley,Turkana,Ethiopia (Kakuma),3253,3.72,34.85,cereals and tubers,Maize flour,76,KG,aggregate,Retail,KES,80.56,0.62
2025-11-15,Rift Valley,Turkana,Ethiopia (Kakuma),3253,3.72,34.85,cereals and tubers,Potatoes (Irish),148,KG,aggregate,Retail,KES,76.57,0.59
2025-11-15,Rift Valley,Turkana,Ethiopia (Kakuma),3253,3.72,34.85,cereals and tubers,Sorghum,65,KG,aggregate,Retail,KES,80.0,0.62
2025-11-15,Rift Valley,Turkana,Ethiopia (Kakuma),3253,3.72,34.85,"meat, fish and eggs",Meat (beef),141,KG,aggregate,Retail,KES,700.0,5.41
2025-11-15,Rift Valley,Turkana,Ethiopia (Kakuma),3253,3.72,34.85,"meat, fish and eggs",Meat (goat),451,KG,aggregate,Retail,KES,688.89,5.33
2025-11-15,Rift Valley,Turkana,Ethiopia (Kakuma),3253,3.72,34.85,milk and dairy,Milk (UHT),794,500 ML,aggregate,Retail,KES,82.22,0.64
2025-11-15,Rift Valley,Turkana,Ethiopia (Kakuma),3253,3.72,34.85,milk and dairy,"Milk (camel, fresh)",817,L,aggregate,Retail,KES,200.0,1.55
2025-11-15,Rift Valley,Turkana,Ethiopia (Kakuma),3253,3.72,34.85,miscellaneous food,Salt,185,200 G,aggregate,Retail,KES,10.56,0.082
2025-11-15,Rift Valley,Turkana,Ethiopia (Kakuma),3253,3.72,34.85,miscellaneous food,Sugar,97,KG,aggregate,Retail,KES,165.37,1.28
2025-11-15,Rift Valley,Turkana,Ethiopia (Kakuma),3253,3.72,34.85,pulses and nuts,Beans (dry),262,KG,aggregate,Retail,KES,118.52,0.92
2025-11-15,Rift Valley,Turkana,Ethiopia (Kakuma),3253,3.72,34.85,vegetables and fruits,Bananas,254,Unit,aggregate,Retail,KES,20.0,0.15
2025-11-15,Rift Valley,Turkana,HongKong (Kakuma),3250,3.75,34.84,cereals and tubers,Maize,51,KG,aggregate,Retail,KES,53.33,0.41
2025-11-15,Rift Valley,Turkana,HongKong (Kakuma),3250,3.75,34.84,cereals and tubers,Maize flour,76,KG,aggregate,Retail,KES,82.69,0.64
2025-11-15,Rift Valley,Turkana,HongKong (Kakuma),3250,3.75,34.84,cereals and tubers,Sorghum,65,KG,aggregate,Retail,KES,80.0,0.62
2025-11-15,Rift Valley,Turkana,HongKong (Kakuma),3250,3.75,34.84,"meat, fish and eggs",Meat (beef),141,KG,aggregate,Retail,KES,661.11,5.11
2025-11-15,Rift Valley,Turkana,HongKong (Kakuma),3250,3.75,34.84,"meat, fish and eggs",Meat (goat),451,KG,aggregate,Retail,KES,700.0,5.41
2025-11-15,Rift Valley,Turkana,HongKong (Kakuma),3250,3.75,34.84,milk and dairy,Milk (UHT),794,500 ML,aggregate,Retail,KES,90.0,0.7
2025-11-15,Rift Valley,Turkana,HongKong (Kakuma),3250,3.75,34.84,miscellaneous food,Salt,185,200 G,aggregate,Retail,KES,14.03,0.11
2025-11-15,Rift Valley,Turkana,HongKong (Kakuma),3250,3.75,34.84,miscellaneous food,Sugar,97,KG,aggregate,Retail,KES,174.91,1.35
2025-11-15,Rift Valley,Turkana,HongKong (Kakuma),3250,3.75,34.84,oil and fats,Oil (vegetable),96,L,aggregate,Retail,KES,293.89,2.27
2025-11-15,Rift Valley,Turkana,HongKong (Kakuma),3250,3.75,34.84,pulses and nuts,Beans (dry),262,KG,aggregate,Retail,KES,149.72,1.16
2025-11-15,Rift Valley,Turkana,HongKong (Kakuma),3250,3.75,34.84,vegetables and fruits,Bananas,254,Unit,aggregate,Retail,KES,20.0,0.15
2025-11-15,Rift Valley,Turkana,Kakuma 2,3248,3.75,34.82,cereals and tubers,Maize,51,KG,aggregate,Retail,KES,52.59,0.41
2025-11-15,Rift Valley,Turkana,Kakuma 2,3248,3.75,34.82,cereals and tubers,Maize flour,76,KG,aggregate,Retail,KES,78.06,0.6
2025-11-15,Rift Valley,Turkana,Kakuma 2,3248,3.75,34.82,cereals and tubers,Potatoes (Irish),148,KG,aggregate,Retail,KES,74.33,0.57
2025-11-15,Rift Valley,Turkana,Kakuma 2,3248,3.75,34.82,cereals and tubers,Rice,52,KG,aggregate,Retail,KES,129.63,1.0
2025-11-15,Rift Valley,Turkana,Kakuma 2,3248,3.75,34.82,cereals and tubers,Sorghum,65,KG,aggregate,Retail,KES,130.0,1.01
2025-11-15,Rift Valley,Turkana,Kakuma 2,3248,3.75,34.82,"meat, fish and eggs",Meat (beef),141,KG,aggregate,Retail,KES,600.0,4.64
2025-11-15,Rift Valley,Turkana,Kakuma 2,3248,3.75,34.82,"meat, fish and eggs",Meat (goat),451,KG,aggregate,Retail,KES,688.89,5.33
2025-11-15,Rift Valley,Turkana,Kakuma 2,3248,3.75,34.82,milk and dairy,Milk (UHT),794,500 ML,aggregate,Retail,KES,76.3,0.59
2025-11-15,Rift Valley,Turkana,Kakuma 2,3248,3.75,34.82,miscellaneous food,Salt,185,200 G,aggregate,Retail,KES,12.19,0.094
2025-11-15,Rift Valley,Turkana,Kakuma 2,3248,3.75,34.82,miscellaneous food,Sugar,97,KG,aggregate,Retail,KES,157.41,1.22
2025-11-15,Rift Valley,Turkana,Kakuma 2,3248,3.75,34.82,oil and fats,Oil (vegetable),96,L,aggregate,Retail,KES,280.37,2.17
2025-11-15,Rift Valley,Turkana,Kakuma 2,3248,3.75,34.82,pulses and nuts,Beans (dry),262,KG,aggregate,Retail,KES,132.07,1.02
2025-11-15,Rift Valley,Turkana,Kakuma 2,3248,3.75,34.82,vegetables and fruits,Bananas,254,Unit,aggregate,Retail,KES,19.26,0.15
2025-11-15,Rift Valley,Turkana,Kakuma 3,3251,3.77,34.82,cereals and tubers,Maize,51,KG,aggregate,Retail,KES,55.0,0.43
2025-11-15,Rift Valley,Turkana,Kakuma 3,3251,3.77,34.82,cereals and tubers,Potatoes (Irish),148,KG,aggregate,Retail,KES,80.0,0.62
2025-11-15,Rift Valley,Turkana,Kakuma 3,3251,3.77,34.82,cereals and tubers,Sorghum,65,KG,aggregate,Retail,KES,89.44,0.69
2025-11-15,Rift Valley,Turkana,Kakuma 3,3251,3.77,34.82,cereals and tubers,Wheat flour,58,KG,aggregate,Retail,KES,87.78,0.68
2025-11-15,Rift Valley,Turkana,Kakuma 3,3251,3.77,34.82,"meat, fish and eggs",Meat (beef),141,KG,aggregate,Retail,KES,550.0,4.25
2025-11-15,Rift Valley,Turkana,Kakuma 3,3251,3.77,34.82,"meat, fish and eggs",Meat (camel),344,KG,aggregate,Retail,KES,500.0,3.87
2025-11-15,Rift Valley,Turkana,Kakuma 3,3251,3.77,34.82,"meat, fish and eggs",Meat (goat),451,KG,aggregate,Retail,KES,688.89,5.33
2025-11-15,Rift Valley,Turkana,Kakuma 3,3251,3.77,34.82,milk and dairy,Milk (UHT),794,500 ML,aggregate,Retail,KES,80.0,0.62
2025-11-15,Rift Valley,Turkana,Kakuma 3,3251,3.77,34.82,milk and dairy,"Milk (camel, fresh)",817,L,aggregate,Retail,KES,200.0,1.55
2025-11-15,Rift Valley,Turkana,Kakuma 3,3251,3.77,34.82,miscellaneous food,Salt,185,200 G,aggregate,Retail,KES,14.63,0.11
2025-11-15,Rift Valley,Turkana,Kakuma 3,3251,3.77,34.82,miscellaneous food,Sugar,97,KG,aggregate,Retail,KES,162.59,1.26
2025-11-15,Rift Valley,Turkana,Kakuma 4,3249,3.74,34.81,cereals and tubers,Maize,51,KG,aggregate,Retail,KES,58.52,0.45
2025-11-15,Rift Valley,Turkana,Kakuma 4,3249,3.74,34.81,cereals and tubers,Maize flour,76,KG,aggregate,Retail,KES,76.07,0.59
2025-11-15,Rift Valley,Turkana,Kakuma 4,3249,3.74,34.81,cereals and tubers,Rice,52,KG,aggregate,Retail,KES,120.0,0.93
2025-11-15,Rift Valley,Turkana,Kakuma 4,3249,3.74,34.81,"meat, fish and eggs",Meat (beef),141,KG,aggregate,Retail,KES,700.0,5.41
2025-11-15,Rift Valley,Turkana,Kakuma 4,3249,3.74,34.81,"meat, fish and eggs",Meat (goat),451,KG,aggregate,Retail,KES,673.15,5.2
2025-11-15,Rift Valley,Turkana,Kakuma 4,3249,3.74,34.81,milk and dairy,Milk (UHT),794,500 ML,aggregate,Retail,KES,85.19,0.66
2025-11-15,Rift Valley,Turkana,Kakuma 4,3249,3.74,34.81,miscellaneous food,Salt,185,200 G,aggregate,Retail,KES,14.56,0.11
2025-11-15,Rift Valley,Turkana,Kakuma 4,3249,3.74,34.81,miscellaneous food,Sugar,97,KG,aggregate,Retail,KES,171.48,1.33
2025-11-15,Rift Valley,Turkana,Kakuma 4,3249,3.74,34.81,oil and fats,Oil (vegetable),96,L,aggregate,Retail,KES,298.89,2.31
2025-11-15,Rift Valley,Turkana,Kakuma 4,3249,3.74,34.81,pulses and nuts,Beans (dry),262,KG,aggregate,Retail,KES,123.33,0.95
2025-11-15,Rift Valley,Turkana,Kakuma 4,3249,3.74,34.81,vegetables and fruits,Bananas,254,Unit,aggregate,Retail,KES,19.63,0.15
2025-11-15,Rift Valley,Turkana,Kalobeyei (Village 1),3244,3.77,34.73,cereals and tubers,Potatoes (Irish),148,KG,aggregate,Retail,KES,77.78,0.6
2025-11-15,Rift Valley,Turkana,Kalobeyei (Village 1),3244,3.77,34.73,cereals and tubers,Rice,52,KG,aggregate,Retail,KES,112.28,0.87
2025-11-15,Rift Valley,Turkana,Kalobeyei (Village 1),3244,3.77,34.73,cereals and tubers,Sorghum,65,KG,aggregate,Retail,KES,75.56,0.58
2025-11-15,Rift Valley,Turkana,Kalobeyei (Village 1),3244,3.77,34.73,cereals and tubers,Wheat flour,58,KG,aggregate,Retail,KES,88.73,0.69
2025-11-15,Rift Valley,Turkana,Kalobeyei (Village 1),3244,3.77,34.73,"meat, fish and eggs",Meat (goat),451,KG,aggregate,Retail,KES,600.0,4.64
2025-11-15,Rift Valley,Turkana,Kalobeyei (Village 1),3244,3.77,34.73,milk and dairy,Milk (UHT),794,500 ML,aggregate,Retail,KES,80.0,0.62
2025-11-15,Rift Valley,Turkana,Kalobeyei (Village 1),3244,3.77,34.73,miscellaneous food,Salt,185,200 G,aggregate,Retail,KES,13.07,0.1
2025-11-15,Rift Valley,Turkana,Kalobeyei (Village 1),3244,3.77,34.73,miscellaneous food,Sugar,97,KG,aggregate,Retail,KES,157.41,1.22
2025-11-15,Rift Valley,Turkana,Kalobeyei (Village 1),3244,3.77,34.73,pulses and nuts,Beans (dry),262,KG,aggregate,Retail,KES,123.97,0.96
2025-11-15,Rift Valley,Turkana,Kalobeyei (Village 1),3244,3.77,34.73,vegetables and fruits,Bananas,254,Unit,aggregate,Retail,KES,20.0,0.15
2025-11-15,Rift Valley,Turkana,Kalobeyei (Village 2),3246,3.76,34.75,cereals and tubers,Maize,51,KG,aggregate,Retail,KES,65.0,0.5
2025-11-15,Rift Valley,Turkana,Kalobeyei (Village 2),3246,3.76,34.75,cereals and tubers,Maize flour,76,KG,aggregate,Retail,KES,80.0,0.62
2025-11-15,Rift Valley,Turkana,Kalobeyei (Village 2),3246,3.76,34.75,cereals and tubers,Rice,52,KG,aggregate,Retail,KES,100.0,0.77
2025-11-15,Rift Valley,Turkana,Kalobeyei (Village 2),3246,3.76,34.75,cereals and tubers,Sorghum,65,KG,aggregate,Retail,KES,80.0,0.62
2025-11-15,Rift Valley,Turkana,Kalobeyei (Village 2),3246,3.76,34.75,"meat, fish and eggs",Meat (goat),451,KG,aggregate,Retail,KES,650.0,5.03
2025-11-15,Rift Valley,Turkana,Kalobeyei (Village 2),3246,3.76,34.75,milk and dairy,Milk (UHT),794,500 ML,aggregate,Retail,KES,80.0,0.62
2025-11-15,Rift Valley,Turkana,Kalobeyei (Village 2),3246,3.76,34.75,miscellaneous food,Salt,185,200 G,aggregate,Retail,KES,10.0,0.077
2025-11-15,Rift Valley,Turkana,Kalobeyei (Village 2),3246,3.76,34.75,miscellaneous food,Sugar,97,KG,aggregate,Retail,KES,155.0,1.2
2025-11-15,Rift Valley,Turkana,Kalobeyei (Village 2),3246,3.76,34.75,oil and fats,Oil (vegetable),96,L,aggregate,Retail,KES,250.0,1.93
2025-11-15,Rift Valley,Turkana,Kalobeyei (Village 2),3246,3.76,34.75,pulses and nuts,Beans (dry),262,KG,aggregate,Retail,KES,120.0,0.93
2025-11-15,Rift Valley,Turkana,Kalobeyei (Village 3),3247,3.75,34.76,cereals and tubers,Maize,51,KG,aggregate,Retail,KES,60.0,0.46
2025-11-15,Rift Valley,Turkana,Kalobeyei (Village 3),3247,3.75,34.76,cereals and tubers,Maize flour,76,KG,aggregate,Retail,KES,80.0,0.62
2025-11-15,Rift Valley,Turkana,Kalobeyei (Village 3),3247,3.75,34.76,cereals and tubers,Wheat flour,58,KG,aggregate,Retail,KES,90.0,0.7
2025-11-15,Rift Valley,Turkana,Kalobeyei (Village 3),3247,3.75,34.76,"meat, fish and eggs",Meat (beef),141,KG,aggregate,Retail,KES,500.0,3.87
2025-11-15,Rift Valley,Turkana,Kalobeyei (Village 3),3247,3.75,34.76,milk and dairy,Milk (UHT),794,500 ML,aggregate,Retail,KES,80.0,0.62
2025-11-15,Rift Valley,Turkana,Kalobeyei (Village 3),3247,3.75,34.76,miscellaneous food,Salt,185,200 G,aggregate,Retail,KES,12.5,0.097
2025-11-15,Rift Valley,Turkana,Kalobeyei (Village 3),3247,3.75,34.76,miscellaneous food,Sugar,97,KG,aggregate,Retail,KES,160.0,1.24
2025-11-15,Rift Valley,Turkana,Kalobeyei (Village 3),3247,3.75,34.76,oil and fats,Oil (vegetable),96,L,aggregate,Retail,KES,300.0,2.32
2025-11-15,Rift Valley,Turkana,Mogadishu (Kakuma),3245,3.72,34.85,cereals and tubers,Maize,51,KG,aggregate,Retail,KES,62.59,0.48
2025-11-15,Rift Valley,Turkana,Mogadishu (Kakuma),3245,3.72,34.85,cereals and tubers,Potatoes (Irish),148,KG,aggregate,Retail,KES,77.78,0.6
2025-11-15,Rift Valley,Turkana,Mogadishu (Kakuma),3245,3.72,34.85,cereals and tubers,Sorghum,65,KG,aggregate,Retail,KES,90.0,0.7
2025-11-15,Rift Valley,Turkana,Mogadishu (Kakuma),3245,3.72,34.85,cereals and tubers,Wheat flour,58,KG,aggregate,Retail,KES,90.0,0.7
2025-11-15,Rift Valley,Turkana,Mogadishu (Kakuma),3245,3.72,34.85,"meat, fish and eggs",Meat (goat),451,KG,aggregate,Retail,KES,650.0,5.03
2025-11-15,Rift Valley,Turkana,Mogadishu (Kakuma),3245,3.72,34.85,milk and dairy,Milk (UHT),794,500 ML,aggregate,Retail,KES,80.0,0.62
2025-11-15,Rift Valley,Turkana,Mogadishu (Kakuma),3245,3.72,34.85,milk and dairy,"Milk (camel, fresh)",817,L,aggregate,Retail,KES,200.0,1.55
2025-11-15,Rift Valley,Turkana,Mogadishu (Kakuma),3245,3.72,34.85,miscellaneous food,Salt,185,200 G,aggregate,Retail,KES,12.08,0.093
2025-11-15,Rift Valley,Turkana,Mogadishu (Kakuma),3245,3.72,34.85,miscellaneous food,Sugar,97,KG,aggregate,Retail,KES,169.72,1.31
2025-11-15,Rift Valley,Turkana,Mogadishu (Kakuma),3245,3.72,34.85,oil and fats,Oil (vegetable),96,L,aggregate,Retail,KES,290.28,2.24
2025-12-15,North Eastern,Garissa,Dagahaley (Daadab),3252,0.19,40.29,cereals and tubers,Maize flour,76,KG,aggregate,Retail,KES,90.0,0.7
2025-12-15,North Eastern,Garissa,Dagahaley (Daadab),3252,0.19,40.29,cereals and tubers,Rice,52,KG,aggregate,Retail,KES,100.0,0.78
2025-12-15,North Eastern,Garissa,Dagahaley (Daadab),3252,0.19,40.29,oil and fats,Oil (vegetable),96,L,aggregate,Retail,KES,240.0,1.86
2025-12-15,North Eastern,Garissa,Dagahaley (Daadab),3252,0.19,40.29,pulses and nuts,Beans (dry),262,KG,aggregate,Retail,KES,110.0,0.85
2025-12-15,North Eastern,Garissa,IFO (Daadab),3255,0.11,40.32,cereals and tubers,Maize flour,76,KG,aggregate,Retail,KES,100.0,0.78
2025-12-15,North Eastern,Garissa,IFO (Daadab),3255,0.11,40.32,cereals and tubers,Rice,52,KG,aggregate,Retail,KES,117.14,0.91
2025-12-15,North Eastern,Garissa,IFO (Daadab),3255,0.11,40.32,"meat, fish and eggs",Meat (camel),344,KG,aggregate,Retail,KES,750.0,5.81
2025-12-15,North Eastern,Garissa,IFO (Daadab),3255,0.11,40.32,"meat, fish and eggs",Meat (goat),451,KG,aggregate,Retail,KES,850.0,6.59
2025-12-15,North Eastern,Garissa,IFO (Daadab),3255,0.11,40.32,oil and fats,Oil (vegetable),96,L,aggregate,Retail,KES,248.57,1.93
2025-12-15,North Eastern,Garissa,IFO (Daadab),3255,0.11,40.32,pulses and nuts,Beans (dry),262,KG,aggregate,Retail,KES,111.43,0.86
2026-01-15,North Eastern,Garissa,Dagahaley (Daadab),3252,0.19,40.29,cereals and tubers,Maize flour,76,KG,aggregate,Retail,KES,98.4,0.76
2026-01-15,North Eastern,Garissa,Dagahaley (Daadab),3252,0.19,40.29,cereals and tubers,Potatoes (Irish),148,KG,aggregate,Retail,KES,64.12,0.5
2026-01-15,North Eastern,Garissa,Dagahaley (Daadab),3252,0.19,40.29,cereals and tubers,Rice,52,KG,aggregate,Retail,KES,111.52,0.86
2026-01-15,North Eastern,Garissa,Dagahaley (Daadab),3252,0.19,40.29,cereals and tubers,Wheat flour,58,KG,aggregate,Retail,KES,100.0,0.78
2026-01-15,North Eastern,Garissa,Dagahaley (Daadab),3252,0.19,40.29,"meat, fish and eggs",Meat (camel),344,KG,aggregate,Retail,KES,800.0,6.2
2026-01-15,North Eastern,Garissa,Dagahaley (Daadab),3252,0.19,40.29,milk and dairy,Milk (UHT),794,500 ML,aggregate,Retail,KES,50.87,0.39
2026-01-15,North Eastern,Garissa,Dagahaley (Daadab),3252,0.19,40.29,milk and dairy,"Milk (cow, fresh)",439,L,aggregate,Retail,KES,180.0,1.4
2026-01-15,North Eastern,Garissa,Dagahaley (Daadab),3252,0.19,40.29,miscellaneous food,Salt,185,200 G,aggregate,Retail,KES,10.6,0.082
2026-01-15,North Eastern,Garissa,Dagahaley (Daadab),3252,0.19,40.29,miscellaneous food,Sugar,97,KG,aggregate,Retail,KES,116.6,0.9
2026-01-15,North Eastern,Garissa,Dagahaley (Daadab),3252,0.19,40.29,oil and fats,Oil (vegetable),96,L,aggregate,Retail,KES,248.4,1.93
2026-01-15,North Eastern,Garissa,Dagahaley (Daadab),3252,0.19,40.29,pulses and nuts,Beans (dry),262,KG,aggregate,Retail,KES,112.56,0.87
2026-01-15,North Eastern,Garissa,Dagahaley (Daadab),3252,0.19,40.29,vegetables and fruits,Bananas,254,Unit,aggregate,Retail,KES,10.0,0.078
2026-01-15,North Eastern,Garissa,Hagadera (Daadab),3254,0.01,40.37,cereals and tubers,Maize,51,KG,aggregate,Retail,KES,60.0,0.47
2026-01-15,North Eastern,Garissa,Hagadera (Daadab),3254,0.01,40.37,cereals and tubers,Maize flour,76,KG,aggregate,Retail,KES,94.22,0.73
2026-01-15,North Eastern,Garissa,Hagadera (Daadab),3254,0.01,40.37,cereals and tubers,Potatoes (Irish),148,KG,aggregate,Retail,KES,72.5,0.56
2026-01-15,North Eastern,Garissa,Hagadera (Daadab),3254,0.01,40.37,cereals and tubers,Rice,52,KG,aggregate,Retail,KES,100.67,0.78
2026-01-15,North Eastern,Garissa,Hagadera (Daadab),3254,0.01,40.37,cereals and tubers,Wheat flour,58,KG,aggregate,Retail,KES,98.11,0.76
2026-01-15,North Eastern,Garissa,Hagadera (Daadab),3254,0.01,40.37,"meat, fish and eggs",Meat (camel),344,KG,aggregate,Retail,KES,600.0,4.65
2026-01-15,North Eastern,Garissa,Hagadera (Daadab),3254,0.01,40.37,"meat, fish and eggs",Meat (goat),451,KG,aggregate,Retail,KES,800.0,6.2
2026-01-15,North Eastern,Garissa,Hagadera (Daadab),3254,0.01,40.37,miscellaneous food,Salt,185,200 G,aggregate,Retail,KES,14.11,0.11
2026-01-15,North Eastern,Garissa,Hagadera (Daadab),3254,0.01,40.37,miscellaneous food,Sugar,97,KG,aggregate,Retail,KES,111.0,0.86
2026-01-15,North Eastern,Garissa,Hagadera (Daadab),3254,0.01,40.37,oil and fats,Oil (vegetable),96,L,aggregate,Retail,KES,259.89,2.02
2026-01-15,North Eastern,Garissa,Hagadera (Daadab),3254,0.01,40.37,pulses and nuts,Beans (dry),262,KG,aggregate,Retail,KES,120.11,0.93
2026-01-15,North Eastern,Garissa,IFO (Daadab),3255,0.11,40.32,cereals and tubers,Maize,51,KG,aggregate,Retail,KES,66.46,0.52
2026-01-15,North Eastern,Garissa,IFO (Daadab),3255,0.11,40.32,cereals and tubers,Maize flour,76,KG,aggregate,Retail,KES,100.0,0.78
2026-01-15,North Eastern,Garissa,IFO (Daadab),3255,0.11,40.32,cereals and tubers,Potatoes (Irish),148,KG,aggregate,Retail,KES,61.95,0.48
2026-01-15,North Eastern,Garissa,IFO (Daadab),3255,0.11,40.32,"meat, fish and eggs",Meat (camel),344,KG,aggregate,Retail,KES,743.52,5.77
2026-01-15,North Eastern,Garissa,IFO (Daadab),3255,0.11,40.32,"meat, fish and eggs",Meat (goat),451,KG,aggregate,Retail,KES,841.57,6.53
2026-01-15,North Eastern,Garissa,IFO (Daadab),3255,0.11,40.32,milk and dairy,"Milk (camel, fresh)",817,L,aggregate,Retail,KES,219.44,1.7
2026-01-15,North Eastern,Garissa,IFO (Daadab),3255,0.11,40.32,miscellaneous food,Salt,185,200 G,aggregate,Retail,KES,13.79,0.11
2026-01-15,North Eastern,Garissa,IFO (Daadab),3255,0.11,40.32,miscellaneous food,Sugar,97,KG,aggregate,Retail,KES,119.57,0.93
2026-01-15,North Eastern,Garissa,IFO (Daadab),3255,0.11,40.32,oil and fats,Oil (vegetable),96,L,aggregate,Retail,KES,248.2,1.92
2026-01-15,North Eastern,Garissa,IFO (Daadab),3255,0.11,40.32,pulses and nuts,Beans (dry),262,KG,aggregate,Retail,KES,114.94,0.89
2026-02-15,North Eastern,Garissa,Dagahaley (Daadab),3252,0.19,40.29,cereals and tubers,Maize flour,76,KG,aggregate,Retail,KES,96.01,0.74
2026-02-15,North Eastern,Garissa,Dagahaley (Daadab),3252,0.19,40.29,cereals and tubers,Potatoes (Irish),148,KG,aggregate,Retail,KES,69.5,0.54
2026-02-15,North Eastern,Garissa,Dagahaley (Daadab),3252,0.19,40.29,cereals and tubers,Wheat flour,58,KG,aggregate,Retail,KES,100.0,0.78
2026-02-15,North Eastern,Garissa,Dagahaley (Daadab),3252,0.19,40.29,"meat, fish and eggs",Meat (goat),451,KG,aggregate,Retail,KES,767.5,5.95
2026-02-15,North Eastern,Garissa,Dagahaley (Daadab),3252,0.19,40.29,milk and dairy,"Milk (camel, fresh)",817,L,aggregate,Retail,KES,180.0,1.4
2026-02-15,North Eastern,Garissa,Dagahaley (Daadab),3252,0.19,40.29,miscellaneous food,Salt,185,200 G,aggregate,Retail,KES,10.0,0.078
2026-02-15,North Eastern,Garissa,Dagahaley (Daadab),3252,0.19,40.29,miscellaneous food,Sugar,97,KG,aggregate,Retail,KES,116.6,0.9
2026-02-15,North Eastern,Garissa,Dagahaley (Daadab),3252,0.19,40.29,pulses and nuts,Beans (dry),262,KG,aggregate,Retail,KES,114.87,0.89
2026-02-15,North Eastern,Garissa,Dagahaley (Daadab),3252,0.19,40.29,vegetables and fruits,Bananas,254,Unit,aggregate,Retail,KES,10.0,0.078
2026-02-15,North Eastern,Garissa,Hagadera (Daadab),3254,0.01,40.37,cereals and tubers,Potatoes (Irish),148,KG,aggregate,Retail,KES,71.67,0.56
2026-02-15,North Eastern,Garissa,Hagadera (Daadab),3254,0.01,40.37,cereals and tubers,Rice,52,KG,aggregate,Retail,KES,100.24,0.78
2026-02-15,North Eastern,Garissa,Hagadera (Daadab),3254,0.01,40.37,cereals and tubers,Wheat flour,58,KG,aggregate,Retail,KES,97.01,0.75
2026-02-15,North Eastern,Garissa,Hagadera (Daadab),3254,0.01,40.37,"meat, fish and eggs",Meat (goat),451,KG,aggregate,Retail,KES,793.52,6.15
2026-02-15,North Eastern,Garissa,Hagadera (Daadab),3254,0.01,40.37,miscellaneous food,Salt,185,200 G,aggregate,Retail,KES,11.86,0.092
2026-02-15,North Eastern,Garissa,Hagadera (Daadab),3254,0.01,40.37,miscellaneous food,Sugar,97,KG,aggregate,Retail,KES,111.08,0.86
2026-02-15,North Eastern,Garissa,Hagadera (Daadab),3254,0.01,40.37,pulses and nuts,Beans (dry),262,KG,aggregate,Retail,KES,119.16,0.92
2026-02-15,North Eastern,Garissa,IFO (Daadab),3255,0.11,40.32,cereals and tubers,Maize flour,76,KG,aggregate,Retail,KES,97.9,0.76
2026-02-15,North Eastern,Garissa,IFO (Daadab),3255,0.11,40.32,cereals and tubers,Potatoes (Irish),148,KG,aggregate,Retail,KES,71.07,0.55
2026-02-15,North Eastern,Garissa,IFO (Daadab),3255,0.11,40.32,cereals and tubers,Rice,52,KG,aggregate,Retail,KES,119.52,0.93
2026-02-15,North Eastern,Garissa,IFO (Daadab),3255,0.11,40.32,"meat, fish and eggs",Meat (camel),344,KG,aggregate,Retail,KES,761.05,5.9
2026-02-15,North Eastern,Garissa,IFO (Daadab),3255,0.11,40.32,"meat, fish and eggs",Meat (goat),451,KG,aggregate,Retail,KES,847.69,6.57
2026-02-15,North Eastern,Garissa,IFO (Daadab),3255,0.11,40.32,milk and dairy,"Milk (camel, fresh)",817,L,aggregate,Retail,KES,203.7,1.58
2026-02-15,North Eastern,Garissa,IFO (Daadab),3255,0.11,40.32,miscellaneous food,Salt,185,200 G,aggregate,Retail,KES,13.88,0.11
2026-02-15,North Eastern,Garissa,IFO (Daadab),3255,0.11,40.32,oil and fats,Oil (vegetable),96,L,aggregate,Retail,KES,247.6,1.92
2026-02-15,North Eastern,Garissa,IFO (Daadab),3255,0.11,40.32,pulses and nuts,Beans (dry),262,KG,aggregate,Retail,KES,120.75,0.94
2026-02-15,North Eastern,Garissa,IFO (Daadab),3255,0.11,40.32,vegetables and fruits,Bananas,254,Unit,aggregate,Retail,KES,10.0,0.078
2026-03-15,North Eastern,Garissa,Dagahaley (Daadab),3252,0.19,40.29,cereals and tubers,Potatoes (Irish),148,KG,aggregate,Retail,KES,70.0,0.54
2026-03-15,North Eastern,Garissa,Dagahaley (Daadab),3252,0.19,40.29,"meat, fish and eggs",Meat (camel),344,KG,aggregate,Retail,KES,650.0,5.03
2026-03-15,North Eastern,Garissa,Dagahaley (Daadab),3252,0.19,40.29,"meat, fish and eggs",Meat (goat),451,KG,aggregate,Retail,KES,750.0,5.8
2026-03-15,North Eastern,Garissa,Dagahaley (Daadab),3252,0.19,40.29,milk and dairy,"Milk (cow, fresh)",439,L,aggregate,Retail,KES,180.0,1.39
2026-03-15,North Eastern,Garissa,Dagahaley (Daadab),3252,0.19,40.29,miscellaneous food,Salt,185,200 G,aggregate,Retail,KES,10.0,0.077
2026-03-15,North Eastern,Garissa,Dagahaley (Daadab),3252,0.19,40.29,miscellaneous food,Sugar,97,KG,aggregate,Retail,KES,101.0,0.78
2026-03-15,North Eastern,Garissa,Hagadera (Daadab),3254,0.01,40.37,cereals and tubers,Maize flour,76,KG,aggregate,Retail,KES,90.0,0.7
2026-03-15,North Eastern,Garissa,Hagadera (Daadab),3254,0.01,40.37,cereals and tubers,Rice,52,KG,aggregate,Retail,KES,100.0,0.77
2026-03-15,North Eastern,Garissa,Hagadera (Daadab),3254,0.01,40.37,"meat, fish and eggs",Meat (camel),344,KG,aggregate,Retail,KES,600.0,4.64
2026-03-15,North Eastern,Garissa,Hagadera (Daadab),3254,0.01,40.37,"meat, fish and eggs",Meat (goat),451,KG,aggregate,Retail,KES,800.0,6.19
2026-03-15,North Eastern,Garissa,Hagadera (Daadab),3254,0.01,40.37,miscellaneous food,Salt,185,200 G,aggregate,Retail,KES,11.88,0.092
2026-03-15,North Eastern,Garissa,Hagadera (Daadab),3254,0.01,40.37,oil and fats,Oil (vegetable),96,L,aggregate,Retail,KES,250.0,1.93
2026-03-15,North Eastern,Garissa,Hagadera (Daadab),3254,0.01,40.37,pulses and nuts,Beans (dry),262,KG,aggregate,Retail,KES,120.0,0.93
2026-03-15,North Eastern,Garissa,IFO (Daadab),3255,0.11,40.32,cereals and tubers,Maize,51,KG,aggregate,Retail,KES,70.0,0.54
2026-03-15,North Eastern,Garissa,IFO (Daadab),3255,0.11,40.32,cereals and tubers,Rice,52,KG,aggregate,Retail,KES,122.22,0.95
2026-03-15,North Eastern,Garissa,IFO (Daadab),3255,0.11,40.32,"meat, fish and eggs",Meat (goat),451,KG,aggregate,Retail,KES,825.0,6.38
2026-03-15,North Eastern,Garissa,IFO (Daadab),3255,0.11,40.32,milk and dairy,"Milk (camel, fresh)",817,L,aggregate,Retail,KES,205.0,1.59
2026-03-15,North Eastern,Garissa,IFO (Daadab),3255,0.11,40.32,miscellaneous food,Salt,185,200 G,aggregate,Retail,KES,15.0,0.12
2026-03-15,North Eastern,Garissa,IFO (Daadab),3255,0.11,40.32,miscellaneous food,Sugar,97,KG,aggregate,Retail,KES,120.0,0.93
2026-03-15,North Eastern,Garissa,IFO (Daadab),3255,0.11,40.32,oil and fats,Oil (vegetable),96,L,aggregate,Retail,KES,247.78,1.92
2026-03-15,North Eastern,Garissa,IFO (Daadab),3255,0.11,40.32,pulses and nuts,Beans (dry),262,KG,aggregate,Retail,KES,118.33,0.92
